ingredient_id,display_name,source_count,top_similarity,Energy,Carbohydrate,"Sugars, Total",Fiber,Total Sugars,Fiber (AOAC 2011.25),Total fat,Cholesterol,"Fatty acids, total saturated",DHA,EPA,ALA,Protein,"Vitamin A, RAE",Vitamin E,Vitamin D (D2 + D3),Vitamin C,Thiamin,Riboflavin,Niacin,Pantothenic acid,Vitamin B-6,"Folate, total",Vitamin B-12,Choline,Vitamin K2 MK-4,Vitamin K1,Vitamin A,Calcium,Iron,Magnesium,Phosphorus,Potassium,Sodium,Zinc,Copper,Iodine,Manganese,Molybdenum,Selenium
abalone,Abalone,2,0.9999997615814209,141.0,6.734999999999999,,0.0,0.0,,3.44,95.5,0.513,0.0,0.055,,19.17,2.0,4.975,0.0,2.0,0.1955,0.109,1.635,3.0,0.159,5.0,0.75,72.85,,28.4,,35.0,3.58,54.0,213.0,280.0,437.5,0.9199999999999999,0.2195,,0.04,,50.2
abalone_mushroom,Abalone Mushroom,5,0.8983193635940552,77.26393,6.50625,,1.1300000000000001,1.3675,,1.6475000000000002,47.75,0.2565,0.0,0.055,,9.26575,2.0,4.975,0.01015,2.05,0.15366666666666667,0.24045,3.007,3.0,0.13896,24.38,0.75,72.85,,28.4,60.0,17.4,1.81162,40.63666666666666,170.74666666666667,296.71999999999997,252.22560000000004,0.8414333333333333,0.1818,,0.06277,,27.444750000000003
absinthe,Absinthe,5,0.7104448676109314,123.6,6.6899999999999995,,0.0,3.3624999999999994,,2.77,0.75,1.9225,0.0,0.0,,3.076,0.0,0.0,0.0,0.0,0.0,0.0,2.0,0.0,0.0,0.0,0.0,0.0,,0.0,,35.25,2.3074999999999997,1.0,4.0,2.0,102.8,0.01,0.006000000000000001,,0.055,,0.5
acacia,Acacia,1,0.7186517715454102,142.0,0.0,,0.0,0.0,,3.01,74.0,0.923,0.0,0.0,,26.88,0.0,0.34,0.0,0.0,0.089,0.605,3.919,,0.0,5.0,1.18,105.6,,1.2,,17.0,3.7,0.0,199.0,402.0,392.0,5.23,0.301,,,,11.7
acai,Acai,5,0.7981407642364502,201.2,26.01,,6.58,7.998,,13.803999999999998,2.2,2.694,0.0,0.0,,5.7780000000000005,485.0,11.11,0.0,17.96666666666667,0.015,0.398,28.695500000000003,1.4304999999999999,3.079,4.0,8.7125,0.0,,16.7,,84.4,4.512,48.0,282.0,205.75,114.4,0.11,0.3715,,,,0.0
acerola,Acerola,4,0.8280323147773743,27.51338432122371,6.245,,0.7000000000000001,4.5,,0.3,0.0,0.068,0.0,0.0,,0.4,31.5,0.18,,1638.8000000000002,0.02,0.06,0.4,0.257,0.006500000000000001,14.0,0.0,,,1.4,,11.0,0.35,15.0,10.0,121.5,5.0,0.1,0.086,,,,0.35
achiote_paste,Achiote Paste,5,0.8174999356269836,249.2,43.374,,5.32,29.694000000000006,,6.795999999999999,0.0,0.9182,0.001,0.003,,3.7099999999999995,0.0,3.91,0.0,17.400000000000002,0.05,0.07,0.16,,0.05,10.0,0.0,2.3,,3.5,218.0,33.4,1.216,21.0,26.0,417.0,787.8,0.61,0.055,,,,2.2
acorn,Acorn,2,0.8051743507385254,71.78125,9.850000000000001,,1.6675,0.34,,1.8262500000000002,20.0,1.28,0.0,0.0,,4.029999999999999,0.0,0.3,,0.0,0.175,0.125,2.14,0.212,0.055,33.0,0.68,,0.9,0.0,,19.41,0.6539,17.875,52.019999999999996,221.05,65.0,0.94675,0.058425,,0.16355,,8.3
acorn_squash,Acorn Squash,5,0.7744418978691101,48.66202405353728,8.703489999999999,,1.7117999999999998,2.3125,,0.8734999999999999,5.0,0.3655,0.0,0.0,,2.38175,140.5,0.41,0.0,8.075,0.08125,0.08424999999999999,0.935,0.26666666666666666,0.10650000000000001,22.25,0.17,10.0,0.9,0.875,,19.747999999999998,0.59858,14.39,35.306,289.82,28.4,0.4906,0.07306,,0.139345,,2.3750000000000004
activated_charcoal_powder,Activated Charcoal Powder,5,0.7347068190574646,330.6666666666667,42.214,,14.833333333333334,24.29,,2.626,86.0,1.0346666666666666,0.0,0.0,0.098,12.706,,6.0,,36.96,0.006,0.2828,5.8794,1.151,0.6592,103.0,1.085,15.0,,24.75,,304.6666666666667,2.3760000000000003,33.2,143.0,987.0,174.66666666666666,8.164000000000001,0.2155,72.5,0.5,,31.6
adjika,Adjika,1,0.6506077647209167,198.0,27.47,,4.4,0.0,,7.69,0.0,5.49,,,,4.4,,,,1.3,0.0,0.112,1.319,,0.132,44.0,,,,,,22.0,1.98,44.0,,148.0,297.0,,0.22,,1.0,,
adobo_sauce,Adobo Sauce,5,0.9486610889434814,200.8,14.068000000000001,,4.119999999999999,4.0120000000000005,,12.453999999999999,29.4,2.3458,0.0,0.0,,8.25,4.0,0.20500000000000002,0.2333333333333333,0.0,0.217,0.2085,3.324,,0.23299999999999998,12.0,0.435,58.150000000000006,,0.0,,20.0,2.386,19.5,155.0,401.5,866.4,2.465,0.0905,,,,23.85
adobo_seasoning,Adobo Seasoning,5,1.0,0.0,0.0,,0.0,20.0,,0.0,0.0,0.0,,,,0.0,,,0.0,30.0,,,,,,,,,,,0.0,1200.0,7.2,,,100.0,22800.0,,,,,,
advocaat,Advocaat,1,0.6811142563819885,263.0,50.88,,1.8,0.0,,3.51,0.0,0.0,,,,8.77,,,,,0.0,0.281,,,,,,,,,,18.0,2.98,,,70.0,561.0,,,,,,
agar,Agar,2,0.745351254940033,166.0,43.815,,4.1,1.625,,0.16499999999999998,0.0,0.0335,0.0,0.0475,,3.375,0.0,2.935,0.0,0.0,0.0075,0.122,0.1285,1.66,0.16749999999999998,332.5,0.0,34.65,,13.35,,339.5,11.629999999999999,418.5,28.5,675.5,55.5,3.19,0.3355,,2.3365,,4.05
agati_flower,Agati Flower,2,0.7191278338432312,357.0,72.32,,3.6,3.57,,1.79,0.0,0.0,,,,12.5,,,0.0,0.0,1.0,0.3795,6.25,,,178.5,,,,,,0.0,2.41,,,209.0,9.0,,,,,,
agave_syrup,Agave Syrup,5,0.9188113808631897,333.4,82.394,,1.4600000000000002,74.152,,0.27,0.0,0.0,0.0,0.0,,0.054000000000000006,8.0,0.98,0.0,17.0,0.122,0.165,0.689,,0.234,30.0,0.0,13.300000000000002,,22.5,,0.6,0.054000000000000006,1.0,1.0,2.4,2.4,0.01,0.009,,0.005,,1.7
aguardiente,Aguardiente,3,0.754209041595459,79.33333333333333,15.453333333333333,,0.8333333333333334,10.813333333333333,,1.0966666666666667,0.0,0.15366666666666667,0.0,0.0,,1.14,4.0,0.86,0.0,3.3333333333333335,0.112,0.065,0.87,,0.043,31.0,0.0,5.4,,3.4,,2.6666666666666665,0.25666666666666665,11.0,30.0,43.333333333333336,121.66666666666667,0.26,0.086,,,,10.3
aji_amarillo,Aji Amarillo,1,0.7068398594856262,50.0,10.0,,0.0,0.0,,0.0,0.0,0.0,,,,0.0,,,0.0,60.0,,,,,,,,,,,,30.0,0.0,,,250.0,0.0,,,,,,
aji_panca,Aji Panca,1,0.7342615723609924,86.0,21.43,,3.6,0.0,,0.0,0.0,0.0,,,,0.0,,,0.0,,,,,,,,,,,,,286.0,10.71,,,571.0,643.0,,,,,,
ajvar,Ajvar,1,0.6778706312179565,175.0,17.5,,2.5,2.5,,15.0,0.0,0.0,,,,5.0,,,,3.0,,,,,,,,,,,22.0,25.0,0.45,,,,750.0,,,,,,
ajwain,Ajwain,1,0.6571857333183289,124.0,20.35,,0.0,17.7,,3.98,31.0,2.21,,,,2.65,,,,1.1,,,,,,,,,,,,71.0,0.0,,,,106.0,,,,,,
alcaparrado,Alcaparrado,2,0.7032146453857422,533.0,60.0,,0.0,33.33,,30.0,0.0,30.0,,,,0.0,,,,0.0,,,,,,,,,,,,0.0,0.0,,,,1133.0,,,,,,
aleppo_pepper,Aleppo Pepper,5,0.7803594470024109,144.6,7.05,,1.5,3.903999999999999,,9.105999999999998,11.25,0.9339999999999999,0.0,0.0,,10.882,41.0,0.48,0.0,119.4,0.5395,0.194,4.546,0.205,0.5920000000000001,56.5,0.0,7.7,,9.9,,28.75,1.7760000000000002,316.5,748.0,540.0,281.0,4.485,0.724,,3.602,,0.3
alfalfa_sprout,Alfalfa Sprout,5,0.9143623113632202,25.8,3.6360000000000006,,1.8599999999999999,1.7719999999999998,,0.48600000000000004,0.0,0.0598,0.0,0.0,,3.6100000000000003,5.2,0.052000000000000005,0.0,10.2,0.0792,0.1252,0.5882000000000001,0.563,0.055600000000000004,46.0,0.0,14.4,,31.5,,24.4,0.9400000000000001,24.6,63.6,107.0,6.0,0.7160000000000001,0.1598,,0.188,,0.6
alfredo_sauce,Alfredo Sauce,5,0.9999999403953552,177.0,2.93,,0.0,1.4180000000000004,,15.226000000000003,53.6,8.4658,0.011666666666666667,0.014666666666666666,,5.516,116.66666666666667,0.33666666666666667,0.7999999999999999,0.175,0.01833333333333333,0.08600000000000001,0.922,,0.05933333333333333,3.0,0.8966666666666668,20.433333333333334,,1.2,126.0,80.8,0.26399999999999996,8.333333333333334,84.33333333333333,91.0,516.0,0.8566666666666666,0.028999999999999998,,,,8.200000000000001
alligator,Alligator,2,0.7120300531387329,119.5,0.59,,0.0,0.0,,3.4899999999999998,31.0,0.4245,0.041,0.029,,20.53,35.0,1.6,0.0,0.0,0.127,0.177,1.298,,0.134,14.0,1.06,80.7,,5.3,,79.5,0.875,25.0,224.0,213.5,436.5,1.24,0.31,,,,20.9
allspice,Allspice,5,0.775330126285553,330.2,74.848,,10.14,65.0,,6.475999999999999,0.0,3.7700000000000005,0.0,0.0,,3.936,27.0,,0.0,15.680000000000001,0.101,0.063,2.86,,0.21,36.0,0.0,,,,,324.4,5.523999999999999,135.0,113.0,619.5,50.8,1.01,0.553,,2.943,,2.7
allulose,Allulose,2,0.8993122577667236,0.0,100.0,,0.0,0.0,,0.0,0.0,0.0,,,,0.0,,,0.0,,,,,,,,,,,,,0.0,0.0,,,0.0,0.0,,,,,,
almond,Almond,5,0.8601189255714417,579.0,21.55,,12.5,4.35,,49.93,0.0,3.8020000000000005,0.0,0.0,0.003,21.15,0.0,25.630000000000003,0.0,0.0,0.205,1.138,3.618,0.471,0.137,44.0,0.0,52.1,,0.0,,269.0,3.71,270.0,481.0,733.0,1.0,3.12,1.031,,2.179,,4.1
almond_butter,Almond Butter,5,0.9999998807907104,574.8,30.627999999999997,,8.120000000000001,12.5,,47.498000000000005,0.0,6.566000000000001,,,,18.749999999999996,,,0.0,0.0,,,2.667,,,53.0,,,,,,194.2,2.876,250.0,,635.4,103.0,,,,2.0,,
almond_milk,Almond Milk,5,0.8967206478118896,47.0,5.416,,0.38,4.098000000000001,,2.3360000000000003,0.0,0.1676,0.0,0.0,,1.0139999999999998,37.75,3.8274999999999997,0.975,0.76,0.0055,0.0675,0.18249999999999997,,0.00375,1.75,0.31500000000000006,4.800000000000001,,0.0,,171.6,0.40800000000000003,14.5,43.5,53.5,57.6,0.24500000000000002,0.050499999999999996,,,,0.2
almond_paste,Almond Paste,5,1.0,344.9739961759082,46.506,,3.2,38.556,,15.988,0.0,1.5808,0.0,0.0,,5.834,70.0,7.289999999999999,0.0,1.3666666666666665,0.059000000000000004,0.21825,0.9906666666666667,0.113,0.035666666666666666,49.666666666666664,0.0,20.266666666666666,,0.03333333333333333,,133.2,1.218,68.5,135.0,174.0,16.0,0.7875,0.251,,0.856,,2.9333333333333336
almond_tofu,Almond Tofu,5,0.8227294087409973,296.2,21.577999999999996,,3.0200000000000005,12.190000000000001,,21.131999999999998,0.0,4.192,,,,8.41,,2.0,0.0,0.0,,0.014,2.667,0.0,,38.666666666666664,1.25,,,,,145.0,1.262,169.0,8.0,436.0,99.2,0.12,0.05,,1.3333333333333333,,2.0
aloe_vera,Aloe Vera,5,0.8558830618858337,15.6,4.05,,0.16,3.6339999999999995,,0.0,0.0,0.0,,,,0.0,,,,4.58,0.0,,,,,,,,,,0.0,16.0,0.0375,3.5,4.0,35.75,17.6,,,,,,
alum,Alum,1,0.6929495930671692,56.0,13.56,,0.0,13.56,,0.0,0.0,0.0,,,,0.56,,,,33.9,,,,,,,,,,,0.0,11.0,0.2,,,124.0,6.0,,,,,,
amaranth,Amaranth,2,0.8648501634597778,197.09177820267686,34.635,,6.7,1.69,,3.675,0.0,0.775,,,0.042,8.01,73.0,1.19,0.0,23.75,0.07150000000000001,0.179,0.7905,0.7605000000000001,0.39149999999999996,83.5,0.0,69.8,0.0,570.0,,187.0,4.965,151.5,303.5,559.5,12.0,1.885,0.3435,,2.109,,9.799999999999999
amaretti_cookie,Amaretti Cookie,5,0.9740211963653564,460.2,57.72800000000001,,3.0,51.576,,20.21,0.0,3.432,,,,9.112,,,1.5,0.0,,,,,,,,,,,0.0,60.8,1.688,,,100.33333333333333,88.2,,,,,,
amaretto,Amaretto,5,0.8099499344825745,312.4,46.04599999999999,,1.3,32.788,,12.172,41.8,6.452000000000001,,,,3.25,,,0.0,0.43333333333333335,0.0,0.239,1.404,,,,,,,,,38.2,0.42400000000000004,,,172.8,77.2,,,,,,
amaro,Amaro,5,0.7565178871154785,123.01873804971319,15.508000000000001,,5.04,5.596,,4.202,0.0,0.3868,0.0,0.0,,7.837999999999999,121.5,1.6075,0.0,24.3,0.16825,0.28175,0.9065,0.1715,0.17625,70.5,0.0,24.975,,60.324999999999996,,94.8,3.3299999999999996,59.5,94.5,654.0,971.4,1.02,0.34475,,0.83475,,2.825
amazake,Amazake,1,0.6720862984657288,321.0,71.43,,8.9,1.79,,0.89,0.0,0.0,,,,10.71,,,5.0,0.0,1.0,0.304,5.357,,,214.0,,,,,0.0,357.0,1.93,,,170.0,18.0,,,,,,
amberjack,Amberjack,1,0.6597245335578918,210.0,0.0,,0.0,0.0,,9.71,85.0,2.203,1.292,0.763,,28.89,12.0,3.33,1.7,0.0,0.078,0.363,19.903,,0.203,13.0,0.88,85.0,,12.1,,232.0,4.63,69.0,252.0,544.0,3668.0,2.44,0.339,,,,68.1
amchur,Amchur,1,0.6555394530296326,,0.0,,0.0,0.0,,1.79,89.0,0.0,,,,17.86,,,,3.2,,,,,,,,,,,,46.0,2.41,,,0.0,143.0,,,,,,
american_cheese,American Cheese,5,0.9274199604988098,182.96845124282981,10.815,,0.0,6.57,,12.02,35.25,7.188,0.0,0.0018,0.161,19.1,119.0,0.27,1.375,0.0,0.236,0.5,2.8575,,0.3335,10.75,1.3025000000000002,28.25,,1.425,,667.25,0.1325,73.0,543.25,339.5,1294.5,3.2925,0.29525,,,,14.2
anaheim_chile,Anaheim Chile,5,0.731886088848114,177.8,18.708000000000002,,6.0,7.926,,9.24,19.4,3.8,,,,5.412,,,0.0,10.55,0.0,,0.167,,0.033,25.0,,,,,5143.0,129.2,0.78,10.0,,170.0,447.0,,,,,,
anardana_powder,Anardana Powder,5,0.7740570902824402,356.0,69.184,,19.740000000000002,29.701999999999998,,1.3900000000000001,0.0,0.0,,,,24.503999999999998,,,0.0,432.85,0.75,0.77725,9.14475,3.289,0.658,132.0,2.96,,,,,587.8,7.1819999999999995,200.0,,139.75,175.8,3.75,1.0,,1.0,,
ancho_chile,Ancho Chile,5,0.7747752070426941,207.81414913957934,17.816,,4.32,3.4349999999999996,,11.065999999999999,28.6,2.556,0.0,0.0,,16.656,1022.0,,0.0,4.56,0.179,1.2489999999999999,4.63,1.993,3.535,69.0,0.43,,,,43.0,55.0,3.214,113.0,201.0,2411.0,584.2,1.42,0.508,,1.279,,16.45
anchovy,Anchovy,5,0.8870184421539307,175.0,0.0,,0.0,0.0,,9.578,33382.4,1.8969999999999998,1.1015000000000001,0.6505000000000001,,21.848,13.5,1.95,1.35,0.0,0.0665,0.3095,16.9635,0.645,0.173,11.0,0.75,85.0,,6.1,,176.4,3.896,55.0,213.0,236.8,4954.4,2.08,0.275,,0.07,,52.3
andouille_sausage,Andouille Sausage,5,1.0000001192092896,257.2,4.442,,0.96,1.0,,18.788,54.0,5.446,,,,17.344,,,,3.16,,,,,,,,,,,0.0,20.4,1.41,,,405.0,795.0,,,,,,
angelica_root,Angelica Root,3,0.7389938831329346,79.58891013384321,17.77,,2.0,1.7,,0.75,0.0,0.20299999999999999,0.0,0.0,,1.82,0.0,0.26,0.0,5.0,0.025000000000000005,0.034,0.75,0.20299999999999999,0.16,11.0,0.0,28.8,,0.10000000000000002,,16.0,0.6,43.0,34.0,415.0,13.0,0.34,0.226,,0.229,,0.6999999999999998
anise,Anise,5,0.8193699717521667,234.4470363288719,39.382,,7.3199999999999985,15.840000000000002,,8.092,15.333333333333334,0.8206666666666665,0.0,0.0,,8.698,10.8,0.5466666666666667,0.09999999999999999,10.56,0.2164,0.1826,1.8908,0.425,0.283,19.2,0.03333333333333333,15.166666666666666,,5.433333333333334,,285.2,15.49,74.2,222.2,645.0,59.2,2.274,0.4086,,1.178,,4.6000000000000005
anisette,Anisette,5,0.8540584444999695,280.89483747609944,48.048,0.0,6.840000000000001,10.67,,8.394,9.2,0.49239999999999995,0.0,0.0,,11.065999999999999,17.333333333333332,1.4,0.075,14.133333333333333,0.5145,0.29025,3.6217500000000005,0.797,0.4456666666666667,65.25,0.03333333333333333,35.3,,6.5,,351.0,16.055999999999997,119.0,361.6666666666667,642.2,62.4,3.703333333333333,0.6343333333333333,,2.3,,7.6000000000000005
annatto_seed,Annatto Seed,5,0.7600049376487732,365.4,47.56,,10.78,1.6724999999999999,,15.906,0.0,1.5059999999999998,,,,13.764,,,,1.575,0.5,0.28099999999999997,4.766500000000001,,,98.0,,,,,,81.6,4.292,272.0,729.0,371.0,263.4,4.96,1.733,,6.5,,98.0
aonori,Aonori,1,0.6705396771430969,112.0,27.23,,0.4,0.39,,0.14,0.0,0.029,0.0,0.0,,0.38,3.0,2.3,0.0,4.0,0.13,0.04,1.1,0.293,0.273,21.0,0.0,16.7,,1.0,,16.0,0.88,24.0,39.0,183.0,12.0,0.22,0.166,,0.37,,0.7
apple,Apple,5,0.8422808647155762,123.25,24.415,,1.3800000000000001,19.7225,,1.968,5.75,1.2,0.0,0.001,,1.0975,39.5,0.18,0.0,34.15,0.042666666666666665,0.0595,0.2905,,0.037,3.0,0.0,7.3,,1.8,,5.4,0.20600000000000002,13.4,35.333333333333336,171.0,27.4,0.26333333333333336,0.059,,0.034,,3.0
apple_brandy,Apple Brandy,5,0.8928447365760803,109.0,13.569999999999999,,0.0,12.496,,0.038,0.0,0.0,0.0,0.0,,0.0,0.0,0.0,0.0,34.88,0.3356666666666666,0.133,0.008,,0.0005,0.0,0.0,0.1,,0.09999999999999999,,6.4,0.148,0.0,6.0,73.6,1.2,0.06,0.0155,,,,0.05
apple_cider,Apple Cider,5,0.9999998807907104,129.4,22.79,,0.44000000000000006,14.412,,4.0,0.0,0.364,0.0,0.0,,1.09,1.0,0.09,0.0,0.86,0.009,0.013,0.045,,0.021,1.0,0.0,1.7,,1.1,0.0,0.8,0.10200000000000001,3.0,6.0,78.75,85.8,0.02,0.018,,,,0.0
apple_cider_vinegar,Apple Cider Vinegar,5,1.0000001192092896,128.8,23.272,,0.45,11.394,,4.0,0.0,0.455,,,,1.09,,,0.0,0.0,,,,,,,,,,,0.0,1.75,0.0,,,64.33333333333333,80.0,,,,,,
apple_pie_spice,Apple Pie Spice,5,0.8876868486404419,345.8,47.814,,3.4,23.054000000000002,,16.676,24.6,5.0125,,,,3.312,,,1.0,0.16666666666666666,,,,,,20000.0,,,,,,19.4,1.285,40.0,116.0,66.5,266.0,,,,,,8.0
applewood_chip,Applewood Chip,5,0.8437346816062927,397.8,66.59800000000001,,4.9799999999999995,42.438,,15.0,0.0,1.786,,,,0.714,,,0.0,11.700000000000001,,,,,,,,,,,0.0,8.0,0.43,,,383.6,320.6,,,,,,
apricot,Apricot,5,0.8935073614120483,49.82409177820267,11.665999999999999,,1.9,9.870000000000001,,0.346,0.0,0.0236,0.0,0.0,,1.25,94.8,0.8220000000000001,0.0,8.620000000000001,0.027800000000000002,0.03660000000000001,0.5526,0.24,0.053200000000000004,7.6,0.0,2.5799999999999996,,3.04,,11.8,0.37200000000000005,9.2,20.8,242.6,1.4,0.18,0.0776,,0.077,,0.1
apricot_brandy,Apricot Brandy,5,0.8541274666786194,125.4,19.856,,2.2399999999999998,17.18,,0.21400000000000002,0.0,0.0108,0.0,0.0,,1.172,91.5,1.4425,0.0,6.32,0.0175,0.035250000000000004,0.89125,,0.062,5.25,0.0,4.6,,2.1,,16.6,0.738,12.0,27.5,400.0,3.8,0.1825,0.1295,,,,0.6000000000000001
aquafaba,Aquafaba,4,0.8384078741073608,123.25,5.565,,0.75,0.61,,10.265,25.5,2.7504999999999997,0.028,0.027,,2.0825,42.0,1.85,0.0,14.766666666666666,0.18,0.122,3.0076666666666667,1.692,0.2753333333333334,44.0,0.8066666666666666,36.9,,9.7,,26.5,0.66,11.0,171.0,72.5,240.0,0.6233333333333334,0.121,,,,18.9
aquavit,Aquavit,2,0.7074636816978455,0.0,0.0,,0.0,0.0,,0.0,0.0,0.0,,,,0.0,,,,3000.0,,,90.0,50.0,9.0,,27.0,,,,,0.0,0.0,,,0.0,0.0,,,,,,
arame,Arame,1,0.8304044008255005,300.0,70.0,,10.0,0.0,,0.0,0.0,0.0,,,,10.0,,,,0.0,,0.68,,,,,,,,,0.0,1000.0,14.4,4600.0,,1310.0,1250.0,,,,,,
arctic_char,Arctic Char,3,0.7082059979438782,268.4831102613129,0.0,,0.0,0.0,,13.606666666666664,80.0,2.469333333333333,0.3646666666666667,0.4693333333333334,,35.56666666666667,12.0,0.27,,0.0,0.06166666666666667,0.24166666666666667,6.3486666666666665,0.7519999999999999,0.367,4.0,3.0766666666666667,131.7,,0.0,,10.0,24.683333333333334,43.0,323.0,496.0,142.0,2.94,0.132,,0.05333333333333334,,65.53333333333333
arepa,Arepa,3,0.8182002305984497,289.0,50.156666666666666,,0.7999999999999999,1.0833333333333333,,4.666666666666667,17.666666666666668,3.0276666666666667,0.0,0.0,,1.8866666666666667,62.0,0.54,0.26666666666666666,0.26666666666666666,0.176,0.205,1.755,,0.087,60.0,0.19,42.5,,3.3,,27.333333333333332,0.77,28.0,132.0,147.33333333333334,1533.0,0.74,0.124,,,,10.1
argan_oil,Argan Oil,5,0.7301930785179138,878.0,0.0,,0.0,0.0,,98.666,284.0,20.3868,10.656,10.137,,0.0,0.0,,5.533333333333334,0.0,0.0,0.0,0.0,0.0,0.0,0.0,0.0,,,,,0.0,0.0,0.0,0.0,0.0,0.0,0.0,0.0,,0.0,,0.0
armagnac,Armagnac,1,0.7209568619728088,159.0,0.0,,0.0,0.0,,4.34,76.0,1.29,0.0,0.0,,28.08,0.0,0.38,0.0,0.0,0.308,0.139,4.177,,0.415,6.0,0.69,116.5,,1.4,,16.0,1.11,27.0,133.0,393.0,367.0,2.99,0.056,,,,12.9
aronia_berry,Aronia Berry,5,0.7228513360023499,64.0,15.924000000000001,,2.3,12.232000000000001,,0.192,0.0,0.0016,0.0,0.0,,0.418,2.0,0.37,0.0,30.74,0.029,0.024,0.396,,0.04,7.0,0.0,5.8,,7.3,,10.2,0.21000000000000002,11.0,20.0,102.4,4.4,0.1,0.038,,,,0.3
arrowhead,Arrowhead,1,0.894614040851593,99.0,20.23,,,,,0.29,0.0,,,,,5.33,0.0,,0.0,1.1,0.17,0.073,1.65,0.599,0.26,14.0,0.0,,,,,10.0,2.57,51.0,174.0,922.0,22.0,0.28,0.171,,0.36,,0.7
arrowroot,Arrowroot,5,0.9105604887008667,266.92313575525816,53.146,,1.28,,,4.1,0.0,0.4386,0.0,0.0,,4.796000000000001,0.4,3.86,0.0,2.96,0.257,0.19519999999999998,2.9728000000000003,0.35520000000000007,0.12340000000000002,150.6,0.028000000000000004,,,0.5,,23.2,2.154,19.4,86.6,246.2,138.4,0.47800000000000004,0.086,,0.27266666666666667,,8.95
artichoke,Artichoke,5,1.0000003576278687,140.6,8.87,,2.5,2.0620000000000003,,10.725999999999999,26.8,5.0164,0.0,0.0,,4.3100000000000005,1.0,0.19,0.0,12.680000000000001,0.072,0.066,1.046,0.338,0.116,68.0,0.0,34.4,,14.8,0.0,97.6,0.632,60.0,90.0,435.0,310.8,0.49,0.231,,0.256,,0.2
arugula,Arugula,3,1.000000238418579,22.666666666666668,3.61,,1.4666666666666668,2.15,,0.8333333333333334,0.0,0.057333333333333326,0.0,0.0,,2.5033333333333334,119.0,0.43,0.0,14.700000000000001,0.044,0.086,0.305,0.437,0.073,96.0,0.0,15.3,,110.03333333333335,120.0,165.33333333333334,1.5366666666666664,47.0,52.0,367.6666666666667,27.666666666666668,0.47,0.076,,0.214,,0.3
asafoetida,Asafoetida,1,0.6816510558128357,297.0,2.4,,0.0,0.0,,22.1,66.0,12.7,0.0,0.0,,22.14,135.0,0.24,0.0,0.0,0.021,0.223,0.181,,0.053,8.0,1.0,15.4,,2.4,,532.0,0.0,22.0,380.0,81.0,734.0,3.51,0.0,,,,14.5
asam_gelugur,Asam Gelugur,1,0.6155120134353638,18.0,3.53,,1.2,2.35,,1.18,0.0,0.0,,,,2.35,,,0.0,14.1,,,,,,94.0,,,,112.9,120.0,176.0,1.69,,,365.0,29.0,,,,0.0,,
ascorbic_acid,Ascorbic Acid,3,0.7140841484069824,104.0,26.00333333333333,,0.1,12.450000000000001,,0.03666666666666667,0.0,0.017,0.0,0.0,,0.043333333333333335,5.0,0.05,0.0,25.0,0.003,0.014,0.036,,0.032,0.0,0.0,1.8,,0.0,,3.0,0.25,5.0,7.0,122.0,2.6666666666666665,0.04,0.013,,,,0.1
asiago_cheese,Asiago Cheese,5,1.0,327.2,19.16,,0.82,1.3960000000000001,,19.267999999999997,62.4,11.306,,,,18.753999999999998,,,0.0,0.0,1.0,0.475,3.4885,0.0,0.0,49.0,0.0,0.0,,0.0,225.0,430.0,1.384,20.0,73.0,39.75,864.8,0.0,0.179,0.0,0.0,0.0,16.0
asian_pear,Asian Pear,5,0.8892970085144043,89.4,23.366000000000003,,4.279999999999999,18.616,,0.29400000000000004,0.0,0.0186,0.0,0.0,,0.748,0.2,0.10800000000000001,0.0,4.54,0.009399999999999999,0.0402,0.43820000000000003,0.07,0.03319999999999999,6.2,0.0,8.68,,7.619999999999999,,11.0,0.45600000000000007,12.8,20.6,200.0,1.8,0.10800000000000001,0.11960000000000001,,0.06,,0.12000000000000002
asparagus,Asparagus,5,0.9030057787895203,20.31548757170172,3.88,,2.1,1.8799999999999997,,0.12,0.0,0.04,0.0,0.0,,2.2,38.0,1.13,0.0,5.6,0.143,0.141,0.978,0.274,0.091,52.0,0.0,16.0,,41.6,,24.0,2.14,14.0,52.0,202.0,2.0,0.54,0.189,,0.158,,2.3
astragalus_root,Astragalus Root,1,0.6965420246124268,79.58891013384321,17.77,,2.0,1.7,,0.75,0.0,0.203,0.0,0.0,,1.82,0.0,0.26,0.0,5.0,0.025,0.034,0.75,0.203,0.16,11.0,0.0,28.8,,0.1,,16.0,0.6,43.0,34.0,415.0,13.0,0.34,0.226,,0.229,,0.7
avocado,Avocado,5,0.9040771126747131,436.2,6.941999999999998,,2.96,0.8433333333333334,,46.158,0.0,5.519,0.0,0.0003333333333333333,,1.16,3.8,1.4566666666666668,0.0,4.34,0.0316,0.05800000000000001,0.7748,0.0,0.11240000000000001,34.6,0.0,10.633333333333333,,15.366666666666667,,6.0,0.256,13.0,23.6,208.2,75.0,0.33399999999999996,0.0886,,0.0,,1.0
avocado_oil,Avocado Oil,5,1.0000001192092896,849.6,0.0,,0.0,0.0,,96.0,50.0,11.794,,,,0.0,0.0,,0.0,0.0,0.0,0.0,0.0,0.0,0.0,0.0,0.0,,,,0.0,0.0,0.0,0.0,0.0,0.0,166.6,0.0,0.0,,0.0,,0.0
ayran,Ayran,1,0.6781141757965088,182.0,41.82,,7.3,21.82,,1.82,0.0,0.0,,,,7.27,,,,54.5,0.0,0.309,1.455,2.273,1.818,,5.45,,,,,36.0,16.36,,,400.0,255.0,13.64,,,,,
bacon,Bacon,5,0.8782682418823242,370.164053537285,9.302000000000001,,1.56,0.49000000000000005,,27.808,48.4,8.1232,0.0015,0.00075,,23.458,5.75,5.28,0.1,0.0,3.4400000000000004,0.41874999999999996,8.28425,0.113,0.493,31.5,0.2725,56.125,,0.0,,16.4,4.088,23.0,154.75,210.8,1752.8,1.1775,0.10974999999999999,,0.205,,18.225
bagel,Bagel,5,1.0,284.8,54.498000000000005,,3.54,5.088,,2.6959999999999997,0.0,0.0,0.0,0.0,,11.084,0.0,0.9899999999999999,0.0,2.1,0.30225,0.209,3.3699999999999997,0.375,0.19525,76.0,0.0,9.8,,1.5,,67.0,2.554,51.0,142.0,163.4,611.6,1.1,0.17499999999999996,,1.43,,28.7
baharat,Baharat,1,0.6456232666969299,286.0,14.29,,1.3,0.0,,18.18,52.0,3.9,,,,15.58,,,,0.0,,,,,,,,,,,0.0,0.0,1.4,,,,662.0,,,,,,
bai_ji_mo,Bai Ji Mo,1,0.671288013458252,61.0,2.45,,0.2,1.82,,0.03,0.0,0.002,0.0,0.0,,0.09,7.0,0.06,0.0,2.4,0.005,0.005,0.036,,0.006,2.0,0.0,0.6,,6.3,,7.0,0.11,2.0,3.0,19.0,15.0,0.1,0.024,,,,0.1
baijiu,Baijiu,1,0.6543586850166321,884.0822179732313,0.0,,0.0,0.0,,100.0,0.0,81.2,0.0,0.0,,0.0,0.0,19.1,,0.0,0.0,0.0,0.0,0.0,0.0,0.0,0.0,,,,,0.0,0.0,0.0,0.0,0.0,0.0,0.0,,,,,0.0
bak_kut_teh_spice,Bak Kut Teh Spice,5,0.7945168018341064,389.2,45.914,,18.880000000000003,1.9933333333333334,,21.374000000000002,0.0,11.674000000000001,0.0,0.0,,12.963999999999999,4.0,0.0,0.0,4.12,0.334,0.2115,1.4694999999999998,,0.38,66.5,0.0,8.8,,0.0,193.0,158.2,14.886000000000001,187.0,254.5,560.0,108.2,2.325,1.0685,,2.064,,3.95
baked_beans,Baked Beans,5,1.0000001192092896,113.8,22.57,,5.540000000000001,9.514,,0.384,0.0,0.0,,,,4.918,,,0.0,0.54,,,,,,,,,,,14.0,52.2,1.4400000000000002,,,375.8,427.0,,,,,,
bakers_ammonia,Bakers Ammonia,5,0.7892606258392334,243.0,47.886,,2.62,4.44,,2.242,0.0,0.358,,,,8.918,,,0.0,9.1,0.2,0.2206,3.37,,0.135,153.0,,,,,,76.0,2.6100000000000003,16.0,41.0,147.4,309.4,0.2,0.054,,,,
baking_powder,Baking Powder,5,0.8408240675926208,376.0072657743786,52.50599999999999,,3.12,20.178,,12.276,32.2,4.489800000000001,0.0,0.0,,20.044,0.0,0.63,0.0,28.45,2.0,0.41125,7.7764999999999995,3.2256666666666667,0.645,64.66666666666667,4.355,1.15,,17.76666666666667,0.0,1100.0,14.134,155.5,1650.8,2813.6,186.0,3.8275,1.645,,1.14,,22.55
baking_soda,Baking Soda,5,1.0000001192092896,19.407265774378583,9.379999999999999,,0.44000000000000006,0.0,,0.08,0.0,0.014599999999999998,0.0,0.0,,0.02,0.0,0.0,0.0,0.0,0.0,0.0,0.0,0.0,0.0,0.0,0.0,0.0,,0.0,,1833.0,1.634,14.5,3434.5,2020.0,17823.4,0.36,0.0095,,0.21,,0.2
balado_seasoning,Balado Seasoning,5,0.7983404397964478,34.2,6.858,,0.0,21.428,,0.0,0.0,0.0,,,,0.0,,,0.0,0.0,,,,,,,,,,,,14.2,0.0,,,234.0,10738.4,,,,,,
balsamic_vinegar,Balsamic Vinegar,5,0.964144766330719,113.0,27.998,,0.0,14.663999999999998,,0.0,0.0,0.0,,,,0.0,,,0.0,0.0,,,,,,,,,,,,0.0,2.4,,,0.0,0.0,,,,,,
balut,Balut,1,0.6925877332687378,351.5774378585086,0.57,,0.0,0.57,,28.2,123.0,16.691,0.0,0.0,,23.78,315.0,0.24,0.5,0.0,0.014,0.24,0.06,0.21,0.053,18.0,1.5,15.4,,2.4,,650.0,0.43,24.0,360.0,136.0,534.0,2.6,0.022,,0.011,,14.5
balyk,Balyk,1,0.6415053009986877,53.0,3.53,,0.0,3.53,,0.0,0.0,0.0,,,,10.0,,,,0.0,,,,,,,,,,,,118.0,0.21,,,117.0,35.0,,,,,,
bamboo_leaf,Bamboo Leaf,5,0.7362024784088135,18.6,3.428,,1.44,1.956,,0.28,0.0,0.0648,0.0,0.0,,1.7280000000000002,0.8,0.6519999999999999,0.0,2.04,0.07039999999999999,0.0412,0.296,0.1265,0.1504,5.0,0.0,0.08,,0.0,,8.4,0.332,3.4,33.8,252.6,5.0,0.7040000000000001,0.12360000000000002,,0.20950000000000002,,0.52
bamboo_pith_mushroom,Bamboo Pith Mushroom,5,0.7640061974525452,122.89993626513701,31.28333333333333,,7.476000000000001,1.5766666666666669,,0.16333333333333333,0.0,0.0,,,,1.53,,,0.4,0.0,0.015,0.6256666666666667,8.194333333333333,10.75,0.32299999999999995,86.5,,,,,,0.6666666666666666,0.27666666666666667,90.0,112.0,683.6666666666666,7.0,3.515,2.165,,0.615,,72.85
bamboo_salt,Bamboo Salt,5,0.8318713307380676,165.4,26.178000000000004,,6.339999999999999,0.756,,8.16,0.0,4.702799999999999,0.0,0.0,,4.465999999999999,1.0,0.63,0.0,0.55,0.026,0.026,0.14,0.092,0.136,3.0,0.0,0.0,,0.0,0.0,15.8,2.462,4.0,25.0,207.6,7912.8,0.65,0.114,5357.0,0.157,,0.5
bamboo_shoot,Bamboo Shoot,5,0.8987990617752075,26.6,3.9939999999999998,,1.7200000000000002,2.3240000000000003,,0.868,0.4,0.2158,0.0,0.0,,2.064,3.2,0.85,0.0,2.2399999999999998,0.07520000000000002,0.0434,0.32320000000000004,0.1265,0.18,4.6,0.0,0.04,,0.42000000000000004,,10.0,0.39,3.6,38.6,260.8,7.4,0.826,0.14379999999999998,,0.20950000000000002,,0.62
banana,Banana,5,0.8395232558250427,89.0,22.84,,2.6,12.23,,0.33,0.0,0.11200000000000002,0.0,0.0,,1.09,3.0,0.1,0.0,8.7,0.031,0.073,0.665,0.334,0.367,20.0,0.0,9.8,,0.5,,5.0,0.26,27.0,22.0,358.0,1.0,0.15,0.078,,0.27,,1.0
banana_blossom,Banana Blossom,5,0.833325207233429,165.2,37.006,,0.78,27.0075,,0.8119999999999999,0.4,0.086,0.0,0.0,,1.0379999999999998,1.0,0.15,0.15,14.55,0.0275,0.1045,0.858,1.055,0.1,23.5,0.255,4.6,,2.55,,38.6,0.36,12.5,49.5,462.4,9.75,0.49,0.0785,9.0,0.0,,2.05
banana_leaf,Banana Leaf,5,0.7729675769805908,281.25,64.0875,,4.679999999999999,22.713333333333335,3.62,2.098,0.0,1.603,0.0,0.0,,3.75,1.0,2.05,1.6666666666666667,13.15,0.36800000000000005,0.27,4.078,,0.45966666666666667,169.0,1.43,9.8,,0.1,214.0,16.6,6.056,42.833333333333336,75.66666666666667,460.6,178.0,1.0166666666666668,0.244,0.0,1.1665,,0.0
banana_pepper,Banana Pepper,5,0.8798636198043823,27.006118546845123,5.35,,3.4,1.95,,0.45,0.0,0.048,0.0,0.0,,1.6599999999999997,17.0,0.69,0.0,82.7,0.081,0.054000000000000006,1.242,0.265,0.357,29.0,0.0,7.4,,9.5,,14.0,0.4600000000000001,17.0,32.0,256.0,13.0,0.25,0.094,,0.1,,0.3
barbecue_sauce,Barbecue Sauce,5,0.9999998211860657,106.6,23.454,,0.0,14.540000000000001,,0.0,0.0,0.0,,,,0.0,,,0.0,2.1,,,,,,,,,,,60.0,0.0,0.0,,,79.5,780.2,,,,,,
barbecue_seasoning,Barbecue Seasoning,5,0.9684645533561707,0.0,16.666,,0.0,0.0,,0.0,0.0,0.0,,,,0.0,,,0.0,0.0,,,,,,,,,,,3000.0,50.0,0.0,,,250.0,18766.6,,,,,,
barberry,Barberry,1,0.6897266507148743,381.0,73.81,,4.8,0.0,,1.19,0.0,0.0,,,,9.52,,,,0.0,0.0,0.255,3.0,,,,,,,,,0.0,2.57,,,,0.0,,,,,,
barley,Barley,5,0.8626973032951355,306.9770554493308,66.44800000000001,,10.78,0.6960000000000001,,1.468,0.0,0.308,0.0,0.0,,9.086,0.6,0.348,0.0,0.12,0.3198,0.1766,4.635199999999999,0.28419999999999995,0.3488,20.8,0.0,29.666666666666668,,1.9200000000000004,,28.4,2.964,85.4,227.6,271.6,7.8,1.9560000000000002,0.32720000000000005,,1.1502,,31.880000000000003
barley_grass,Barley Grass,5,0.8608194589614868,264.9770554493308,54.652,,9.4,1.6260000000000001,,1.918,0.0,0.35159999999999997,0.0,0.001,,8.712,0.5,0.33749999999999997,0.0,0.04,0.4045,0.19125,5.26675,0.23633333333333328,0.27125,33.75,0.0,31.433333333333334,,2.875,,43.8,2.476,87.25,227.5,292.6,95.0,1.9849999999999999,0.35225,,1.433,,35.475
barramundi,Barramundi,1,0.6625211834907532,375.0,73.21,,3.6,3.57,,1.79,0.0,0.0,,,,12.5,,,,0.0,1.0,0.455,7.143,,,179.0,,,,,,0.0,3.21,,,148.0,0.0,,,,,,
basa,Basa,1,0.7854039669036865,282.0,43.76,,0.8,29.79,,9.94,3.0,2.43,0.0,0.0,,4.81,12.0,1.3,0.1,0.2,0.153,0.2,1.224,,0.032,24.0,0.14,9.0,,3.9,,119.0,1.2,21.0,108.0,148.0,81.0,0.58,0.065,,,,4.4
basil,Basil,5,0.9062119126319885,111.67992351816444,3.732,,1.28,1.208,,9.222,4.8,1.6448,0.0,0.0,,4.7780000000000005,264.0,0.8,0.0,18.0,0.034,0.076,0.902,0.209,0.155,68.0,0.0,11.4,,414.8,,214.2,2.8579999999999997,64.0,56.0,332.8,132.2,0.81,0.385,,1.148,,0.3
basil_seed,Basil Seed,5,0.8296709060668945,83.87992351816443,10.87,,1.28,4.34,,1.024,0.0,0.0246,0.0,0.0,,2.69,264.0,0.8000000000000002,0.0,10.8,0.034,0.076,0.902,0.209,0.155,68.0,0.0,11.4,,414.8,14.5,112.6,1.9599999999999997,64.0,56.0,295.0,412.8,0.81,0.385,,1.148,,0.3
basmati_rice,Basmati Rice,5,0.9999997019767761,164.8,33.92,,1.6,0.0,,1.4600000000000002,0.0,0.0,,,,2.7520000000000002,,,0.0,1.0,0.0,,3.0080000000000005,,,,,,,,,38.4,0.25999999999999995,,,14.8,17.6,,,,,,
batang_fish,Batang Fish,2,0.7156032919883728,188.5,7.79,,0.3,0.14,,7.53,59.0,1.9905,0.1235,0.14900000000000002,,21.145,47.5,1.54,3.3,0.5,0.15899999999999997,0.10350000000000001,6.818,,0.496,26.0,0.635,74.1,,3.95,,35.5,1.205,30.5,255.0,432.0,332.5,0.56,0.056999999999999995,,,,45.05
bay_leaf,Bay Leaf,2,0.8385127186775208,313.0,74.97,,26.3,,,8.36,0.0,2.28,0.0,0.0,,7.61,309.0,,0.0,46.5,0.009,0.421,2.005,,1.74,180.0,0.0,,,,,834.0,43.0,120.0,113.0,529.0,23.0,3.7,0.416,,8.167,,2.8
bean,Bean,5,0.8404726982116699,85.6,12.309999999999999,,4.86,0.852,,1.6800000000000002,0.0,0.2258,0.0,0.0,,4.401999999999999,26.0,1.295,0.0,0.9800000000000001,0.09633333333333333,0.04733333333333333,0.3173333333333333,,0.111,79.0,0.0,23.5,,7.199999999999999,17.5,26.6,1.0539999999999998,42.666666666666664,92.0,254.6,247.4,1.6824999999999999,0.14900000000000002,,,,2.55
bean_sprout,Bean Sprout,5,0.8960971832275391,47.245889101338435,5.968000000000001,,2.1,3.8699999999999997,,1.5299999999999998,0.4,0.29800000000000004,0.0,0.0,,4.3919999999999995,3.2,0.19599999999999998,0.0,11.820000000000002,0.08700000000000001,0.1366,0.7170000000000001,0.38,0.10159999999999998,56.8,0.0,17.12,,30.880000000000003,,21.6,1.288,26.4,69.6,179.0,30.0,0.484,0.18240000000000003,,0.188,,1.2399999999999998
bear_meat,Bear Meat,5,0.8407282829284668,210.98738049713194,3.812,,1.4,0.072,,9.674000000000001,71.6,2.3934,0.027749999999999997,0.0,,25.982,0.2,0.8125,0.025,0.8,0.11680000000000001,0.5536,3.2201999999999997,,0.24599999999999997,33.0,1.9025,101.07499999999999,,3.45,,8.8,7.466000000000001,30.2,164.2,286.4,172.0,7.025999999999999,0.1384,,0.008,,9.825
bearnaise_sauce,Bearnaise Sauce,5,0.945044755935669,227.6,34.1,,5.720000000000001,28.456,,5.452,36.4,3.9019999999999997,,,,0.4,,,0.0,0.78,,,,,,,,,,,25.5,122.2,0.23199999999999998,,,170.66666666666666,1347.6,,,,,,
bechamel,Bechamel,1,0.708835780620575,316.0,52.63,,0.0,52.63,,7.89,26.0,5.26,,,,7.89,,,,0.0,,,,,,,,,,,,263.0,0.0,,,,132.0,,,,,,
bee_pollen,Bee Pollen,5,0.7646297812461853,375.0,80.0,,0.0,47.5,,7.5,0.0,5.0,,,,2.5,,,,0.0,,,,,,,,,,,,50.0,0.0,,,,300.0,,,,,,
beef,Beef,5,0.8786723613739014,266.8,0.5780000000000001,,0.0,0.252,,19.034,78.4,7.695,0.0006000000000000001,0.0018000000000000002,,22.344,2.8,0.268,0.27999999999999997,0.0,0.05419999999999999,0.194,4.398000000000001,,0.353,5.8,2.05,69.86,,1.6800000000000002,,16.2,2.2039999999999997,17.0,179.2,302.4,462.4,5.196,0.0698,,,,21.3
beer,Beer,5,1.0000001192092896,35.312810707456975,5.0600000000000005,,0.0,4.294,,0.024,0.0,0.0048000000000000004,0.0,0.0,,0.172,0.0,0.0,0.0,0.1,0.006500000000000001,0.0195,0.47375,0.03,0.02375,6.5,0.015,6.925,,0.0,,3.8,0.024,5.25,12.0,16.75,7.0,0.0125,0.0055,,0.005666666666666667,,0.5
beet,Beet,5,0.8370384573936462,44.986102,10.3108,5.1015,2.2345,8.770000000000001,,0.15699999999999997,0.0,0.014499999999999999,0.0,0.0,,1.345,1.5,0.045,0.0,1.5666666666666664,0.010499999999999999,0.0455,0.1915,,0.037000000000000005,29.0,0.0,9.9,,0.25,,10.528,0.39654999999999996,17.755000000000003,24.575000000000003,245.0,99.04,0.2502,0.1268,,0.2571,,0.55
bel_paese_cheese,Bel Paese Cheese,5,0.7865855693817139,335.6,4.284,,0.0,1.428,,27.141999999999996,85.6,16.074,,,,22.144,,,0.3333333333333333,0.0,,,,,,,,,,,,680.6,0.0,,,194.0,771.4,,,,,,
bell_pepper,Bell Pepper,5,0.8277558088302612,24.06761425,5.902845000000001,,1.0160399999999998,,,0.12298,,,,,,0.8053750000000001,,,,127.56400000000001,0.047258,0.103836,0.85692,,0.2841,33.3425,,,,,,6.5876,0.29006,9.9516,22.288000000000004,187.4,0.0,0.17774,0.047144,,0.12468400000000002,,0.06
bellflower_root,Bellflower Root,3,0.719109296798706,79.58891013384321,17.77,,2.0,1.7,,0.75,0.0,0.20299999999999999,0.0,0.0,,1.82,0.0,0.26,0.0,5.0,0.025000000000000005,0.034,0.75,0.20299999999999999,0.16,11.0,0.0,28.8,,0.10000000000000002,,16.0,0.6,43.0,34.0,415.0,13.0,0.34,0.226,,0.229,,0.6999999999999998
benedictine,Benedictine,5,0.7499029040336609,264.86577437858506,40.336,,4.76,3.314,,7.06,54.2,2.5509999999999993,0.002,0.001,,9.562000000000001,46.4,0.492,0.27999999999999997,0.5999999999999999,0.39999999999999997,0.3162,3.6835999999999998,0.44,0.08480000000000001,96.2,0.098,45.26,,1.6600000000000001,,70.0,2.576,35.0,137.0,197.8,576.0,1.15,0.15819999999999998,,0.824,,30.8
berbere,Berbere,3,0.8194311261177063,281.0,6.406666666666666,,1.3,1.7,,27.45,22.333333333333332,2.353333333333333,,,,1.4366666666666665,,,,19.133333333333333,,,,,,,,,,,3000.0,10.333333333333334,0.35333333333333333,24.0,,0.0,2760.3333333333335,,,,,,
bergamot,Bergamot,1,0.7830710411071777,357.0,3.57,,0.0,0.0,,32.14,89.0,21.43,,,,21.43,,,0.0,,,,,,,,,,,,,536.0,0.0,,,0.0,1143.0,,,,,,
berry,Berry,5,0.8646928071975708,116.0,30.9875,,2.12,7.9,,5.0920000000000005,7.2,2.0256,0.0,0.001,,1.4460000000000002,41.0,29.8125,0.03333333333333333,213.34,0.09066666666666667,0.05633333333333334,73.9986,104.695,8.5844,25.666666666666668,25.202,10.266666666666667,,11.466666666666667,,14.6,0.6220000000000001,23.0,56.333333333333336,614.6,1827.4,0.43333333333333335,0.09433333333333334,,,,3.133333333333333
bilimbi,Bilimbi,1,0.6736263036727905,76.0,8.11,,1.1,1.52,,2.44,10.0,0.49,0.0,0.0,,5.5,113.0,0.52,0.0,10.5,0.073,0.114,1.758,,0.207,37.0,0.26,18.7,,95.4,,25.0,0.93,28.0,68.0,244.0,435.0,0.92,0.076,,,,5.0
birds_eye_chili,Birds Eye Chili,5,0.8165094256401062,107.6,10.122,,2.6399999999999997,1.302,,3.8,23.4,1.2216,0.0013333333333333333,0.001,,8.366,13.333333333333334,0.7000000000000001,0.0,4.0200000000000005,0.067,0.09075,1.88625,,0.27149999999999996,47.75,0.2225,36.46666666666666,,5.166666666666667,43.5,21.0,1.166,30.0,113.66666666666667,201.6,345.8,1.325,0.133,,,,8.299999999999999
birds_nest,Birds Nest,5,0.7870909571647644,326.2,48.172,,2.64,3.434,,9.5,16.6,2.284,0.04,0.02,,12.042,39.0,0.4,0.06666666666666667,0.4666666666666666,0.759,0.31525,6.037999999999999,,0.1,126.0,0.2,45.7,,2.4,,3.5,2.158,15.0,125.0,174.66666666666666,16.6,1.23,0.064,,,,20.0
biryani_masala,Biryani Masala,5,0.841476321220398,120.6,16.716,,1.2200000000000002,1.178,,3.59,15.8,1.2866,0.0,0.00025,,5.31,24.75,0.16999999999999998,0.04,3.34,0.10475,0.073,1.5875,,0.1245,23.5,0.1475,14.350000000000001,,3.65,,29.8,0.9940000000000001,18.5,66.5,180.0,188.4,0.725,0.07400000000000001,,,,5.425
biscotti,Biscotti,5,0.9010316729545593,417.2,66.898,,2.1399999999999997,34.064,,11.17,57.2,4.008,0.0,0.0,,8.828,20.0,1.4,0.15,0.1,0.126,0.29833333333333334,2.619333333333333,,0.037,69.33333333333333,0.1,35.3,,6.5,0.0,52.4,2.402,17.0,205.0,98.5,376.8,0.51,0.083,,,,12.8
biscuit,Biscuit,5,0.8948647379875183,367.7483747609943,42.958,,2.88,4.999999999999999,,18.702,4.0,11.605,0.0,0.0002,0.197,7.412000000000001,23.4,0.48,0.02,0.04,0.42679999999999996,0.305,3.6794000000000002,0.415,0.07339999999999999,81.0,0.012,1.98,,4.42,,82.6,2.766,21.6,471.4,152.8,943.6,0.6300000000000001,0.093,,0.388,,12.86
bison,Bison,3,1.000000238418579,141.6883365200765,0.03333333333333333,,0.0,0.0,,6.87,53.0,2.388,0.0,0.0,,20.566666666666666,0.0,0.19,0.0,0.0,0.141,0.246,5.322,,0.383,12.0,1.94,85.8,,1.2,,7.333333333333333,2.65,21.0,194.0,328.0,64.33333333333333,4.59,0.14,,,,20.0
bitter_almond,Bitter Almond,5,0.8160405158996582,244.0,49.459999999999994,,3.4599999999999995,15.958000000000002,,4.081999999999999,0.0,0.312,,,,4.708,,2.0,4.333333333333333,13.125,1.0,1.3813333333333333,16.25,,1.624666666666667,,4.876666666666668,,,,302.0,37.6,17.584,62.0,156.0,122.25,327.0,0.94,0.25,,,,
bitter_green,Bitter Green,5,0.8410670161247253,102.6,12.722000000000001,,4.64,7.0280000000000005,,1.058,0.0,0.21200000000000002,,,,10.828,,6.0,0.0,15.166666666666666,1.0,0.55,6.765,2.114,0.719,101.0,1.01,,,,225.0,112.4,1.9320000000000004,178.0,740.0,286.5,205.8,4.65,0.381,,1.0,19.0,
bitter_melon,Bitter Melon,5,0.7710750102996826,32.935251,8.14995,7.028999999999999,,,,0.2163,,,,,,0.53125,,,,15.73,,,,,,,,,,,,6.578999999999999,0.0,9.504,11.74,208.9,21.15,0.05999,0.009075,,0.03545,,
bitter_orange,Bitter Orange,3,1.0000001192092896,25.0,6.386666666666667,,0.0,8.473333333333334,,0.0,0.0,0.0,,,,0.0,,,0.0,8.0,,,,,,,,,,,0.0,1.6666666666666667,0.0,,,28.0,79.66666666666667,,,,,,
bittern,Bittern,2,0.751732349395752,0.0,0.0,,0.0,3.335,,0.0,0.0,0.0,,,,0.0,,,,0.0,,,,,,,,,,,0.0,0.0,0.0,,,,17616.5,,,,,,
bitters,Bitters,5,0.7763864398002625,142.2,27.665999999999997,,0.54,22.494,,2.732,2.0,1.23,0.0,0.0,,1.8719999999999999,8.5,0.52,0.0,6.38,0.012,0.11000000000000001,1.9281999999999997,0.057,0.139,18.4,0.0,10.7,,2.2333333333333334,,14.0,0.5479999999999999,22.0,67.75,143.2,80.8,0.2225,0.058,0.0,0.03333333333333333,0.0,3.125
black_bean,Black Bean,5,0.9663844704627991,114.2,16.214000000000002,,6.275,1.86,,3.222,0.0,0.24975,0.0,0.0,,5.4079999999999995,0.0,2.04,0.0,0.0,0.405,0.052,0.377,,0.109,94.0,0.0,30.3,,9.6,0.0,33.0,1.48,81.25,108.33333333333333,332.5,601.6,2.216666666666667,0.194,,0.0,,1.1
black_bean_paste,Black Bean Paste,5,0.8796183466911316,173.2,31.141999999999996,,8.4,9.002,,1.8380000000000003,0.0,0.013,0.0,0.0,,8.501999999999999,0.0,0.02,0.0,0.225,0.0575,0.05,0.3615,,0.086,59.0,0.0,21.9,,6.0,0.0,43.25,2.46,85.5,178.75,312.0,559.8,0.845,0.176,,0.0,,1.1
black_currant,Black Currant,5,0.8932743072509766,287.2,43.852,,4.925000000000001,39.4975,,10.791999999999998,0.0,0.6898,0.0,0.0,,7.014,8.0,0.555,0.0,37.559999999999995,0.4033333333333333,0.096,0.9575,0.398,0.32175,25.0,0.0,10.6,,3.3,,49.2,1.7900000000000003,110.0,267.75,485.4,11.2,2.55,0.85425,,3.4186666666666667,30.0,8.233333333333333
black_eyed_pea,Black Eyed Pea,5,0.9060088992118835,118.0,17.656,,4.76,2.646,,2.67,0.8,0.533,0.0,0.0,,6.414,10.333333333333334,0.9466666666666667,0.0,1.08,0.17025,0.057666666666666665,0.6143333333333333,,0.10133333333333333,118.75,0.0,39.5,,27.76666666666667,0.0,16.8,1.732,47.75,127.0,265.8,209.2,1.42,0.20133333333333334,,,,2.9666666666666663
black_garlic,Black Garlic,5,0.9154296517372131,103.8,14.464000000000002,,1.92,8.478,,3.6199999999999997,0.0,0.0,,,,2.476,,,0.0,0.0,,,0.833,0.417,0.083,,0.25,,,,,1.6,0.708,7.0,,4.2,8923.2,0.51,,,0.0,,
black_olive,Black Olive,5,0.9521887302398682,153.2,6.376,,3.56,0.0,,14.559999999999999,0.0,2.5458,0.0,0.0,,0.16799999999999998,17.0,2.825,0.0,0.225,0.003,0.0,0.037,,0.009,0.0,0.0,10.3,,1.4,0.0,105.25,4.4575,6.5,5.0,2.6666666666666665,855.8,0.21000000000000002,0.251,,,,0.9
black_pepper,Black Pepper,5,0.8637086749076843,250.76481835564056,54.73199999999999,,20.240000000000002,4.0840000000000005,,3.322,7.2,1.1136,0.0,0.0,0.152,16.17,27.0,1.04,0.0,0.0,0.108,0.18,1.143,1.399,0.291,17.0,0.0,11.3,,163.7,,354.4,8.282,171.0,158.0,1159.6,208.8,1.19,1.33,,12.753,,4.9
black_rice,Black Rice,5,0.8580289483070374,268.907742,50.98965,,6.4158,0.11750000000000001,,3.1816000000000004,0.0,0.5022500000000001,0.0,0.0,,8.80975,0.0,1.275,0.0,0.0,0.13535999999999998,0.019999999999999997,2.8904,,0.11080000000000001,91.5,0.0,20.05,,5.8,,38.08,2.0852,70.8,172.9,171.12,719.4,1.1386666666666667,0.16916666666666666,,3.906,,3.2
black_salt,Black Salt,5,1.000000238418579,69.4,12.154,,3.5200000000000005,0.308,,0.306,0.0,0.076,,,,4.458,,,0.0,0.0,,,,,,,,,,,0.0,29.4,1.308,,,249.5,7789.2,,,,,,
black_sesame_seed,Black Sesame Seed,5,0.9735231399536133,612.8,23.601999999999997,,19.639999999999997,0.0,,46.970000000000006,0.0,6.942,,,,20.906,,,,0.0,1.0,0.243,5.714,,,114.0,,,,,,605.0,20.894,395.0,726.5,423.4,11.6,7.32,5.286,,5.5,,
black_tea,Black Tea,5,1.0000003576278687,8.8,2.4299999999999997,,0.0,2.0100000000000002,,0.0,0.0,0.0,,,,0.0,,,,0.0,,,0.8329999999999999,0.417,0.083,,0.25,,,,,5.6,0.0375,5.75,,22.2,6.4,0.51,,,0.0,,
black_treacle,Black Treacle,5,0.7455909252166748,228.6,33.452,,13.12,10.074,,6.8180000000000005,0.0,0.834,,,,9.484,,,0.0,0.0,1.0,,,,,125.0,,,,,0.0,183.0,3.404000000000001,167.0,,462.8,36.8,4.69,,,,,
black_truffle,Black Truffle,5,0.9317679405212402,487.0,5.196,,2.1399999999999997,0.714,,46.88199999999999,108.4,22.467999999999996,,,,18.118000000000002,,25.0,0.0,0.0,,,,,,,,,,,,290.0,0.9719999999999999,264.0,,19548.4,433.2,,,,,,
black_vinegar,Black Vinegar,5,0.8789581060409546,64.0,13.356,,0.0,5.356,,0.0,0.0,0.0,0.0,0.0,,0.0,0.0,0.0,0.0,0.0,0.0,0.0,0.0,0.0,0.0,0.0,0.0,0.0,,0.0,,6.0,0.03,1.0,4.0,2.0,1.2,0.01,0.006000000000000001,,0.055,,0.5
blackberry,Blackberry,5,0.8725760579109192,196.2,35.31399999999999,,0.9199999999999999,25.278,,5.409999999999999,1.2,2.406,,,,1.932,,,0.0,0.575,0.0,0.153,1.562,0.588,,,,,,,,30.0,0.162,,88.0,128.4,147.0,,,,,,
blackening_seasoning,Blackening Seasoning,5,0.8721238374710083,133.2,25.964,,3.5200000000000005,0.0,,0.7,0.0,0.13999999999999999,,,,4.912,,,0.0,0.0,0.0,0.0,2.105,,,,,,,,1800.0,28.0,1.264,,,52.666666666666664,10117.4,,,,,,
blood_orange,Blood Orange,5,0.9152383208274841,78.2,19.376,,0.0,17.282000000000004,,0.0,0.0,0.0,,,,0.0,,,0.0,4.2,,,4.5075,3.24,0.42250000000000004,,2.37,,,,,3.3333333333333335,0.0,17.0,,22.0,26.0,,,,,,
blood_sausage,Blood Sausage,2,0.9999997615814209,378.585086042065,1.29,,0.0,1.29,,34.5,120.0,13.4,0.0,0.0,,14.6,0.0,0.13,1.3,0.0,0.07,0.13,1.2,0.6,0.04,5.0,1.0,72.8,,0.0,,6.0,6.4,8.0,22.0,38.0,680.0,1.3,0.04,,0.01,,15.5
blood_tofu,Blood Tofu,5,0.8017804622650146,245.36940726577436,9.618,,3.8,2.2266666666666666,,16.1,0.0,2.3280000000000003,0.0,0.0,,20.506,6.0,0.12999999999999998,0.0,0.68,0.21020000000000003,0.1076,0.4016,0.20675,0.119,36.2,0.0,87.0,,6.366666666666667,,254.4,4.502000000000001,54.2,233.6,86.8,589.2,2.15,0.4852,,1.96325,,28.32
bloody_mary_mix,Bloody Mary Mix,5,0.9999999403953552,22.4,5.01,,0.64,2.9,,0.142,0.0,0.0,,,,0.76,,,0.0,6.266666666666667,0.0,0.131,,,0.0409999999999999,12.0,0.25,,,,65.0,18.0,0.642,,41.0,140.0,502.8,0.31,,,,,
blue_cheese,Blue Cheese,5,0.9319460988044739,346.0,11.118,,0.48,1.442,,27.291999999999994,45.0,13.343399999999999,0.0,0.0,,15.409999999999997,198.0,0.25,0.375,0.0,0.021750000000000002,0.34724999999999995,1.47625,1.729,0.166,40.6,1.22,15.4,,2.4,0.0,326.4,0.7,23.0,387.0,192.0,948.6,2.66,0.04,,0.009,,14.5
blue_curacao,Blue Curacao,4,0.7092929482460022,354.0,2.6475,,0.0,0.375,,28.697499999999998,83.0,19.35925,0.0,0.0,,21.4075,198.0,0.25,0.375,0.0,0.029,0.38199999999999995,1.016,1.729,0.166,36.0,1.22,15.4,,2.4,193.0,485.25,0.23249999999999998,23.0,387.0,225.25,1118.5,2.66,0.04,,0.009,,14.5
blueberry,Blueberry,5,0.950796365737915,248.0,37.391999999999996,,5.180000000000001,13.363999999999999,,8.928,0.0,0.6900000000000001,,,,6.5120000000000005,,4.0,2.5,3.44,0.5,0.5455,7.4265,,1.0,488.0,6.0,,,,110.0,67.2,6.796000000000001,102.5,250.0,236.0,71.0,10.0,1.034,,2.0,,
bluefish,Bluefish,5,0.7714192271232605,95.12428298279158,0.0,,0.0,0.0,,1.5720000000000003,85.2,0.4122,0.23159999999999997,0.1374,,18.969999999999995,131.8,1.672,1.1400000000000001,2.6399999999999997,0.06660000000000002,0.12459999999999997,3.9284,1.0084,0.2158,41.2,4.55,77.72,0.0,0.24,,74.4,0.604,38.8,238.0,257.6,458.2,3.168,0.6684,,0.0622,,41.620000000000005
bok_choy,Bok Choy,5,0.903767466545105,73.65180000000001,12.74499,,1.1318,5.22,,1.09876,0.0,0.0,,,,3.5447500000000005,,,0.0,44.73333333333333,0.0,0.263,,,,35.0,,,,45.9,222.5,79.986,0.9137599999999999,13.64,30.51,177.35999999999999,196.254,0.2738,0.02758,,0.1962,,
bolillo,Bolillo,3,0.9299909472465515,285.0,52.27666666666667,,4.2,3.6300000000000003,,4.743333333333333,0.3333333333333333,1.1636666666666666,0.0,0.0,,10.906666666666666,1.0,0.0,0.0,5.3999999999999995,0.22666666666666668,0.3203333333333333,4.639666666666667,,0.105,89.66666666666667,0.13,14.3,,10.9,,154.66666666666666,3.203333333333333,30.0,111.0,131.0,498.6666666666667,0.88,0.135,,,,38.8
bolognese_sauce,Bolognese Sauce,5,0.9999998807907104,93.2,6.872000000000002,,1.3000000000000003,3.768,,5.1579999999999995,1779.6,1.23,,,,4.874,,,0.0,8.575,,,,,,,,,,,279.0,22.8,0.9879999999999999,,,135.4,86963.8,,,,,,
bombay_duck_fish,Bombay Duck Fish,5,0.7430012226104736,168.4,19.866000000000003,,0.38,10.553999999999998,,5.556,33.6,1.0948,0.07866666666666668,0.09600000000000002,,8.842,31.666666666666668,1.9200000000000002,1.4500000000000002,2.225,0.074,0.055999999999999994,1.4626666666666666,,0.12333333333333334,17.0,0.7966666666666667,54.96666666666666,,8.233333333333333,,20.2,0.41200000000000003,19.666666666666668,206.0,156.0,278.2,0.3866666666666667,0.05466666666666667,,,,21.233333333333334
bone,Bone,5,0.7906085848808289,174.2,15.820000000000002,,0.06,8.806000000000001,,6.048,35.8,2.3164000000000002,0.0005,0.0015,,13.001999999999999,2.5,0.22,0.275,0.02,0.5576666666666666,0.4243333333333334,6.929666666666667,,0.506,4.5,1.245,81.05,,0.7,,14.0,0.7740000000000001,22.0,199.0,146.4,171.2,4.05,0.08149999999999999,,,,34.900000000000006
bone_marrow,Bone Marrow,3,0.7073484063148499,204.0,0.39666666666666667,,0.0,0.39666666666666667,,11.666666666666666,73.66666666666667,4.457333333333334,0.0005,0.0015,,22.906666666666666,2.5,0.22,0.55,0.05,0.3365,0.238,5.707,,0.506,4.5,1.245,81.05,,0.7,,16.5,1.2366666666666668,22.0,199.0,303.5,657.0,4.05,0.08149999999999999,,,,34.900000000000006
bonito,Bonito,5,0.7673959732055664,281.6,17.972,,13.080000000000002,0.532,,18.512,32.8,5.247,0.019666666666666666,0.008,,10.674,19.0,1.7233333333333334,0.075,0.7000000000000001,0.21833333333333335,0.17466666666666666,4.77925,,0.12533333333333332,44.0,0.6933333333333334,30.8,,6.1000000000000005,,357.4,3.65,111.5,208.33333333333334,428.0,770.0,2.5075000000000003,0.6595000000000001,58706.0,2.0,,26.4
bonito_flakes,Bonito Flakes,5,0.7768225073814392,347.0,50.424,,13.299999999999997,18.56,,13.303999999999998,4.8,1.5904,0.0,0.003,,4.896,45.0,3.27,0.0,10.825,0.6849999999999999,0.9550000000000001,11.240000000000002,,1.123,175.5,3.3633333333333333,19.9,,6.4,,196.2,8.405999999999999,197.5,196.0,452.25,771.4,3.85,1.227,58706.0,2.0,,33.9
borage,Borage,2,0.892763078212738,23.01625239005736,3.3049999999999997,,,,,0.755,0.0,0.1835,,,,1.9449999999999998,214.5,,0.0,33.75,0.0595,0.1575,0.9199999999999999,0.043,0.086,11.5,0.0,,,,,97.5,3.4699999999999998,54.5,54.0,480.5,202.0,0.21000000000000002,0.1365,,0.367,,0.9
borlotti_bean,Borlotti Bean,5,0.8232630491256714,104.6,14.95,,5.22,1.6019999999999999,,3.098,0.0,0.8240000000000001,,,,4.409999999999999,,,,60.325,,,,,,69.5,,,,5.7,,20.4,0.834,35.0,77.5,234.2,243.8,,,,,,
bottarga,Bottarga,1,0.6807628273963928,333.0,20.0,,0.0,16.67,,26.67,33.0,3.33,,,,0.0,,,,0.0,,,,,,,,,,,,0.0,0.0,,,0.0,800.0,,,,,,
bottle_gourd,Bottle Gourd,5,0.7603692412376404,60.79923518164436,15.725999999999999,,0.0,15.725999999999999,,0.04,0.0,0.0032,0.0,0.0,,0.04,0.0,0.0,0.0,1.08,0.0052,0.004,0.0,0.0052,0.0,0.0,0.0,0.9,,0.0,,0.8,0.044,0.4,2.4,13.4,41.4,0.028000000000000004,0.0,0.0,0.0,0.0,0.16
bouquet_garni,Bouquet Garni,4,0.794431209564209,252.33333333333334,40.3575,,1.2,13.3325,,2.3449999999999998,29.0,0.515,,,,6.595,,,0.0,0.55,1.0,0.304,5.357,,,143.0,,,,,,7.25,0.6000000000000001,,,93.5,1335.25,,,,,,
bourbon,Bourbon,5,0.8553985953330994,260.8,36.11,,1.3,31.448,,6.366,1.6,1.7475,0.0,0.0,,4.558,0.0,0.0,0.0,0.0,0.006,0.6255000000000001,0.013,,0.001,0.0,0.0,0.0,,0.0,,31.4,1.5100000000000002,56.666666666666664,4.0,188.2,579.8,2.3000000000000003,0.021,,2.0,,0.0
boursin_cheese,Boursin Cheese,5,0.7777702212333679,419.2,11.591999999999999,0.07,0.0,0.36,,28.15,86.8,15.669999999999998,0.0,0.007200000000000001,0.102,29.653999999999996,228.4,0.484,0.2,0.0,0.0278,0.3514,0.08420000000000001,0.457,0.07520000000000002,6.2,1.3559999999999999,14.24,7.1,1.72,,890.6,0.42000000000000004,34.92,633.2,173.0,1679.6,4.358,0.0402,,0.066,,33.88
boysenberry,Boysenberry,5,0.8540465235710144,124.58087954110897,30.546,,5.08,15.05,,0.792,0.6,0.1224,0.0,0.0,,2.32,2.6666666666666665,0.87,1.25,3.1,0.28300000000000003,0.23299999999999998,2.88,0.21033333333333334,0.2815,88.75,0.7325,10.2,,7.8,0.0,52.6,2.6700000000000004,14.333333333333334,21.333333333333332,132.2,114.0,0.21,0.07666666666666667,,0.448,,0.26666666666666666
braising_liquid,Braising Liquid,5,0.7946866750717163,299.2,4.548,,0.0,4.612,,30.857999999999997,90.4,18.813,0.0,0.0072,0.122,2.472,329.0,0.898,1.28,0.48,0.016,0.1504,0.0512,0.495,0.028000000000000004,3.2,0.128,13.440000000000001,,3.06,,54.6,0.08600000000000001,5.6,59.2,114.2,35.0,0.196,0.008799999999999999,,0.006,,2.62
bran,Bran,5,0.794617235660553,235.39961759082217,50.766000000000005,,14.420000000000002,4.386,,4.936,0.0,0.8122,0.0,0.0,,12.510000000000002,0.8,0.806,0.0,0.0,0.6708000000000001,0.3578,6.1968000000000005,1.1225999999999998,0.37639999999999996,75.8,0.0,32.54,,1.7,,66.0,5.166,199.2,441.4,451.4,196.2,2.694,0.371,,4.0546,,42.3
brandy,Brandy,2,0.9999998807907104,160.0,3.9,,0.0,3.74,,0.095,0.0,0.0,0.0,0.0,,0.0,0.0,0.0,0.0,0.0,0.0035,0.0025,0.008,,0.0005,0.0,0.0,0.1,,0.0,,0.5,0.03,0.0,6.0,3.0,2.0,0.06,0.0155,,,,0.05
branzino,Branzino,1,0.6682927012443542,123.0,7.02,,3.5,0.0,,7.02,0.0,0.88,,,,10.53,,,,,,,,,,,,,,,,63.0,3.51,,,561.0,263.0,,,,,,
bratwurst,Bratwurst,5,1.0000003576278687,274.6,3.2979999999999996,,0.0,1.3579999999999999,,21.4,67.6,7.790000000000001,,,,14.675999999999998,,,1.0,0.375,,,,,,,,,,,0.0,42.0,0.884,,,231.0,579.0,,,,,,
braunschweiger,Braunschweiger,2,0.7985699772834778,327.0,3.1,,0.0,0.0,,28.5,180.0,9.307,0.0,0.0,,14.5,4220.0,0.35,1.2,0.0,0.249,1.525,8.368,3.38,0.33,44.0,20.09,255.9,,1.6,,9.0,11.2,11.0,168.0,199.0,977.0,2.81,0.24,,0.155,,58.0
brazil_nut,Brazil Nut,5,0.9577606916427612,679.9172000000001,13.994432,,6.716799999999999,2.5575,,65.964,0.0,16.7575,,,,14.055367999999998,,,0.0,0.0,,,,,,,,,,,0.0,150.76,2.8608000000000002,370.43333333333334,706.9,599.1,0.8,3.824,1.739,,1.26,,842.1333333333333
bread,Bread,5,0.9080667495727539,284.0,50.696000000000005,,3.28,4.256,,4.596,20.4,1.0328,0.006,0.0005,0.161,10.448,31.5,0.25,0.16,0.1,0.4385,0.40900000000000003,5.5489999999999995,0.369,0.10850000000000001,95.5,0.05,53.199999999999996,,3.3,,152.0,3.34,39.0,147.0,159.6,485.0,1.13,0.18,,0.9384999999999999,,31.75
bread_crumbs,Bread Crumbs,5,1.0,377.2,71.87,7.14,4.98,8.203999999999999,,4.954,0.0,0.4,,,,13.532,,,0.0,0.0,1.0,0.6332,5.431400000000001,,,158.6,,,,,72.0,190.8,6.2459999999999996,,,146.4,906.4,6.0,,62.0,,,
breadfruit,Breadfruit,5,0.9050180315971375,76.76864244741873,19.606,8.99,3.4400000000000004,11.433333333333332,,0.32399999999999995,0.0,0.05366666666666667,0.0,0.0,0.043,1.0560000000000003,1.8,0.8400000000000001,0.0,73.74,0.0548,0.0368,0.5542,0.2892,0.08020000000000001,22.2,0.02666666666666667,7.166666666666667,,17.54,,24.2,0.354,18.68,30.6,338.2,3.4,0.12000000000000002,0.11739999999999999,,0.059199999999999996,,0.4
bream,Bream,1,0.6730755567550659,14.0,0.41,,0.4,0.0,,0.82,0.0,0.0,,,,1.22,,,,,0.0,0.056,,,0.049,,0.1,,,,,8.0,0.0,7.0,16.0,55.0,335.0,,,31.0,,,
bresaola,Bresaola,5,0.7520410418510437,184.2,5.1659999999999995,,1.9799999999999998,1.9140000000000001,,18.455999999999996,0.0,1.998,,,,2.29,,,0.0,97.9,,,,,,,,,,,,33.4,0.826,,,163.0,523.4,,,,,,
brewers_yeast,Brewers Yeast,5,0.874245822429657,224.29177820267688,29.24,,8.459999999999999,9.634,,5.161999999999999,13.2,0.8160000000000001,0.001,0.0,,18.88,15.5,0.4975,0.0,0.45999999999999996,14.516,9.81625,74.396,4.6,0.40175,2496.0,0.3025,50.87499999999999,,1.2000000000000002,,47.2,2.37,107.75,230.25,1316.5,1425.2,4.227500000000001,0.2535,,0.261,,20.025
brick_cheese,Brick Cheese,5,0.9156978130340576,371.0,2.79,,0.0,0.51,,29.68,94.0,18.764,0.0,0.0,,23.24,292.0,0.26,0.5,0.0,0.014000000000000002,0.351,0.118,,0.065,20.0,1.26,15.4,,2.5,,674.0,0.43,24.0,451.0,136.0,560.0,2.6,0.024,,,,14.5
brick_tea,Brick Tea,5,0.7798148393630981,67.6,12.168000000000001,,1.25,9.916,,2.0,0.0,1.6666666666666667,,,,1.25,,,,8.333333333333334,,,0.833,0.417,0.083,,0.25,,,,,26.0,0.56,7.0,,106.25,131.2,0.51,,,0.0,,
brie_cheese,Brie Cheese,5,0.9287567138671875,334.0,0.45,,0.0,0.45,,27.68,100.0,17.41,0.0,0.0,,20.75,174.0,0.24,0.5,0.0,0.07,0.52,0.38,,0.23499999999999996,65.0,1.65,15.4,,2.3,,184.0,0.5,20.0,188.0,152.0,629.0,2.38,0.019,,,,14.5
brine,Brine,5,0.840835452079773,129.4,16.36,0.0,0.52,0.526,,4.38,33.4,0.626,,,,20.220000000000002,,,0.0,0.8,,,,,,,,,,,16.0,94.2,0.782,,,1237.75,4568.8,,,,,,
brioche,Brioche,5,1.000000238418579,303.8,49.989999999999995,,1.8,9.23,,6.731999999999999,28.4,2.282,,,,9.048,,,0.5,0.0,0.6,0.3358,4.043200000000001,,,124.2,,,,7.7,0.0,74.0,2.466,15.0,,104.0,439.0,2.7649999999999997,,,,,
broccoli,Broccoli,5,0.9003010392189026,31.548757170172088,6.29,1.4,2.4,,,0.34,,0.039,,,,2.57,8.0,0.15,,53.3,0.077,0.11400000000000002,0.639,0.61,0.191,65.0,,,,102.0,,46.0,0.69,21.0,67.0,303.0,36.0,0.42000000000000004,0.059,,0.197,,1.6
broccoli_rabe,Broccoli Rabe,5,0.8591688275337219,25.05239005736137,3.646,1.4,2.68,0.5,,0.472,0.0,0.07659999999999999,0.0,0.0,,3.314,144.8,1.69,0.0,33.54,0.1478,0.13040000000000002,1.4222000000000004,0.43,0.19460000000000002,74.6,0.0,25.950000000000003,,212.4,,99.6,1.502,23.8,75.4,276.2,42.8,0.608,0.0586,,0.3494,,1.2399999999999998
broccolini,Broccolini,5,0.764570415019989,31.548757170172088,6.29,1.4,2.4,,,0.34,,0.039,,,,2.57,8.0,0.15,,53.3,0.077,0.11400000000000002,0.639,0.61,0.191,65.0,,,,102.0,,46.0,0.69,21.0,67.0,303.0,36.0,0.42000000000000004,0.059,,0.197,,1.6
broth,Broth,5,0.9096345901489258,8.805353728489482,0.292,0.0,0.0,0.08,,0.284,0.2,0.0656,0.06733333333333334,0.06333333333333334,,1.146,0.6666666666666666,0.10666666666666667,0.0,0.0,0.004,0.03333333333333333,1.08,,0.008333333333333333,3.0,0.08,6.8,,0.13333333333333333,0.0,13.0,0.10800000000000001,1.3333333333333333,22.666666666666668,42.4,232.0,0.08,0.03666666666666666,,,,0.6666666666666666
brown_rice,Brown Rice,5,1.0,207.0,40.294,,2.5200000000000005,0.05600000000000001,,2.84,0.0,0.3564,0.0,0.0,,5.248,0.0,1.35,0.0,0.0,0.03266666666666667,0.032,1.423,,0.07,32.666666666666664,0.0,22.5,,6.0,0.0,26.2,1.166,92.0,217.5,175.0,131.0,1.02,0.198,,4.0,,12.85
brown_sauce,Brown Sauce,5,0.877458930015564,206.8,28.659999999999997,,0.0,17.732,,9.052,1.8,5.202,,,,2.1119999999999997,,,0.0,0.0,,,,,,,,,,,20.0,0.0,0.0,,,66.0,1558.2,,,,,,
brown_sugar,Brown Sugar,5,0.8936700820922852,380.019120458891,98.09,,0.0,97.02,,0.0,0.0,0.0,0.0,0.0,,0.12,0.0,0.0,0.0,0.0,0.0,0.0,0.11000000000000001,0.132,0.041,1.0,0.0,2.3,,0.0,,83.0,0.71,9.0,4.0,133.0,28.0,0.03,0.047,,0.064,,1.2
browning_sauce,Browning Sauce,5,0.9242883324623108,161.8,38.733999999999995,,2.3,27.190000000000005,,2.306,5.0,1.128,,,,1.0939999999999999,,,,3.3600000000000003,,,,,,,,,,,0.0,3.2,0.172,,,,448.2,,,,,,
brussels_sprout,Brussels Sprout,5,0.981011688709259,55.491,9.235375,,4.351,2.475,,0.45699999999999996,0.0,0.0,,,,3.8766249999999998,,,0.0,52.349999999999994,,,,,,,,,,177.6,,33.184000000000005,0.6163000000000001,25.0,78.54,449.09999999999997,22.843999999999998,0.3663,0.03843,,0.24,,
bryndza,Bryndza,1,0.6583192944526672,210.0,8.06,,0.0,3.23,,14.52,32.0,8.06,,,,9.68,,,,0.0,,,,,,,,,,,,323.0,0.0,,,,339.0,,,,,,
buckwheat,Buckwheat,5,1.000000238418579,193.7407542156023,40.058132,,4.4092,1.3150000000000002,4.805,2.2657999999999996,1.5,0.599,0.0,0.0003333333333333333,,6.657068000000001,11.666666666666666,0.2733333333333333,0.03333333333333333,0.0,0.25845,0.11112499999999999,3.3377499999999998,0.39949999999999997,0.26515,27.0,0.0,31.366666666666664,,4.233333333333333,,15.128,1.7628,138.5,211.925,291.125,37.8,1.6365,0.31909999999999994,,1.2209999999999999,55.25,5.8999999999999995
budae_jjigae_base,Budae Jjigae Base,1,0.7060519456863403,44.0,7.59,,1.3,3.8,,1.27,6.0,0.0,,,,2.53,,,0.0,,,,,,,,,,,,,20.0,1.27,,,186.0,861.0,,,,,,
buffalo_meat,Buffalo Meat,5,0.8334769010543823,183.5,11.688,,2.9799999999999995,2.75,,10.209999999999999,29.4,0.9959999999999999,,,,9.475999999999999,,,0.0,3.533333333333333,,,,,,,,,,,240.0,32.5,1.205,,,146.25,972.4,,,,,,
buffalo_milk,Buffalo Milk,5,0.8652724623680115,177.02332695984703,13.928,,1.2,3.0933333333333333,,11.898,17.6,4.3628,,,,5.498,53.0,,,1.15,0.034666666666666665,0.171,1.0130000000000001,0.192,0.023,35.666666666666664,0.36,,,,,129.75,0.7024999999999999,31.0,117.0,178.0,183.0,0.22,0.046,,0.018,,
buffalo_wing_sauce,Buffalo Wing Sauce,5,1.0000003576278687,32.4,4.508,,4.78,0.588,,3.604,0.0,0.0,,,,0.0,,,0.0,11.48,,,,,,,,,,,240.0,47.8,1.722,,,132.2,3096.0,,,,,,
buldak_sauce,Buldak Sauce,5,0.7785278558731079,211.8,23.45,,0.9,14.828,,12.7,33.4,5.35,,,,0.9,,,0.0,0.0,,,,,,,,,,,,8.0,0.0,,,18.0,890.4,,,,,,
bulgogi,Bulgogi,4,0.7434547543525696,157.2543021032505,32.585,,6.425,0.1825,,1.7200000000000002,2.25,0.6114999999999999,0.0,0.00025,,5.3374999999999995,12.5,0.13999999999999999,0.025,0.0,0.09975,0.0495,2.01125,0.5776666666666666,0.1645,20.0,0.0,12.325,,1.5499999999999998,,16.5,1.32,64.5,104.5,152.75,67.5,0.8999999999999999,0.13875,,1.422,,1.025
bulgur,Bulgur,5,0.8860945701599121,142.4034416826004,29.764,,6.04,0.16599999999999998,,1.424,1.8,0.4976,0.0,0.0002,,4.882,10.0,0.11399999999999999,0.02,0.0,0.0912,0.045200000000000004,1.8078000000000003,0.5776666666666666,0.1482,19.6,0.0,11.239999999999998,,1.3399999999999999,,15.2,1.248,58.0,91.6,135.8,97.8,0.834,0.12600000000000003,,1.422,,0.9399999999999998
burdock_root,Burdock Root,3,0.902072012424469,81.33333333333333,17.58,,3.3333333333333335,2.94,,1.0633333333333332,0.6666666666666666,0.264,0.0,0.0,,1.5533333333333335,4.0,0.52,0.0,2.9,0.009666666666666665,0.03,0.299,0.321,0.24066666666666667,22.0,0.0,11.933333333333332,,2.3666666666666667,,41.666666666666664,0.8133333333333334,38.666666666666664,51.666666666666664,312.3333333333333,48.333333333333336,0.3333333333333333,0.078,,0.232,,0.6999999999999998
burrata,Burrata,5,0.8653168678283691,213.2,19.142,,1.4200000000000002,1.266,,11.187999999999999,48.8,8.1722,0.0,0.0,,11.053999999999998,11.0,0.08,0.0,0.6599999999999999,0.236,0.191,2.941,,0.141,48.0,0.57,27.9,,4.0,10.0,153.4,1.296,25.0,173.0,100.25,351.2,1.8,0.097,,,,16.5
butifarra,Butifarra,1,0.6585241556167603,51.0,7.63,,1.7,4.24,,1.69,0.0,0.0,,,,1.69,,,,10.2,0.0,0.029,0.339,0.169,0.068,7.0,0.0,,,4.1,,17.0,0.61,7.0,17.0,280.0,347.0,0.0,0.068,,0.0,,0.0
butter,Butter,5,0.8837746381759644,485.0,19.184,,0.74,9.069999999999999,,44.404,115.2,25.3368,0.001,0.012,,2.8560000000000003,495.5,0.40750000000000003,0.16,0.12,0.0058,0.0782,0.7304,,0.01175,29.0,0.0325,13.15,,4.925,,38.6,0.9440000000000002,3.25,21.5,57.0,396.0,0.115,0.023,,,,0.35
buttercream,Buttercream,5,0.8944724798202515,320.0,63.544,,9.8,33.176,,12.204,14.6,4.32,,,,2.874,,,,0.0,0.0,0.191,1.857,,,,,,,,,47.0,1.05,,,14.5,213.6,,,,,,
butterfish,Butterfish,5,0.7662933468818665,211.0,4.674,,0.18,0.14,,12.982,63.6,3.0258000000000003,0.624,0.4680000000000001,,17.746,64.0,2.2266666666666666,6.633333333333333,0.12,0.14100000000000001,0.1412,5.1892,0.75,0.3584,20.8,3.9799999999999995,73.7,,4.0,,36.2,1.25,45.2,223.6,381.6,227.8,0.6220000000000001,0.055999999999999994,,0.015,,43.160000000000004
butterfly_pea_flower,Butterfly Pea Flower,5,0.7838239073753357,144.8,23.054000000000002,,2.16,3.31,,2.978,15.4,0.476,,,,6.298,,,0.0,10.675,1.0,0.304,5.357,,,143.0,,,,,21.333333333333332,18.8,1.252,,,82.2,118.6,,,,,,
buttermilk,Buttermilk,5,1.0000001192092896,225.98360724,30.722880500000002,,1.325,10.36,,5.0962,3.5585999999999998,0.7385,,,,5.558995599999999,,,0.18100000000000002,0.0,0.02425,0.20282499999999998,2.315125,,0.1903275,100.0,0.7233333333333333,,0.3,0.0,,128.42000000000002,3.15265,11.03,137.2975,106.25,409.6225,0.4263,0.00135,34.16,0.0,,
butternut_squash,Butternut Squash,5,0.9499541521072388,92.4,17.477999999999998,,2.7,4.136,,1.716,11.4,0.836,,,,2.9539999999999997,,,0.0,1.15,,,,,,12.0,,,,,384.0,41.4,0.768,18.0,,190.8,104.6,,,,,,
butterscotch,Butterscotch,5,0.8883705735206604,420.5965583173996,75.086,,0.0,71.10799999999999,,11.7,3.6,9.825999999999999,0.0,0.0,,1.682,25.0,0.07666666666666666,0.0,0.1,0.008,0.010666666666666666,0.0013333333333333333,0.004,0.0,0.6666666666666666,0.06,2.733333333333333,,0.19999999999999998,0.0,58.6,0.004,1.6666666666666667,13.666666666666666,51.8,252.2,0.06,0.0006666666666666666,,0.001,,0.8333333333333334
cabbage,Cabbage,5,0.9038335680961609,24.617590822179732,5.8,,2.5,3.2,,0.1,0.0,0.034,0.0,0.0,,1.28,5.0,0.15,0.0,36.6,0.061,0.04,0.23400000000000004,0.21200000000000002,0.124,43.0,0.0,10.7,,76.0,,40.0,0.4699999999999999,12.0,26.0,170.0,18.0,0.18,0.019,,0.16,,0.3
cacao,Cacao,5,0.8801230788230896,184.2,19.212,,0.52,13.716000000000003,,10.754,0.0,4.436,,,,5.206,,,,2.2399999999999998,0.0,0.0795,0.9375,0.46900000000000003,0.094,12.0,0.28,,,3.75,0.0,65.0,1.22,18.5,,169.5,70.2,0.7000000000000001,0.094,7.0,0.0,,3.0
cachaca,Cachaca,1,0.6877843141555786,357.0,71.43,,21.4,7.14,,0.0,0.0,1.64,,,,14.29,,,,,,,,,,43.0,,,,,,196.0,5.5,307.0,136.0,1429.0,0.0,1.07,0.193,,0.0,,
caciocavallo,Caciocavallo,1,0.6950898766517639,357.0,76.79,,1.8,3.57,,1.79,0.0,0.0,,,,10.71,,,,0.0,1.0,0.455,7.143,,,214.0,,,,,,0.0,1.93,,,,0.0,,,,,,
caesar_dressing,Caesar Dressing,5,1.0,183.2,11.052,,0.02,8.598,,15.214000000000002,24.2,1.4746000000000001,0.008,0.005,,1.394,1.0,0.71,0.0,0.8,0.01,0.01,0.04,,0.0,1.0,0.03,17.4,,1.0,0.0,4.8,0.036,2.0,19.0,25.0,999.2,0.11,0.01,,,,1.6
cajeta,Cajeta,1,0.688522458076477,100.0,27.0,,1.5,0.0,,1.0,0.0,0.0,,,,5.5,,,,0.0,,,,,,,,,,,,0.0,0.0,,,,10.0,,,,,,
cajun_seasoning,Cajun Seasoning,5,1.0000001192092896,40.0,4.0,,6.0,0.0,,0.0,0.0,0.0,,,,0.0,,,,6.0,,,,,,,,,,,1800.0,113.4,2.88,,,833.5,8880.0,,,,,,
calabrian_chili,Calabrian Chili,5,0.7905388474464417,99.0,33.046,,2.7600000000000002,7.037999999999999,,12.504,2.6,3.2030000000000003,0.0,0.0,,5.130000000000001,34.0,1.92,0.0,3.9,0.0225,0.16449999999999998,2.703,,0.1875,20.5,0.325,13.7,,5.2,31.0,6.6,1.3059999999999998,26.0,64.66666666666667,224.2,1487.8,1.58,0.13,,,,1.1
calamansi,Calamansi,2,0.7430368065834045,25.0,7.805,,0.0,5.49,,0.0,0.0,0.0,,,,0.0,,,,30.4,,,,,,,,,,,,8.0,0.3,3.0,,19.0,2.0,0.13,,,,,
calcium_chloride,Calcium Chloride,1,0.7128663063049316,48.0,11.49,,0.3,9.47,,0.17,0.0,0.029,0.0,0.0,,0.12,0.0,0.01,0.0,30.3,0.004,0.015,0.067,,0.018,0.0,0.0,1.8,,0.0,,70.0,0.13,5.0,9.0,184.0,5.0,0.04,0.01,,,,0.1
calendula,Calendula,1,0.6558920741081238,353.0,74.12,,5.9,2.35,,1.76,0.0,0.47,,,,12.94,,,0.0,,1.0,0.353,8.824,,,,,,,,,24.0,2.94,,,206.0,4.0,,,,,,
calpis,Calpis,1,0.6804841160774231,150.0,10.0,,6.7,0.0,,13.33,0.0,1.67,,,,3.33,,,,12.0,,,,,0.267,80.0,,,,21.3,,0.0,0.0,,,500.0,383.0,,,,,,
calvados,Calvados,1,0.6933109164237976,48.996175908221794,11.89,,2.5,,,0.3,0.0,0.035,,,,1.04,12.0,,0.0,48.5,0.087,0.04,0.274,0.25,0.063,39.0,0.0,,,,,40.0,0.09,10.0,17.0,179.0,0.0,0.06,0.037,,0.023,,
camellia_oil,Camellia Oil,5,0.7579666376113892,825.0,0.0,,0.0,0.0,,93.332,20.0,12.478,,,,0.0,,,,0.0,,,,,,,,,,,,0.0,0.0,,,0.0,166.6,,,,,,
camembert_cheese,Camembert Cheese,5,0.9604611396789551,300.0,0.4600000000000001,,0.0,0.4600000000000001,,24.26,72.0,15.259,0.0,0.0,,19.8,241.0,0.21000000000000002,0.4,0.0,0.028000000000000004,0.488,0.63,,0.227,62.0,1.3,15.4,,2.0,,388.0,0.33,20.0,347.0,187.0,842.0,2.38,0.021,,,,14.5
campari,Campari,1,0.6872264742851257,324.0,61.76,,5.9,5.88,,2.94,0.0,0.0,,,,11.76,,,,0.0,1.0,0.5,4.706,,,176.0,,,,,,235.0,10.59,,,,941.0,,,,,,
canadian_bacon,Canadian Bacon,5,0.9024776220321655,124.31089866156788,1.524,,0.0,1.02,,2.684,55.6,0.9555999999999999,0.001,0.0006000000000000001,0.01175,23.509999999999998,0.0,0.296,0.13999999999999999,0.0,0.5742,0.1586,8.331399999999999,0.6375,0.25660000000000005,4.0,0.394,87.58000000000001,3.85,0.08,,6.4,0.488,22.8,267.6,809.4,847.8,1.4300000000000002,0.056999999999999995,,0.01525,,42.42
candied_fruit,Candied Fruit,5,0.9999998807907104,359.0592734225621,84.226,75.0,0.8,64.774,,2.3739999999999997,0.0,0.5932,0.0,0.0,,0.55,0.3333333333333333,0.07333333333333333,0.0,0.05,0.016333333333333335,0.017333333333333333,0.06166666666666667,0.112,0.028333333333333335,4.0,0.0,2.566666666666667,,0.4333333333333333,,7.4,0.25,10.333333333333334,20.333333333333332,29.2,51.0,0.20000000000000004,0.12133333333333333,,0.325,,0.9333333333333332
candlenut,Candlenut,5,0.7898607850074768,459.0,53.162,,7.420000000000002,23.918,,24.594,4.8,2.8686,0.006,0.0,,10.578,4.0,9.07,0.1,3.46,1.0833333333333333,0.651,6.869666666666667,1.875,0.6283333333333333,205.5,2.07,25.3,,9.3,0.0,217.0,7.087999999999999,57.0,151.0,334.6,292.2,5.1066666666666665,0.5535,,2.0,,12.6
candy,Candy,5,0.8944731950759888,390.6,91.236,,0.2,55.025999999999996,,2.812,2.0,1.4156,0.0,0.0,,1.51,5.25,0.18000000000000002,0.0,0.04,0.029750000000000002,0.0645,0.07375,,0.012750000000000001,2.25,0.08499999999999999,6.225,,1.8250000000000002,,28.2,0.54,10.0,35.75,67.0,100.0,0.25,0.0595,,,,1.25
candy_coating,Candy Coating,5,0.9999998211860657,437.0,68.00200000000001,,0.6599999999999999,61.334,,27.336000000000002,0.0,24.666,,,,2.668,,,0.0,0.0,,,,,,,,,,,0.0,53.4,1.8679999999999999,,,79.8,40.2,,,,,,
cane_syrup,Cane Syrup,5,1.0,205.0240917782027,55.964,,0.0,55.384,,0.0,0.0,0.0,0.0,0.0,,0.0,0.0,0.0,0.0,0.0,0.044333333333333336,0.031,0.052500000000000005,,0.001,0.0,0.0,3.5,,0.0,,7.5,0.9700000000000001,8.333333333333334,5.5,78.0,20.2,0.105,0.0205,,,,0.75
cane_vinegar,Cane Vinegar,5,0.8504682779312134,116.2,28.965999999999998,,0.0,12.373999999999999,,0.0,0.0,0.0,,,,0.0,,,,,0.0,,,,,,,,,,,10.0,0.18,12.0,,160.0,0.0,,,,,,
cannellini_bean,Cannellini Bean,5,0.9852720499038696,130.4,23.267999999999997,,10.559999999999999,0.546,,0.196,0.0,0.0,,,,8.620000000000001,,,0.0,0.0,,,,,,196.0,,,,,0.0,61.0,2.8600000000000003,157.0,,512.2,80.2,,,,,,
cannoli_shell,Cannoli Shell,5,0.7911415696144104,434.6,63.096000000000004,,4.4799999999999995,4.376,,15.962000000000003,0.0,2.8554,0.0,0.0,,11.868,0.0,0.54,0.0,1.0,0.825,0.35150000000000003,5.2909999999999995,,0.045,218.0,0.0,13.4,,7.8,,41.0,3.7399999999999998,65.5,255.5,364.0,93.4,0.51,0.763,,,,6.8
canola_oil,Canola Oil,5,1.0000003576278687,857.0,0.0,,0.0,0.0,,100.0,0.0,6.822,,,7.45,0.0,,737.5800000000002,0.0,0.0,,,,,,,,,,,,0.0,0.0,,,0.0,0.0,,,,,,
cantal_cheese,Cantal Cheese,5,0.7986658811569214,350.34799235181646,30.4,,0.16666666666666666,24.344,,20.122000000000003,73.33333333333333,11.066199999999998,0.0,0.0,,9.962,17.0,0.05,0.0,0.0,0.101,0.114,1.183,0.074,0.037,13.0,0.15,5.4,,0.2,321.0,486.6666666666667,0.3,9.0,47.0,81.33333333333333,407.2,0.45,0.296,,0.224,,9.5
cantaloupe,Cantaloupe,5,0.7991848587989807,33.69980879541109,8.16,7.88,0.8,,,0.18,,,,,,0.82,232.0,,,10.9,0.049,0.027000000000000003,0.694,0.085,0.04,14.0,,,,2.7,,9.0,0.38,13.0,17.0,157.0,30.0,0.44000000000000006,0.085,,0.046,,1.7
cape_gooseberry,Cape Gooseberry,3,0.7329011559486389,32.666666666666664,3.393333333333333,,0.0,2.98,,0.02666666666666667,0.0,0.0023333333333333335,0.0,0.0,,0.0,0.0,0.17,0.0,10.6,0.0003333333333333333,0.0003333333333333333,0.011333333333333334,0.0,0.0,0.0,0.0,0.8,,0.26666666666666666,,0.6666666666666666,0.02666666666666667,0.3333333333333333,0.6666666666666666,3.6666666666666665,0.6666666666666666,0.01,0.004333333333333333,0.0,0.0,0.0,0.06666666666666667
capelin,Capelin,1,0.7520737051963806,98.0,10.18,,0.0,8.94,,0.08,0.0,0.007,0.0,0.0,,0.0,0.0,0.17,0.0,31.8,0.001,0.001,0.034,,0.0,0.0,0.0,0.8,,0.8,,2.0,0.08,1.0,2.0,11.0,2.0,0.03,0.013,,,,0.2
caper,Caper,5,0.9323995113372803,11.2,2.312,,0.64,0.08199999999999999,,0.172,0.0,0.0466,0.0,0.0,,0.472,7.0,0.88,0.0,2.075,0.018,0.139,0.652,0.027,0.023,23.0,0.0,6.5,,24.6,,8.0,0.33399999999999996,33.0,10.0,8.0,2456.2,0.32,0.374,,0.078,,1.2
caperberry,Caperberry,1,0.69158536195755,23.0,4.89,,3.2,0.41,,0.86,0.0,0.233,0.0,0.0,,2.36,7.0,0.88,0.0,4.3,0.018,0.139,0.652,0.027,0.023,23.0,0.0,6.5,,24.6,,40.0,1.67,33.0,10.0,40.0,2348.0,0.32,0.374,,0.078,,1.2
capicola,Capicola,2,0.7483025193214417,333.0,35.0,,0.85,19.165,,20.0,0.0,15.835,,,,0.835,,,0.0,2.0,,,,,,,,,,,,0.0,0.6,,,175.0,775.0,,,,,,
capon,Capon,1,0.694394588470459,130.0,1.42,,0.0,,,5.18,292.0,1.64,0.04,0.01,,18.28,4374.0,,,18.4,0.097,1.119,6.984,3.618,0.47,394.0,12.95,,,,,10.0,6.25,18.0,207.0,226.0,77.0,3.38,0.268,,0.163,,55.3
caramel,Caramel,5,0.8955277800559998,275.6,62.834,,1.8199999999999998,43.156,,3.0599999999999996,0.8,1.0859999999999999,,,,3.246,,1.0,5.0,3.6999999999999997,1.0,0.872,5.128,,0.513,102.5,1.54,,,0.0,,33.4,2.562,,0.0,100.0,167.6,6.73,,,,,
caraway_seed,Caraway Seed,5,0.8780619502067566,309.76520076481836,39.379999999999995,,17.5,2.5425,,13.132,18.6,3.9647999999999994,0.0,0.0,,16.744,102.33333333333333,2.5,0.0,10.5,0.15940000000000001,0.3396,4.0984,0.19,0.254,30.5,0.09000000000000001,24.7,,0.0,,429.6,7.442,154.0,462.0,931.6666666666666,369.6,4.04,0.6146666666666667,,0.8736666666666667,,12.9
cardamom,Cardamom,5,0.8843263387680054,288.7697896749522,45.89,,48.059999999999995,241.11666666666665,,11.102,0.0,5.0920000000000005,,,,7.298,0.0,,0.0,260.5,0.198,0.182,1.102,,0.23,,0.0,,,,0.0,1510.2,30.176,229.0,178.0,15142.75,34.4,7.47,0.383,,28.0,,
cardoon,Cardoon,5,0.8968548774719238,48.793881453154874,5.24,,2.6599999999999997,2.216666666666667,,2.804,0.0,0.33859999999999996,,,,2.134,0.0,,0.0,9.26,0.019,0.0305,0.297,0.21750000000000003,0.079,45.0,0.0,,,,7.0,90.2,1.468,42.5,23.0,203.0,302.6,0.175,0.13,,0.1945,,0.6
carob,Carob,5,0.8488179445266724,337.96558317399615,58.068,,17.439999999999998,33.275999999999996,,13.680000000000001,22.0,11.9806,0.012,0.0,,11.014,0.8,0.9600000000000002,0.0,0.8800000000000001,0.11079999999999998,0.4342,2.3236,0.39849999999999997,0.2617999999999999,21.0,1.4300000000000002,36.68,,3.3600000000000003,,264.8,2.9159999999999995,41.4,128.2,645.6,130.2,2.824,0.3538,,0.32400000000000007,,6.9
carob_molasses,Carob Molasses,5,0.8584622740745544,208.8,62.552,,15.919999999999998,40.63199999999999,,0.26,0.0,0.036,0.0,0.0,,1.848,1.0,0.63,0.0,0.08,0.053,0.461,1.897,0.047,0.366,29.0,0.0,11.9,,0.0,,199.2,3.336,54.0,79.0,457.4,14.0,0.92,0.571,,0.508,,5.3
carp,Carp,5,0.8520557284355164,126.0,0.0,,0.0,0.0,,5.037999999999999,60.6,1.1023999999999998,0.3196,0.145,0.027,18.848,22.2,1.1,15.940000000000001,1.4,0.08760000000000001,0.055799999999999995,4.220000000000001,0.5900000000000001,0.31660000000000005,9.8,1.6920000000000002,65.0,,0.1,,29.8,0.758,29.4,312.0,352.2,59.8,0.99,0.048600000000000004,,0.06920000000000001,,30.52
carrageenan,Carrageenan,1,0.6937966346740723,0.0,0.0,,0.0,0.0,,0.0,0.0,0.0,,,,0.0,,,0.0,,,,,,,,,,,,,0.0,0.0,,,0.0,0.0,,,,,,
carrot,Carrot,5,0.863167405128479,41.0,9.58,,2.8,4.74,,0.24,0.0,0.032,0.0,0.0,,0.93,835.0,0.66,0.0,5.9,0.066,0.05800000000000001,0.983,0.273,0.138,19.0,0.0,8.8,,13.2,,33.0,0.3,12.0,35.0,320.0,69.0,0.24,0.045,,0.143,,0.1
carrot_top,Carrot Top,5,0.799312949180603,97.4,18.822,,1.7600000000000002,11.418000000000001,,1.9560000000000002,2.0,0.6188,0.0,0.0,,1.3099999999999998,835.0,0.66,0.0,4.28,0.033,0.075,1.0345999999999997,0.273,0.13575,24.666666666666668,0.0,8.8,,13.2,667.0,21.8,0.334,11.75,36.5,256.8,159.8,0.24,0.045,,0.143,,0.1
cartilage,Cartilage,1,0.6947510242462158,282.0,0.0,,0.0,0.0,,22.12,131.0,8.061,0.0,0.0,,19.14,0.0,0.3,0.4,1.3,0.022,0.292,3.462,,0.154,7.0,3.1,153.8,,1.2,,5.0,2.59,15.0,144.0,183.0,372.0,4.06,0.147,,,,13.1
cascabel_chile,Cascabel Chile,5,0.7691718935966492,86.8,8.474,,1.6,11.606,,6.590000000000001,8.2,3.004,,,,2.756,300.0,,0.0,4.58,,,,,,,,,,,107.25,91.4,0.654,,,61.0,311.8,,,,,,
cashew,Cashew,5,0.9547128081321716,552.4,37.39399999999999,,3.2600000000000002,15.572,,41.628,0.0,7.4734,0.0,0.0,,15.278,0.0,0.92,0.0,0.0,0.05,0.05,2.13575,0.0,0.064,23.0,0.0,61.0,,34.7,0.0,9.0,5.232,261.5,479.75,623.5,393.2,5.8225,2.7872500000000002,,1.0,,18.35
cassava,Cassava,5,0.8933525681495667,233.71141214999997,54.854594999999996,,2.7468,2.09,7.655,0.9207599999999999,0.5,0.26975000000000005,0.0,0.0,,1.5196450000000001,4.25,0.3375,0.0,22.075000000000003,0.09084999999999999,0.059300000000000005,0.9341999999999999,0.107,0.09637599999999999,29.5,0.0,29.15,,2.9,,30.910000000000004,1.0616,27.312,34.448,305.71999999999997,274.216,0.41798,0.11352600000000002,,0.3878,2.534,0.6799999999999999
catfish,Catfish,5,0.8564949631690979,179.6,4.688000000000001,,0.2,0.08,,10.547999999999998,55.0,1.9182000000000001,0.05439999999999999,0.0162,0.054,15.336000000000002,1.2,1.6720000000000002,0.21999999999999997,0.0,0.0754,0.10640000000000001,2.4246,0.67,0.14379999999999998,18.6,2.6059999999999994,64.94,0.6,6.82,,13.6,0.5780000000000001,20.0,204.4,298.8,250.8,0.518,0.0416,,0.015,,9.120000000000001
catnip,Catnip,5,0.8121659755706787,101.03977055449332,27.4,,0.3,21.27,,0.1,0.0,0.014000000000000002,0.0,0.0,,1.04,26.0,1.46,0.0,4.1,0.011,0.166,1.434,0.047,0.158,9.0,0.0,12.5,,3.0,,15.0,0.35,13.0,26.0,281.0,552.2,0.17,0.085,,0.084,,0.7
cattail,Cattail,1,0.6994280219078064,257.0,0.0,,0.0,0.0,,16.46,86.0,6.728,0.001,0.003,,25.9,3.0,0.31,0.2,0.0,0.067,0.188,5.415,,0.474,7.0,1.8,82.6,,1.4,,13.0,2.18,20.0,179.0,269.0,357.0,5.06,0.074,,,,28.1
caul_fat,Caul Fat,5,0.754763126373291,565.2141491395794,7.1579999999999995,,1.7399999999999998,0.044,,59.398,39.4,27.291200000000003,0.0,0.0002,,1.638,10.0,0.7060000000000001,1.2000000000000002,0.0,0.0232,0.013000000000000001,0.449,0.0,0.0524,7.0,0.038,22.000000000000004,,5.82,,5.2,0.418,12.6,18.2,30.8,243.2,0.31,0.030600000000000006,,0.0,,0.6
cauliflower,Cauliflower,5,0.9099396467208862,27.5923,4.723075,,1.948,,,0.2375,,,,,,1.640625,,,,,,,,,,,,,,,,20.35,0.3338,14.2,39.69,274.4,20.0,0.2344,0.02423,,0.141,,
cava,Cava,1,0.717812716960907,300.0,0.0,,0.0,0.0,,20.0,633.0,3.33,,,,20.0,,,,0.0,,,,,,,,,,,,133.0,9.6,,,,1667.0,,,,,,
caviar,Caviar,3,0.9999998211860657,243.0,0.0,,0.0,0.0,,13.81,351.3333333333333,2.54,,,,25.713333333333335,,,0.0,0.0,1.0,1.214,,,,,,,,,,44.333333333333336,7.913333333333334,,,125.0,2531.6666666666665,,,,,,
cayenne_pepper,Cayenne Pepper,5,1.0,255.8,26.938,,12.3,4.85,,18.336000000000002,0.0,2.018,0.0,0.0,,7.662000000000001,2081.0,29.83,0.0,38.2,0.328,0.919,8.701,,1.8713333333333335,106.0,0.0,51.5,,80.3,,85.0,3.8339999999999996,152.0,293.0,1235.5,701.2,2.48,0.373,,2.0,,8.8
celeriac,Celeriac,5,0.8905715346336365,20.265727000000002,4.49321,,1.8,1.6,,0.19,0.0,0.079,0.0,0.0,,0.69375,0.0,0.36,0.0,8.0,0.05,0.06,0.7,0.352,0.07440000000000001,8.0,0.0,9.0,,41.0,,45.624,0.13999999999999999,12.744,40.279999999999994,272.16,97.76799999999999,0.14032,0.014000000000000002,,0.09240000000000001,0.0,0.13999999999999999
celery,Celery,5,0.9064552783966064,14.83215875,3.3165125000000004,,,,,0.1625,,,,,,0.4921875,,,,,,,,,0.05175,,,,,,,46.28,0.0,10.93,21.6,265.2,97.21,0.0929,0.0,,0.076,0.0,0.0
celery_seed,Celery Seed,5,0.8194323182106018,14.83215875,3.3165125000000004,,,,,0.1625,,,,,,0.4921875,,,,,,,,,0.05175,,,,,,,46.28,0.0,10.93,21.6,265.2,97.21,0.0929,0.0,,0.076,0.0,0.0
celtuce,Celtuce,1,0.6705018877983093,0.0,0.0,,0.0,0.0,,0.0,0.0,0.0,0.0,0.0,,0.0,0.0,0.0,0.0,0.0,0.0,0.0,0.0,,0.0,0.0,0.0,0.0,,0.0,,3.0,0.0,1.0,0.0,0.0,4.0,0.01,0.01,,,,0.0
century_egg,Century Egg,5,0.7734594345092773,141.49330783938814,0.992,0.2,0.0,0.0,,9.592,402.2,3.04,,,,12.08,180.0,1.0,2.23,0.0,0.025666666666666667,0.4478,1.4,2.0,0.14575,62.25,0.9079999999999998,304.25,,,108.0,41.6,1.486,11.4,196.0,138.0,133.8,1.528,0.0,13539.275,0.0,16.0,30.275
cereal,Cereal,5,1.0,409.2,75.338,,5.720000000000001,29.631999999999998,,8.714,0.0,1.0472,0.0,0.0,,7.226000000000001,1.25,1.17,3.18,9.120000000000001,0.916,0.6984,6.481399999999999,1.212,0.6848,184.2,1.654,12.775,,4.75,250.0,117.4,13.274000000000001,50.4,124.6,148.0,492.0,1.5219999999999998,0.21259999999999998,,3.0,,12.819999999999999
chaat_masala,Chaat Masala,5,0.9060792922973633,189.2,32.762,,9.84,6.99,,7.351999999999999,0.6,3.5760000000000005,,,,4.39,,,0.5,1.5333333333333332,0.0,0.0,0.0,,,,,,,,,39.2,1.0759999999999998,,,369.75,267.6,,,,,,
chai_spice,Chai Spice,5,0.8688808083534241,303.2,49.05800000000001,,2.3400000000000003,23.008000000000003,,8.92,0.0,5.346000000000001,,,,5.909999999999999,,,,0.0,,,,,,,,,,,0.0,166.0,0.974,,,337.3333333333333,199.0,,,,,,
chamomile,Chamomile,5,0.8046667575836182,33.5736137667304,2.3020000000000005,,0.72,0.0,,2.8579999999999997,0.0,0.7156,0.0,0.0,,0.0,1.0,0.0,0.0,1.34,0.01,0.004,0.0,0.011000000000000001,0.0534,16.8,0.0,0.0,,4.26,,1.6,0.064,1.0,0.0,107.2,97.2,0.04,0.015,,0.044000000000000004,,0.0
champagne,Champagne,5,0.8658055067062378,215.6,40.797999999999995,,0.02,32.034000000000006,,2.87,2.8,1.7147999999999999,0.0,0.0,,0.618,0.0,0.005,0.0,28.22,0.009333333333333334,0.027,0.5566666666666668,,0.08066666666666666,69.33333333333333,0.0,3.7,,0.2,,14.8,0.368,9.0,14.0,121.2,39.6,0.10500000000000001,0.0185,,,,0.1
champagne_vinegar,Champagne Vinegar,5,0.8333656191825867,134.8,32.082,,0.0,17.832,,0.0,0.0,0.0,,,,0.0,,,0.0,0.0,,,,,,,,,,,0.0,0.0,0.0,,,0.0,25.0,,,,,,
chana_dal,Chana Dal,5,0.7892066836357117,244.8,39.856,,4.66,1.6179999999999999,,2.642,2.6,0.8695999999999999,0.0,0.0,,8.73,33.0,0.22,0.3333333333333333,0.5666666666666667,0.0805,0.07,2.283,,0.17,172.0,0.0,32.0,,2.0,,19.0,2.556,34.0,172.0,222.5,208.6,1.21,0.239,,,,2.7
chanterelle_mushroom,Chanterelle Mushroom,5,0.8939240574836731,68.2,11.846,,2.6,0.7,,0.9400000000000001,4.666666666666667,0.6066666666666667,,,,3.8259999999999996,,,3.533333333333333,1.4,0.015,0.3575,4.085,1.075,0.044,2.0,,,,,,23.8,1.92,13.0,57.0,370.0,38.6,0.71,0.353,,0.286,,5.1
chaozhou_salted_vegetable,Chaozhou Salted Vegetable,5,0.7796040773391724,16.544933078393882,3.0800000000000005,,1.46,1.27,,0.18000000000000002,0.0,0.0274,0.0,0.0,,1.3599999999999999,146.8,0.082,0.0,32.4,0.04,0.07,0.5239999999999999,0.11100000000000002,0.22280000000000003,69.8,0.0,9.66,,59.0,,91.8,0.6820000000000002,17.0,33.4,248.0,184.2,0.22000000000000003,0.026600000000000002,,0.177,,0.6
char_siu_pork,Char Siu Pork,5,0.8078484535217285,192.14684512428298,4.752000000000001,,0.72,0.9800000000000001,,11.888,58.4,4.409000000000001,0.005,0.0025,0.089,16.392,5.0,0.365,1.0,2.2,0.43600000000000005,0.36650000000000005,7.667,0.639,0.518,1.0,0.81,76.7,,0.0,,21.2,1.09,18.0,179.5,319.0,246.8,2.715,0.0815,,0.01,,33.8
char_siu_sauce,Char Siu Sauce,5,0.7849452495574951,283.4,15.919999999999998,,0.26,11.604000000000001,,21.883999999999997,27.4,4.489599999999999,0.0,0.0,,8.175999999999998,25.0,0.16,0.7999999999999999,0.06666666666666667,0.116,0.092,1.501,,0.078,28.0,0.22,10.4,,0.2,,26.0,0.44800000000000006,13.0,98.0,98.33333333333333,826.2,0.87,0.047,,,,7.7
chartreuse,Chartreuse,1,0.6672319173812866,304.0,78.26,,6.5,63.04,,0.0,0.0,0.0,,,,2.17,,,,0.0,,,,,,,,,,,,43.0,0.78,35.0,,435.0,22.0,,,,,,
chayote,Chayote,3,0.846309244632721,40.41363926067559,7.45,,3.3666666666666667,3.33,,1.1966666666666665,0.0,0.018666666666666668,0.0,0.0,,1.6566666666666665,0.0,0.12,0.0,11.799999999999999,0.025,0.029,0.47,0.249,0.076,93.0,0.0,9.2,,4.1,,11.333333333333334,0.8266666666666667,12.0,18.0,125.0,182.33333333333334,0.74,0.123,,0.189,,0.2
cheddar_cheese,Cheddar Cheese,5,0.9999997019767761,357.0,3.5699999999999994,,0.0,0.0,,26.428000000000004,85.4,16.432,,,,24.286,,,0.0,0.0,,,,,,,,,,,321.0,713.4,0.0,,,80.0,782.2,,,,,,
cheese,Cheese,5,0.873557448387146,350.38240917782025,5.52,,0.0,3.7599999999999993,,34.44,101.0,20.213,0.0,0.01,0.125,6.15,308.0,0.86,0.0,0.0,0.023,0.23000000000000004,0.091,0.517,0.05600000000000001,9.0,0.22000000000000003,26.8,8.7,2.1,,97.0,0.11000000000000001,9.0,107.0,132.0,314.0,0.5,0.018,,0.011,,8.6
cheongyang_chili,Cheongyang Chili,5,0.7614575028419495,374.6666666666667,38.60600000000001,,4.38,5.586,,26.668,2.6,4.526000000000001,,,,12.930000000000001,,13.0,,0.0,0.0,0.38439999999999996,3.6199999999999997,,0.19666666666666666,32.0,0.65,,,,31.0,108.2,2.9219999999999997,158.66666666666666,236.5,181.66666666666666,1044.2,2.4800000000000004,0.667,,2.0,,
cherry,Cherry,5,0.8937942385673523,201.2,31.5,11.4,2.66,15.719999999999999,,8.534,6.0,2.5946000000000007,0.0,0.002,,3.976,80.0,0.21,0.0,0.8,0.052,0.056,0.45,,0.10200000000000001,9.0,0.0,12.2,,1.9,38.0,29.2,0.9620000000000001,79.0,150.0,142.0,43.4,0.7,0.121,,1.0,,5.9
cherry_blossom,Cherry Blossom,5,0.834405243396759,222.6,43.227999999999994,,1.8800000000000001,33.748000000000005,,4.636000000000001,0.0,0.626,0.0,0.0,,3.0300000000000002,1.0,0.15,0.09999999999999999,21.5,0.0275,0.03,0.028,,0.099,22.0,0.0,4.6,,0.0,16.0,33.4,0.762,66.5,111.5,328.8,11.2,0.325,0.03,,1.0,,0.1
cherry_leaf,Cherry Leaf,5,0.8312563896179199,216.6,44.974000000000004,,3.12,30.594,,4.082,0.0,1.4,,,,1.296,,,0.0,0.6,,,,,,,,,,,,24.6,0.526,,,280.3333333333333,61.2,,,,,,
cherry_liqueur,Cherry Liqueur,5,0.8502795100212097,79.5093690248566,12.120000000000001,,0.0,11.538,,0.238,0.0,0.0,0.0,0.0,,0.124,0.0,0.0,0.0,0.0,0.04133333333333333,0.009,0.008,,0.024999999999999998,0.0,0.0,0.0,,0.0,,5.2,0.176,7.333333333333333,12.333333333333334,70.4,1.8,0.03,0.03333333333333333,,0.06,,0.2
cherry_pepper,Cherry Pepper,5,0.9085977077484131,86.8,21.334,,2.6399999999999997,19.997999999999998,,0.33399999999999996,0.0,0.0,,,,1.332,,,0.0,40.0,,,,,,,,,,,210.0,33.4,1.226,,,88.66666666666667,860.0,,,,,,
cherry_plum,Cherry Plum,5,0.8313919305801392,136.8,25.33,11.4,0.7333333333333334,11.102,,4.862,2.3333333333333335,4.19,,,,0.9339999999999999,,,0.0,3.2,,1.053,4.211,2.105,0.421,,1.26,,,,61.0,3.2,0.5566666666666666,5.0,,30.6,129.2,,,,,,
chervil,Chervil,5,0.7404567003250122,217.84627151051626,42.056,,5.08,21.063333333333336,,6.117999999999999,7.8,2.1492,0.0,0.001,,10.197999999999999,179.75,0.195,0.025,20.42,0.22375,0.36325,3.10325,,0.47875,149.75,0.0,6.55,,2.45,,543.4,13.058000000000002,69.75,240.75,1935.2,95.2,4.5,0.2545,,2.1,,15.450000000000001
cheshire_cheese,Cheshire Cheese,5,0.9382310509681702,404.23785850860423,28.338,,0.0,30.305,,25.75,105.66666666666667,15.499,0.0,0.0,,14.674000000000001,233.0,,0.0,0.0,0.046,0.293,0.08,0.413,0.074,18.0,0.83,,,,257.0,631.0,0.06999999999999999,21.0,464.0,31.666666666666668,483.2,2.79,0.042,,0.012,,14.5
chestnut,Chestnut,5,0.9279059767723083,270.78852772466536,57.830000000000005,,6.42,10.6,,2.65,0.0,0.4986,0.0,0.0,,3.814,0.8,0.5,0.0,23.8,0.25339999999999996,0.21200000000000002,1.2436,0.63975,0.5302,77.8,0.0,1.5,,7.8,,36.6,1.2040000000000002,41.2,120.6,670.8,9.0,0.5259999999999999,0.5356000000000001,,1.21,,1.32
chia_seed,Chia Seed,5,0.9999998211860657,475.2,41.206,,32.36,0.0,,31.183999999999997,0.0,3.222,,,,17.586000000000002,,,0.0,0.0,0.6,0.822,8.1334,,,80.0,,,,,,477.2,6.4239999999999995,333.2,773.6,413.6,0.0,4.268,1.7066000000000003,,9.0,,98.0
chicha,Chicha,5,0.7405946254730225,179.4,24.996,,8.08,10.534000000000002,,8.505999999999998,0.0,1.6736000000000004,0.0,0.0,,6.734,218.0,0.21,0.0,35.68,0.4467999999999999,0.53,1.6086000000000003,1.0417999999999998,0.5574,82.0,0.712,5.2,,212.69999999999996,,155.0,2.756,63.5,58.0,418.2,48.0,0.56,0.157,,0.373,,0.9
chicken,Chicken,5,0.8692089319229126,550.6,0.0,,0.0,0.0,,54.278,86.4,15.887799999999999,0.0218,0.01,,14.646,41.2,1.2360000000000002,2.02,0.0,0.0344,0.10579999999999998,4.1788,0.0,0.1992,3.0,0.36,85.96,,1.4600000000000002,,12.6,0.8859999999999999,13.0,106.0,127.2,174.8,1.3080000000000003,0.0578,,,,14.7
chicken_broth,Chicken Broth,5,1.000000238418579,65.2,4.696,,4.6,0.0,,0.0,1.4,0.0,,,,12.862,,,0.0,0.0,,,,,,,,,,,0.0,0.0,0.118,,,59.5,1035.2,,,,,,
chicken_fat,Chicken Fat,5,0.9008970856666565,443.2,8.040000000000001,,0.28,0.11600000000000002,,44.128,112.2,13.035999999999998,0.0,0.0,,3.134,38.6,1.6220000000000003,2.4,0.0,0.06060000000000001,0.092,0.5824,0.0,0.051000000000000004,19.0,0.152,101.04,,1.8199999999999998,,12.2,0.558,9.4,56.6,46.4,157.4,0.404,0.026000000000000002,,,,7.7
chickpea,Chickpea,5,0.9641413688659668,178.4,29.385999999999996,,4.58,2.0740000000000003,,2.9299999999999997,0.0,0.22400000000000003,0.0,0.0,,9.77,1.0,1.56,0.0,0.4,0.102,0.056,0.464,,0.123,152.0,0.0,39.8,,10.3,,49.0,1.5639999999999998,45.0,156.0,496.5,438.8,1.42,0.327,,,,3.4
chicory,Chicory,5,0.9088500142097473,6.869216061185469,1.374,,0.8,0.13999999999999999,,0.064,0.0,0.016,0.0,0.0,,0.446,57.2,0.4539999999999999,0.0,4.8,0.014799999999999999,0.0408,0.331,0.58,0.0212,22.4,0.0,4.575,,59.56000000000002,,22.8,0.21600000000000003,9.6,11.8,124.6,12.0,0.096,0.065,,0.2205,,0.15999999999999998
chihuahua_cheese,Chihuahua Cheese,5,0.8876857757568359,374.52198852772466,5.56,,0.0,5.56,,29.68,105.0,18.843,0.0,0.0,,21.56,56.0,0.26,0.5,0.0,0.018,0.225,0.15,0.279,0.05500000000000001,2.0,1.03,15.4,,2.5,,651.0,0.4699999999999999,23.0,442.0,52.0,617.0,3.5,0.024,,0.071,,14.5
chikuwa,Chikuwa,1,0.6672623157501221,400.0,56.0,,16.0,20.0,,20.0,0.0,2.0,,,,12.0,,,,0.0,1.0,1.297,3.39,2.542,1.356,54.0,2.03,,,,,160.0,2.88,128.0,,610.0,180.0,,,,,,
chile_de_arbol,Chile De Arbol,5,0.8210447430610657,112.0,9.99,,0.18,11.666,,5.378,8.2,2.398,,,,4.85,300.0,,0.0,4.3,0.0,0.0,0.0,,,,,,,,143.0,100.0,9.962,,,64.5,542.0,,,,,,
chili_garlic_sauce,Chili Garlic Sauce,5,0.9999998211860657,134.0,10.206,,2.8,0.13999999999999999,,12.424,0.0,1.428,,,,0.564,,,0.0,13.075,0.0,,2.606,,,81.0,,,,,0.0,7.0,0.254,,,246.33333333333334,1134.4,,,,,,
chili_oil,Chili Oil,5,0.9010278582572937,293.8,20.604000000000003,,4.42,8.824000000000002,,21.016,2.6,2.338,,,,5.696000000000001,,,,0.0,0.0,0.102,0.64,,0.304,32.0,0.65,,,,31.0,7.2,0.118,40.0,,249.4,963.4,3.0,,,,,
chili_paste,Chili Paste,5,0.9188734889030457,37.0,3.272,0.0,0.8,0.404,,1.09,2.6,0.33799999999999997,,,,1.784,,,0.0,0.7333333333333334,0.0,0.102,0.64,,0.304,32.0,0.65,,,,1215.5,9.6,1.782,40.0,,105.25,1198.2,3.0,,,,,
chili_pepper,Chili Pepper,5,0.8967210650444031,82.2,15.644,0.0,2.0,12.608,,1.016,2.6,0.33799999999999997,,,,2.9499999999999997,,,0.0,1.4,0.0,0.102,0.64,,0.304,32.0,0.65,,,,1215.5,2.6,0.118,40.0,,157.4,1278.2,3.0,,,,,
chili_powder,Chili Powder,5,1.0,133.2,21.406,0.0,14.179999999999998,3.13,,6.728,2.6,1.3228000000000002,0.0,0.0,0.519,6.57,1483.0,38.14,0.0,12.280000000000001,0.16666666666666666,0.6606666666666666,7.946666666666666,0.888,1.4973333333333334,29.333333333333332,0.21666666666666667,66.5,,105.7,1215.5,134.6,7.038000000000001,112.66666666666667,300.0,796.2,2630.6,3.8666666666666667,1.0,,1.7,,20.4
chili_sauce,Chili Sauce,5,0.9557480812072754,115.8,23.613999999999997,,2.4200000000000004,18.848,,1.076,2.6,0.347,0.0,0.0,,2.8619999999999997,34.0,1.92,0.0,5.220000000000001,0.045,0.086,1.12,,0.23199999999999998,20.5,0.325,13.7,,5.2,31.0,6.6,0.462,26.0,52.0,215.75,1029.8,1.58,0.13,,,,1.1
chiltepin,Chiltepin,4,0.7247209548950195,68.5,8.6775,,1.3,4.185,,2.6675,35.25,1.691,0.0,0.001,,2.6575,110.0,0.6,0.4,3.5666666666666664,0.059,0.219,0.602,,0.092,23.0,0.3,86.9,,2.1,0.0,75.66666666666667,1.2433333333333334,24.5,254.0,175.66666666666666,119.5,1.6,0.06,,,,15.6
chinese_bayberry,Chinese Bayberry,5,0.7625781893730164,52.4,11.03,,0.9800000000000001,1.004,,0.236,0.0,0.0452,0.0,0.0,,1.95,137.0,0.09,0.0,32.4,0.08439999999999999,0.05700000000000001,0.8558,0.09225,0.1804,73.8,0.0,6.0200000000000005,,35.9,,81.8,1.0059999999999998,17.0,40.4,211.2,41.8,0.284,0.044399999999999995,,0.16675,,2.1399999999999997
chinese_broccoli,Chinese Broccoli,5,0.9087965488433838,35.23900573613766,5.976,1.4,2.4400000000000004,0.89,,0.9559999999999998,2.0,0.19340000000000004,0.0,0.0,,2.3,25.2,0.29999999999999993,0.0,47.720000000000006,0.07980000000000001,0.1206,0.5992000000000001,0.61,0.16960000000000003,69.8,0.0,27.0,,100.0,,58.0,0.6719999999999999,20.6,62.4,297.8,55.4,0.418,0.0602,,0.197,,1.5599999999999998
chinese_celery,Chinese Celery,5,0.8069316744804382,14.83215875,3.3165125000000004,,,,,0.1625,,,,,,0.4921875,,,,,,,,,0.05175,,,,,,,46.28,0.0,10.93,21.6,265.2,97.21,0.0929,0.0,,0.076,0.0,0.0
chinese_cured_pork,Chinese Cured Pork,5,0.8397294282913208,464.8309751434034,0.274,,0.0,0.0,,44.86200000000001,89.0,15.767399999999999,0.0,0.0,0.08866666666666667,13.818000000000001,6.6,0.148,0.30000000000000004,0.0,0.158,0.0806,2.8606000000000003,0.39339999999999997,0.09659999999999999,1.2,0.43199999999999994,49.379999999999995,10.4,0.02,,17.2,0.5980000000000001,13.2,156.8,139.4,1890.6,1.112,0.0712,,0.0152,,20.44
chinese_preserved_olive,Chinese Preserved Olive,5,0.8264561891555786,201.4,10.267999999999999,,2.5200000000000005,3.4659999999999997,,18.334,0.0,0.64,,,,0.44000000000000006,,,0.0,0.0,,,,,,,,,,,,36.0,0.8640000000000001,,,1.75,768.8,,,,,,
chinese_sausage,Chinese Sausage,5,0.8919492959976196,333.4,2.3920000000000003,,0.0,1.4100000000000001,,28.9,65.2,10.812,0.0,0.0,,14.916000000000002,0.0,,,0.4,0.502,0.148,3.443,0.45,0.19,2.0,0.98,,,,,10.6,1.35,14.0,136.0,237.0,900.6,1.93,0.09,,0.049,,17.7
chinese_toon,Chinese Toon,5,0.7439385056495667,327.4470363288719,54.86,,4.6,0.023333333333333334,,8.77,0.0,2.7436000000000003,0.0,0.0,,8.232000000000001,0.0,0.5733333333333334,0.0,0.0,0.3034,0.17560000000000003,2.5569999999999995,0.3315,0.0474,71.6,0.0,7.1000000000000005,,3.5666666666666664,,9.6,3.404,16.6,73.0,92.2,747.6,0.5820000000000001,0.10800000000000001,,0.471,,18.474999999999998
chinese_yam,Chinese Yam,5,0.8095993995666504,332.0370936902486,54.68399999999999,,3.96,3.918,,9.729999999999999,0.0,2.8810000000000002,0.0,0.0,,7.714,1.75,0.745,0.0,3.4200000000000004,0.32199999999999995,0.20725000000000002,2.6392499999999997,0.314,0.10299999999999998,70.0,0.0,9.35,,3.25,0.0,43.0,2.878,19.5,74.5,233.2,400.0,0.605,0.135,,0.517,,15.125
chipotle_pepper,Chipotle Pepper,5,0.9138568043708801,171.2,7.406000000000001,,2.8200000000000003,2.094,,15.356,0.0,1.0719999999999998,,,,3.5699999999999994,,,0.0,2.5799999999999996,2.0,2.429,14.286,,2.143,214.0,1.71,,,,,14.2,1.6199999999999999,,,340.3333333333333,742.2,,,,,,
chirimen_jako,Chirimen Jako,1,0.6458221673965454,240.0,13.0,,1.0,1.0,,14.0,45.0,2.5,,,,16.0,,,,0.0,,,,,,,,,,,,11.0,1.0,,,484.0,510.0,,,,,,
chive,Chive,5,0.7567979693412781,142.37858508604205,28.326,,11.98,1.8500000000000003,,1.8379999999999999,0.0,0.32399999999999995,0.0,0.0,,10.441999999999998,1496.8,0.21,0.0,298.86,0.40679999999999994,0.6689999999999999,2.7481999999999998,1.0368,0.8812000000000001,106.2,0.0,5.2,,212.69999999999996,,380.4,8.959999999999999,281.2,242.0,1361.6,29.8,2.3840000000000003,0.3686,,0.7638,,4.3
chive_flower,Chive Flower,5,0.7492271065711975,476.8,52.742,,24.199999999999996,7.772,,26.958,0.0,2.3739999999999997,,,,18.686,,,0.0,0.0,0.5,1.046,6.24,0.588,0.118,143.0,,,,,,302.0,6.04,293.75,648.25,301.4,0.0,4.446666666666666,1.4920000000000002,,4.5,,98.0
chocolate,Chocolate,5,1.0000001192092896,232.8,37.542,4.86,1.4200000000000002,34.312,,8.27,5.4,4.8759999999999994,,,,4.104,,,1.6666666666666667,21.419999999999998,6.0,0.08700000000000001,11.130999999999998,0.0,,3.0,0.24666666666666667,,,,20.0,98.4,1.1300000000000001,,57.75,266.25,105.6,0.0,2.143,,2.0,,0.0
chocolate_hazelnut_spread,Chocolate Hazelnut Spread,5,1.0,520.8,62.303999999999995,,3.46,52.33,,28.326,2.8,12.784600000000001,0.0,0.0,,5.482,1.0,4.96,0.0,0.0,0.085,0.17,0.427,0.357,0.082,14.0,0.27,17.6,,1.9,0.0,82.2,3.088,64.0,152.0,289.8,138.0,1.06,0.469,,0.868,,3.6
chocolate_liqueur,Chocolate Liqueur,5,0.8726281523704529,296.2,35.188,,0.36,33.072,,7.325999999999999,2.2,4.3234,0.0,0.0003333333333333333,,2.8,8.0,0.023333333333333334,0.03333333333333333,0.0,0.004666666666666667,0.014666666666666666,0.05466666666666666,1.055,0.0013333333333333333,6.25,0.1275,0.6666666666666666,,1.325,0.0,52.4,0.5740000000000001,5.0,25.0,61.75,29.8,0.2625,0.0495,,0.0,,1.25
chokecherry,Chokecherry,1,0.68411785364151,50.0,13.33,,0.0,13.33,,0.0,0.0,0.0,,,,0.0,,,0.0,0.0,0.0,0.0,0.0,0.0,0.0,0.0,0.0,,,0.0,,0.0,0.0,0.0,0.0,14.0,0.0,0.0,0.0,0.0,0.0,0.0,0.0
choricero_pepper,Choricero Pepper,5,0.7765505909919739,108.6,10.518,,3.84,5.0280000000000005,,5.5,0.0,0.4175,,,,7.198,,,0.0,100.65,,,,,,,,,,,0.0,8.25,3.754,,,109.5,473.8,,,,,,
chorizo,Chorizo,5,0.9999998807907104,228.0,7.914,,2.9,1.636,,16.355999999999998,14.2,4.5280000000000005,,,,13.526,,,0.0,1.7,0.0,0.179,2.807,0.351,0.211,14.0,0.63,,,,,56.4,3.322,,,467.25,730.8,2.11,,,,,
choux_pastry,Choux Pastry,5,0.8548288345336914,471.6,44.050000000000004,,2.7600000000000002,6.343999999999999,,29.532,24.2,9.0444,0.0,0.0005,,8.11,106.0,1.125,0.65,0.0,0.093,0.2508,2.5290000000000004,,0.14600000000000002,97.4,0.16,40.4,,15.15,,46.2,2.928,14.5,97.0,98.5,394.4,1.38,0.07500000000000001,,,,20.35
choy_sum,Choy Sum,5,0.7649843096733093,241.8,39.2,,1.2399999999999998,16.058,,7.948,7.2,2.4945999999999997,0.006,0.0,,4.154,4.0,1.14,0.03333333333333333,11.55,0.08333333333333333,0.27625,3.5635,,0.28850000000000003,74.0,0.8649999999999999,25.3,,27.6,197.5,67.8,3.342,15.0,187.75,118.4,300.4,0.49,0.073,,,,12.6
chrysanthemum,Chrysanthemum,4,0.8890957832336426,23.950286806883362,3.0149999999999997,,3.0,,,0.56,0.0,,,,,3.36,105.0,,0.0,1.4,0.13,0.144,0.531,0.221,0.176,177.0,0.0,,,350.0,,117.0,2.295,32.0,54.0,567.0,118.0,0.71,0.137,,0.943,,0.3
chu_hou_paste,Chu Hou Paste,5,0.7786595821380615,301.0,34.988,,2.38,24.568,,13.598000000000003,6.6,1.4722000000000002,0.001,0.003,,5.112,0.0,3.91,0.3333333333333333,10.0,0.05,0.07,0.16,,0.05,10.0,0.0,2.3,,3.5,,28.8,0.5,21.0,26.0,211.2,2804.6,0.61,0.055,,,,2.2
chunjang,Chunjang,1,0.647775411605835,312.0,65.62,,3.1,3.12,,0.0,0.0,0.0,,,,9.38,,,0.0,,,,,,,,,,,,,0.0,2.81,,,0.0,3219.0,,,,,,
chuno,Chuno,3,0.712132453918457,208.0,25.0,,8.3,16.67,,8.33,0.0,0.0,,,,8.33,,,,0.0,,,,,,,,,,,,0.0,3.0,,,,4833.0,,,,,,
chutney,Chutney,5,0.9999998807907104,157.4,35.870000000000005,,2.2199999999999998,30.896000000000004,,2.2119999999999997,0.0,0.0,,,,1.0,,,0.0,11.4,,,,,,,,,,,53.0,44.2,1.08,,,250.0,966.8,,,,,,
ciabatta,Ciabatta,4,0.9999997019767761,240.5,48.66,,1.925,0.9375,,1.6600000000000001,0.0,0.0975,,,,7.8325,,,0.0,0.0,0.0,0.15566666666666668,3.423666666666667,,,54.5,,,,,0.0,50.5,2.9850000000000003,,,79.66666666666667,511.0,,,,,,
cicada,Cicada,1,0.7197979688644409,266.0,33.25,,5.8,1.31,,9.73,0.0,1.309,0.0,0.0,,12.75,5.0,2.2,0.0,9.5,0.451,0.114,1.431,,0.305,247.0,0.0,50.1,,13.3,,24.0,3.57,27.0,147.0,373.0,315.0,1.7,0.4,,,,0.1
cinnamon,Cinnamon,5,0.8964318633079529,337.8,70.518,,3.34,35.818,,4.644,3.6,0.0048000000000000004,0.0,0.0,,5.444,1.0,0.16,0.0,7.0,1.0006666666666666,0.9843333333333333,7.4446666666666665,1.8145,0.7866666666666667,154.0,3.4466666666666668,0.8,,2.2,,86.2,6.7299999999999995,4.0,101.33333333333333,133.4,276.8,2.926666666666667,0.03,,,,0.8
cipollini_onion,Cipollini Onion,5,0.797467827796936,170.0,37.077999999999996,,1.9,4.33,,0.156,0.0,0.0,,,,5.994,,,0.0,0.0,0.3333333333333333,0.3093333333333333,3.9019999999999997,,,,,,,,0.0,23.8,2.054,,,86.0,337.8,,,,,,
citric_acid,Citric Acid,1,0.6928663849830627,133.0,33.33,,,13.33,,0.0,,,,,,0.0,,,,,,,,,,,,,,,,,,,,,0.0,,,,,,
citron,Citron,1,0.7120617628097534,375.0,25.0,,5.0,15.0,,27.5,0.0,3.75,,,,10.0,,,,3.0,1.0,,4.0,,0.75,100.0,,,,,,50.0,2.7,150.0,,,138.0,2.25,,,1.0,,26.0
citrus,Citrus,5,0.8765463829040527,47.2,5.093999999999999,,0.26666666666666666,4.088,,0.8240000000000001,25.333333333333332,0.59,,,,4.042,,,,14.975000000000001,0.0,0.12,1.691,0.846,0.078,,0.51,,,6.8,,20.0,0.425,12.666666666666666,23.0,109.5,133.8,,,,,,
clam,Clam,5,0.8222882151603699,86.0,3.5699999999999994,,0.0,0.0,,0.96,30.0,0.187,0.064,0.043,0.015,14.669999999999998,90.0,0.68,0.0,0.0,0.015,0.04,0.35,0.148,0.01,5.0,11.28,65.0,0.0,0.2,,39.0,1.6200000000000003,19.0,198.0,46.0,601.0,0.51,0.053000000000000005,,0.085,,30.6
clamato_juice,Clamato Juice,5,0.8243455290794373,9.0,1.09,,0.0,0.0,,0.0,1.8,0.0,,,,2.4240000000000004,,,0.0,0.0,,,,,,,,,,,1.75,0.0,0.262,,,38.4,307.2,,,,,,9.5
clay_pot_rice_sauce,Clay Pot Rice Sauce,5,0.7899126410484314,169.0,28.133999999999997,,1.9600000000000002,3.6700000000000004,,3.854,9.2,1.3370000000000002,0.001,0.0,,4.798,29.0,2.0,0.0,5.6,0.011666666666666667,0.028666666666666663,1.6126666666666667,,0.216,12.0,0.2,24.1,,11.3,105.5,51.2,0.932,20.0,75.0,233.2,663.0,0.6,0.085,,,,5.9
clear_gel,Clear Gel,5,0.8118939399719238,125.8,29.913999999999998,,0.2,14.907999999999998,,0.0,0.0,0.0,,,,0.8,,,,0.0,,,,,,,,,,,,0.0,0.0,,0.0,65.2,97.0,,,,,,
clementine,Clementine,3,0.8860946297645569,17.666666666666668,4.446666666666666,,0.6,3.526666666666667,,0.10333333333333333,0.0,0.013,0.0,0.0,,0.27,34.0,0.06666666666666667,0.0,8.9,0.019333333333333334,0.011999999999999999,0.12533333333333332,0.0,0.026,5.333333333333333,0.0,10.2,,0.0,0.0,12.333333333333334,0.049999999999999996,4.0,6.666666666666667,55.333333333333336,0.6666666666666666,0.023333333333333334,0.014,0.0,0.0,0.0,0.03333333333333333
clotted_cream,Clotted Cream,5,0.7687728404998779,500.2,39.574,,0.0,5.8275,,37.465999999999994,42.8,21.4876,0.0,0.0,0.019,1.488,0.0,1.26,0.0,0.0,0.0,0.0,0.0,0.117,0.0,0.0,0.0,2.3,0.0,1.7,0.0,1.5,0.195,1.0,288.0,669.0,154.4,0.07,0.018,,0.011000000000000001,,0.0
clove,Clove,5,0.851302444934845,149.6,28.878000000000004,,14.219999999999999,0.952,,7.866,0.0,1.5808,0.0,0.008,0.585,3.722,8.0,8.82,0.0,0.8800000000000001,0.158,0.22,1.56,0.509,0.26066666666666666,25.0,0.0,37.4,,141.8,0.0,266.2,5.212,236.0,104.0,658.0,290.8,2.32,0.368,,60.127,,4.8
clover,Clover,5,0.8747090101242065,234.6,65.46600000000001,,0.6,63.80799999999999,,0.118,0.0,0.0,,,,0.706,,,,1.775,,,,,,,,,,,21.0,6.0,0.2125,,,24.0,1.2,,,,,,
club_soda,Club Soda,5,0.9070850014686584,0.0,0.0,,0.0,0.0,,0.0,0.0,0.0,0.0,0.0,,0.0,0.0,0.0,0.0,0.0,0.0,0.0,0.0,0.0,0.0,0.0,0.0,0.0,,0.0,0.0,3.0,0.006,0.6,0.0,4.6,13.6,0.06000000000000001,0.0036000000000000003,0.0,0.0006000000000000001,0.0,0.0
cobia,Cobia,1,0.6803232431411743,146.0,0.0,,0.0,0.0,,5.93,45.0,1.26,0.656,0.429,,21.62,40.0,0.73,9.0,1.0,0.113,0.14,7.23,0.823,0.549,9.0,4.17,109.4,,0.1,,36.0,0.56,31.0,262.0,423.0,46.0,0.41,0.051,,0.014,,36.5
cockle,Cockle,1,0.6942484378814697,18.0,3.51,,0.0,1.75,,0.0,0.0,0.0,,,,0.0,,,,4.2,,,,,,,,,,,,0.0,0.0,,,,351.0,,,,,,
cocktail_sauce,Cocktail Sauce,5,1.0,104.2,25.31,20.0,1.6200000000000003,20.544,,0.0,0.0,0.0,,,,1.27,,,0.0,5.4399999999999995,,,,,,,,,,,12.5,21.4,0.12,,,216.4,1110.8,,,,,,
cocoa_butter,Cocoa Butter,5,0.9239645004272461,660.0493307839388,21.494,,1.8,10.059999999999999,,64.06,0.0,36.580600000000004,0.0,0.0,,2.0780000000000003,0.25,1.3625,0.0,0.12,0.00225,0.00475,0.019,0.0,0.00925,0.25,0.0,0.75,,18.75,,12.8,0.782,1.0,2.0,75.8,3.0,0.015,0.02,,0.0,,0.1
cocoa_mass,Cocoa Mass,5,0.8174053430557251,370.41338432122376,58.786,,16.7,20.926,,18.45,5.2,6.406000000000001,0.0,0.0,,14.13,0.0,2.733333333333333,0.0,0.0,0.7186666666666666,0.241,5.0280000000000005,0.566,0.118,53.0,0.0,12.0,,2.5,,65.4,9.266,380.3333333333333,456.25,958.5,241.0,5.7299999999999995,2.763333333333333,,3.2246666666666663,,14.3
cocoa_powder,Cocoa Powder,5,0.8719012141227722,296.1544933078394,70.152,,24.28,30.160000000000004,,9.02,0.0,5.3174,0.0,0.0,,14.428000000000003,0.25,0.1225,0.0,21.46,1.266,0.25759999999999994,5.7139999999999995,0.35025,0.11699999999999999,25.5,0.06999999999999999,17.275,,2.1,,103.4,9.088,395.0,503.4,1176.8,153.4,4.377999999999999,2.7586,,2.48575,,9.580000000000002
coconut,Coconut,5,0.877396285533905,211.7368,28.5785,,8.56,3.2824999999999998,,6.448,0.0,7.941800000000001,,,,15.3697,,,0.0,3.75,,,,,,,,,,,0.0,14.495,2.097,129.85,258.6,584.5,36.788,3.698,2.081,,5.293,,26.76
coconut_aminos,Coconut Aminos,5,0.8461259007453918,116.8,11.614,,2.14,6.7200000000000015,,4.1080000000000005,2.0,1.8820000000000001,,,,9.22,,,0.0,1.44,0.0,0.103,1.212,0.606,0.121,21.0,0.36,,,,,103.0,1.5340000000000003,36.333333333333336,69.4,204.0,104.4,0.91,0.19599999999999998,9.0,0.0,,
coconut_cream,Coconut Cream,5,1.0000004768371582,283.0,36.708,,1.075,28.028,,13.034,1.0,11.682,,,,14.575999999999999,,,2.0,1.575,0.0,,1.408,,,,,,,,,18.5,0.32,,,129.25,63.4,,,,,,
coconut_liqueur,Coconut Liqueur,5,0.8296158909797668,75.8,11.628,,0.26,10.48,,0.022,0.0,0.0,0.0,0.0,,0.0,0.0,0.0,0.0,8.075,0.004,0.009,0.322,0.199,0.0305,0.0,0.05,0.0,,0.0,0.0,6.8,0.054000000000000006,5.0,7.0,79.8,15.4,0.03,0.016,,0.0,,0.2
coconut_milk,Coconut Milk,5,1.0000001192092896,146.6,6.356,,0.76,2.444,,13.266,0.0,11.5808,0.0,0.0,,1.432,23.0,0.095,0.3,0.86,0.02,0.007,0.429,,0.022,11.333333333333334,0.57,7.55,,0.05,,40.6,0.8,19.666666666666668,45.333333333333336,129.6,21.2,0.38000000000000006,0.1815,,,,3.233333333333333
coconut_oil,Coconut Oil,5,0.9999994039535522,752.2,0.6719999999999999,,,,,87.852,,69.572,0.0,0.0,0.02,0.0,,0.11,,,,,,,,,,,0.0,0.6,,1.0,0.05,0.0,0.0,0.0,128.6,0.02,0.0,,0.0,,
coconut_sugar,Coconut Sugar,5,0.9999998211860657,360.6,100.0,,0.0,97.5,,0.0,0.0,0.0,,,,0.0,,,0.0,9.6,0.0,,,,,,,,,,,93.75,1.44,,,999.0,41.0,3.0,0.4,,,,
coconut_vinegar,Coconut Vinegar,5,0.8389477729797363,49.0,12.189999999999998,,0.225,7.713999999999999,,0.0,0.0,0.0,,,,0.0,,,0.0,11.95,,,,,,,,,,,,9.25,0.0375,6.666666666666667,7.333333333333333,124.75,23.0,,,,0.0,,
coconut_water,Coconut Water,5,1.0000003576278687,36.2,6.748,,0.42000000000000004,5.042,,0.304,2.0,0.304,,,,2.4799999999999995,,,0.0,11.22,0.0,0.103,0.6895,0.606,0.121,24.0,0.36,,,,0.0,77.8,0.466,10.0,34.0,163.6,48.0,0.515,0.121,9.0,0.0,,
cod,Cod,5,0.7992525100708008,136.99158699808794,4.688000000000001,,0.2,0.08,,5.364,45.8,0.7646000000000001,0.1014,0.044599999999999994,,16.389999999999997,6.8,1.456,0.64,0.4,0.1042,0.07919999999999999,1.8454000000000002,0.153,0.1618,16.0,1.366,65.02000000000001,,4.84,,16.8,0.6,25.8,247.0,305.8,239.0,0.41000000000000003,0.0328,,0.015,,27.22
cod_liver,Cod Liver,5,0.7945257425308228,145.59158699808796,3.6300000000000003,,0.04,0.004,,5.554,249.4,1.8666,0.048,0.0256,,19.080000000000002,2146.4,0.742,0.6,5.8,0.13499999999999998,1.3552000000000002,7.652600000000001,0.153,0.471,233.6,21.485999999999997,194.72000000000003,,1.1599999999999997,,11.8,5.2379999999999995,23.8,274.8,300.2,266.2,2.2640000000000002,3.0556,,0.015,,41.6
coffee,Coffee,5,0.8713635206222534,28.8,4.542,,0.0,3.968,,0.664,2.6,0.3778,0.0,0.0,,1.1440000000000001,26.4,0.016,0.34,0.12000000000000002,0.0226,0.1204,1.4853999999999998,,0.0186,1.8,0.13999999999999999,6.92,,0.13999999999999999,,41.4,0.038,26.8,36.8,102.2,19.8,0.168,0.02,,,,0.6
coffee_creamer,Coffee Creamer,5,0.9354473352432251,301.4,37.97,,0.22000000000000003,23.624000000000002,,17.818,0.0,7.859,0.0,0.0,,1.034,0.5,1.1150000000000002,0.0,0.0,0.001,0.006,0.02275,,0.001,0.25,0.0,0.7,,2.5,0.0,5.2,0.182,5.0,111.0,311.2,74.0,0.09,0.039999999999999994,,,,0.7250000000000001
coffee_liqueur,Coffee Liqueur,5,0.9264832735061646,223.0,27.651999999999997,,0.0,25.917999999999996,,2.81,2.4,0.8152000000000001,0.0,0.0002,,0.562,12.6,0.18000000000000002,0.12,0.02,0.0082,0.027200000000000002,0.20459999999999998,,0.0064,0.2,0.05,2.1399999999999997,,0.56,,14.8,0.04,4.2,25.6,64.6,19.8,0.066,0.0164,,,,0.6
cognac,Cognac,5,0.7106678485870361,389.0,1.55,,0.0,1.55,,31.139999999999997,116.0,19.196,0.0,0.0,,25.6,261.0,0.27,0.6,0.0,0.021,0.20400000000000001,0.15,,0.083,6.0,1.6800000000000002,15.4,,2.6,,550.0,0.23000000000000004,14.0,346.0,64.0,800.0,3.5,0.025,,,,14.5
coix_seed,Coix Seed,5,0.727617621421814,534.0,28.880000000000003,,27.3,1.55,,42.16,0.0,3.6629999999999994,0.0,0.0,,18.29,0.0,0.31,0.0,0.6,1.6439999999999997,0.161,3.08,0.985,0.473,87.0,0.0,78.7,,4.3,,255.0,5.73,392.0,642.0,813.0,30.0,4.34,1.22,,2.482,,25.4
cola,Cola,5,1.0000001192092896,125.0,28.738,,0.0,23.3175,,0.05,0.0,0.0,0.0,0.0,,0.0,0.0,0.0,0.0,0.35,0.0,0.0,0.704,,0.0705,0.0,0.21,0.3,,0.0,,0.3333333333333333,0.006666666666666667,8.5,9.0,11.0,1311.0,0.36,0.007,,,,0.1
colby_cheese,Colby Cheese,5,0.9259932041168213,394.0,2.57,,0.0,0.52,,32.11,95.0,20.218,0.0,0.0,,23.76,264.0,0.28,0.6,0.0,0.015,0.375,0.093,,0.079,18.0,0.8299999999999998,15.4,,2.7,,685.0,0.76,26.0,457.0,127.0,604.0,3.07,0.042,,,,14.5
cold_jelly_noodle,Cold Jelly Noodle,5,0.8132832050323486,184.6,30.641999999999996,,1.1400000000000001,8.882,,5.212,23.0,2.0752,0.0,0.0,,3.8300000000000005,78.0,0.78,0.35,5.12,0.189,0.178,1.437,,0.064,52.0,0.22,67.7,,5.2,72.0,5.4,1.036,22.0,101.0,63.0,629.2,0.74,0.103,,,,22.8
collard_green,Collard Green,5,0.9030550718307495,37.357600000000005,5.8949,,3.2663999999999995,0.5766666666666667,,0.426,0.0,0.0,,,,2.7615,,,,28.400000000000002,0.0,0.12,0.708,,0.177,138.5,,,,471.29999999999995,,209.95999999999998,0.5702,33.504999999999995,36.00666666666667,265.4,77.364,0.4594,0.08579999999999999,,0.6858,,
comte_cheese,Comte Cheese,5,0.7696277499198914,319.8,2.1740000000000004,,0.0,0.8833333333333333,,24.846,83.6,16.526,0.0,0.0,,20.46,249.0,,0.3333333333333333,0.0,0.061,0.359,0.205,0.346,0.065,20.0,2.1,,,,32.0,583.2,0.092,13.0,500.0,57.8,602.4,3.5,0.026,,0.013,,14.5
conch,Conch,1,0.7406703233718872,130.019120458891,1.7,,0.0,0.0,,1.2,65.0,0.37,0.072,0.048,,26.3,7.0,6.33,0.0,0.0,0.06,0.08,1.04,,0.06,179.0,5.25,81.0,,0.2,,98.0,1.41,238.0,217.0,163.0,153.0,1.71,0.435,,,,40.3
condensed_milk,Condensed Milk,5,0.9255787134170532,345.69827915869985,58.588,,0.0,57.922000000000004,,8.758000000000001,32.2,5.3436,0.0,0.0,,8.284,74.0,0.16,0.7200000000000001,1.56,0.09000000000000001,0.41574999999999995,0.21,0.75,0.051,13.25,0.44,89.09999999999998,,0.6,0.0,288.2,0.11400000000000002,26.0,250.75,398.4,122.6,0.94,0.015,,0.006,,14.800000000000002
consomme,Consomme,1,0.6702724099159241,39.0,8.4,,0.1,0.02,,0.08,0.0,0.023,0.0,0.0,,0.8,0.0,0.01,0.0,0.0,0.049,0.004,0.44,,0.028,17.0,0.0,0.6,,0.0,,5.0,0.36,4.0,13.0,10.0,234.0,0.15,0.028,,,,2.2
cookie,Cookie,5,0.8644670844078064,455.4,70.85600000000001,,2.2,20.054,,16.624000000000002,0.0,4.365600000000001,0.0,0.0002,,6.554,2.0,0.772,0.0,0.2,0.2974,0.29080000000000006,3.1252,,0.051000000000000004,95.0,0.01,9.26,,6.9399999999999995,,31.0,2.898,24.8,110.6,116.8,396.8,0.6759999999999999,0.14379999999999998,,,,7.519999999999999
cookie_butter,Cookie Butter,5,0.8777912855148315,386.0,48.458000000000006,,3.3200000000000003,17.338,,19.244,22.2,8.2932,0.001,0.0,,6.784000000000001,7.0,3.07,0.0,5.425,0.07733333333333334,0.24733333333333332,2.810333333333334,,0.068,98.0,0.19,10.8,,8.6,,65.2,1.318,11.0,61.5,117.5,210.6,2.09,0.079,20.0,,,8.2
cooking_spray,Cooking Spray,5,1.0000001192092896,0.0,0.0,,0.0,0.0,,0.0,0.0,0.0,,,,0.0,,,0.0,0.0,,,,,,,,,,,0.0,0.0,0.0,,,0.0,0.0,,,,,,
copha,Copha,1,0.7407456040382385,321.0,0.0,,0.0,0.0,,21.43,107.0,8.93,,,,28.57,,,,0.0,,,,,,,,,,,0.0,0.0,0.0,,,,1607.0,,,,,,
cordyceps_flower,Cordyceps Flower,2,0.7161989808082581,15.05736137667304,3.28,,,,,0.07,0.0,0.036,,,,1.03,97.0,,0.0,28.0,0.042,0.075,0.69,,,59.0,0.0,,,,,39.0,0.7,24.0,49.0,173.0,5.0,,,,,,0.7
coriander,Coriander,5,0.8466706871986389,180.2500956022944,33.306,,13.66,4.07,,5.674,0.0,0.2496,0.0,0.0,,12.098,252.0,1.7650000000000001,0.0,241.68,0.5753999999999999,0.7228,5.154400000000001,0.57,0.37949999999999995,134.4,0.0,54.949999999999996,,834.75,,667.0,20.956,354.0,293.4,2248.2,109.8,3.028,0.9994,,3.0924000000000005,,17.32
coriander_root,Coriander Root,5,0.8048614859580994,56.83556405353729,12.129999999999999,,2.32,1.3679999999999999,,0.658,0.0,0.1274,0.0,0.0,,1.9440000000000002,134.8,1.156,0.0,13.8,0.0418,0.08520000000000001,0.8956,0.3498,0.15560000000000002,31.4,0.0,22.4,,124.06000000000002,,36.4,1.0679999999999998,36.2,39.6,457.4,26.2,0.404,0.22560000000000002,,0.3078,,0.78
corn,Corn,5,0.8788954615592957,86.0,18.7,,2.0,6.26,,1.35,0.0,0.325,0.0,0.0,0.014,3.2700000000000005,9.0,0.07,0.0,6.8,0.155,0.05500000000000001,1.77,0.717,0.093,42.0,0.0,23.0,,0.3,,2.0,0.52,37.0,89.0,270.0,15.0,0.4600000000000001,0.054000000000000006,,0.163,,0.6
corn_flakes,Corn Flakes,5,1.0,369.75,82.81800000000001,,3.02,11.441999999999998,,0.9039999999999999,0.0,0.16160000000000002,0.0,0.0,,6.609999999999999,165.5,0.11,8.0,13.780000000000001,1.2054,1.3128,10.6738,2.05,1.2346,230.8,2.6760000000000006,7.7,,0.0,273.0,55.6,19.766,38.666666666666664,98.0,155.2,527.2,5.016,0.0345,,0.0,,4.75
corn_husk,Corn Husk,5,0.8117969632148743,349.3923518164436,63.98199999999999,,3.7199999999999998,2.916,,8.174000000000001,0.0,2.6464,0.0,0.0,,6.852000000000001,7.5,0.28,0.0,10.32,0.48179999999999995,0.615,7.763799999999999,0.424,0.9367500000000001,174.0,2.3600000000000003,20.3,,0.15,,16.2,6.480000000000001,63.666666666666664,126.33333333333333,171.5,430.0,5.08,0.183,,0.485,,7.95
corn_oil,Corn Oil,5,1.0000001192092896,723.6493307839388,3.62,,0.38,1.212,,80.842,0.0,7.8142,0.0,0.0,5.797999999999999,0.634,2.0,11.284999999999998,0.0,1.1199999999999999,0.03375,0.01275,0.407,,0.02025,8.75,0.0,5.7250000000000005,0.0,32.45,,0.4,0.10200000000000001,9.0,21.5,52.2,25.4,0.11,0.013,,,,0.15
corn_relish,Corn Relish,5,0.9578368663787842,102.2,23.062,,2.2399999999999998,17.816000000000003,,0.182,0.0,0.035199999999999995,0.0,0.0,,1.6320000000000001,9.0,0.14,0.0,4.35,0.032,0.073,0.757,,0.047,30.0,0.0,13.0,,0.3,,0.8,0.51,10.0,35.0,113.2,380.8,0.24,0.028,,,,0.5
corn_silk,Corn Silk,5,0.7968669533729553,329.58470363288717,64.548,,3.8,8.725,,5.314000000000002,0.0,0.6138,0.0,0.0,,7.4959999999999996,5.0,0.28,1.25,6.199999999999999,0.4485,0.48025,6.36375,1.058,0.75775,135.66666666666666,1.2925,20.3,,0.15,,3.4,1.16,90.33333333333333,129.5,204.4,272.4,2.1100000000000003,0.22666666666666666,,0.485,,10.466666666666667
corn_syrup,Corn Syrup,5,0.8510931730270386,283.24474187380497,76.79400000000001,,0.0,76.65,,0.04,0.0,0.0,0.0,0.0,,0.0,0.0,0.0,0.0,0.0,0.0162,0.0112,0.008,0.013600000000000001,0.0036,0.0,0.0,5.32,,0.0,,9.8,0.16,3.4,4.4,17.8,75.2,0.11200000000000002,0.0328,,0.0776,,1.5799999999999998
corn_tortilla,Corn Tortilla,5,0.9735522270202637,337.8,48.082,,3.84,0.176,,14.051999999999998,3.6,1.8085999999999998,0.0,0.0,,6.3180000000000005,0.0,0.28,0.0,0.0,0.03133333333333333,0.26166666666666666,2.384,,0.219,77.66666666666667,0.0,13.3,,0.0,,61.0,2.1079999999999997,72.0,314.0,180.5,356.4,1.31,0.154,,,,6.1
cornbread,Cornbread,5,0.9247556328773499,282.6,40.150000000000006,,1.7399999999999998,8.008,,9.95,43.8,2.3816,0.0023333333333333335,0.0,,7.508,50.0,0.9400000000000001,0.4333333333333333,0.025,0.14150000000000001,0.21425,2.7165,,0.09666666666666668,90.25,0.24,54.93333333333334,,5.2,,116.2,1.8539999999999999,17.333333333333332,229.33333333333334,123.5,610.4,0.7366666666666667,0.055333333333333325,,,,11.4
corned_beef,Corned Beef,5,0.951090395450592,190.2,3.7059999999999995,,0.32,0.714,,12.176,63.4,4.96,0.0,0.0,,16.596000000000004,0.0,0.1,0.03333333333333333,0.18,0.0475,0.11000000000000001,2.301,,0.2305,6.5,1.02,42.4,,1.65,0.0,8.8,1.638,12.5,90.5,142.2,720.0,2.99,0.077,,,,20.15
cornelian_cherry,Cornelian Cherry,5,0.7626985907554626,245.6,42.97,,1.3,20.958000000000002,,8.739999999999998,2.0,4.62,,,,2.134,,,,0.625,0.0,0.2396666666666667,2.85825,2.083,0.609,62.0,2.5,,,10.0,,41.8,1.4979999999999998,,,35.0,209.4,,,,,,
cornmeal,Cornmeal,5,0.833711564540863,366.6967495219886,78.426,,5.26,1.222,,2.4859999999999998,0.0,0.33399999999999996,0.0,0.0,,7.514,6.6,0.24000000000000005,0.0,0.0,0.4024,0.2432,3.6399999999999997,0.314,0.23079999999999998,99.6,0.0,13.8,,0.12,,4.2,3.3440000000000003,70.0,155.8,200.0,18.2,1.124,0.12279999999999999,,0.3036,,12.5
cornstarch,Cornstarch,1,0.9999997615814209,375.0,87.5,,0.0,0.0,,0.0,0.0,0.0,,,,0.0,,,0.0,,,,,,,,,,,,,12.0,0.0,,,0.0,0.0,,,,,,
corvina,Corvina,2,0.7120025753974915,,0.0,,0.0,0.0,,4.71,65.0,0.0,,,,17.65,,,,0.0,,,,,,,,,,,,0.0,0.88,,,0.0,76.0,,,,,,
cotija_cheese,Cotija Cheese,4,1.0000004768371582,386.6697135066922,2.56608,,0.0,0.0,,30.7375,85.815,19.5975,0.0,0.0,,22.20892,229.0,0.25,0.125,0.0,0.029,0.486,0.114,,0.049,10.0,2.26,15.4,,1.9,360.0,753.4,0.0,33.95,607.25,149.675,1556.25,3.7335000000000003,0.119,64.75,0.01704,,17.7
cottage_cheese,Cottage Cheese,5,0.9999997615814209,96.6,5.1659999999999995,,0.0,4.05,,3.3840000000000003,13.2,2.0458000000000003,0.0,0.0,,11.094,82.0,0.24,0.3666666666666667,1.02,0.049,0.14175,0.13,,0.044,11.0,0.52,18.6,,0.5,32.333333333333336,86.4,0.048,8.0,75.0,115.4,296.2,0.42,0.0,10.0,,,9.1
cotton_candy,Cotton Candy,5,0.9999998807907104,336.2,67.604,,0.0,59.742,,6.288,27.2,3.4560000000000004,0.0,0.0,,1.5,0.0,0.0,0.0,0.0,0.0,0.019,0.0,,0.0,0.0,0.0,0.0,,0.0,,33.6,0.386,0.0,0.0,61.333333333333336,190.8,0.01,0.007,,,,0.6
couscous,Couscous,5,0.9109587669372559,164.59120458891013,34.04,,2.12,0.1,,0.256,0.0,0.0466,0.0,0.0,,5.58,0.0,0.13,0.0,0.0,0.08299999999999999,0.0372,1.4834,0.589,0.0628,16.0,0.0,3.3,,0.1,,11.2,0.52,15.2,51.6,79.6,42.8,0.374,0.0822,,0.258,,27.475
crab,Crab,5,1.0000003576278687,147.8,3.2400000000000007,,0.16,0.17200000000000001,,6.1240000000000006,111.4,0.9433999999999999,0.06249999999999999,0.094,,18.302,6.5,2.325,0.075,1.95,0.06775,0.095,2.4765,,0.13,40.0,2.31,81.6,,8.875,,89.6,0.7739999999999999,36.25,207.75,236.25,509.0,3.54,0.9357500000000001,,,,48.325
crab_apple,Crab Apple,5,0.8557281494140625,142.2,5.448,,0.26,1.638,,6.858,68.8,0.9346,0.0565,0.085,,14.169999999999998,11.0,2.2800000000000002,0.15,2.05,0.0445,0.1115,2.4909999999999997,,0.14150000000000001,49.0,2.8600000000000003,84.55000000000001,,11.65,0.0,61.0,0.454,32.5,213.0,168.33333333333334,536.6,3.325,0.6944999999999999,,,,38.55
crab_boil_seasoning,Crab Boil Seasoning,5,0.9315970540046692,101.6,9.792,,0.76,0.376,,6.404000000000001,0.0,1.6940000000000002,,,,1.1300000000000001,,,0.0,11.3,0.0,,5.65,,0.301,,,,,,,0.0,0.272,60.0,151.0,439.5,23411.0,,,,,,
crab_claw_fish,Crab Claw Fish,5,0.8725636601448059,94.0,0.0,,0.0,0.0,,0.592,79.8,0.0,,,,17.634,,,0.0,0.6,,,,,,,,,,,,63.2,0.71,,,256.8,320.0,,,,,,
crab_mushroom,Crab Mushroom,5,0.846538245677948,97.3560124,3.9843800000000003,,1.2318,0.22,,3.4870000000000005,105.33333333333333,0.891,0.0565,0.085,,12.078999999999999,11.0,2.2800000000000002,0.10264999999999999,2.9,0.041343750000000005,0.17765,4.296,,0.12517,53.71333333333333,2.8600000000000003,84.55000000000001,,11.65,,51.6,0.66124,23.105,150.525,261.775,273.77986,1.989925,0.38559999999999994,,0.088395,,19.9205
crab_roe,Crab Roe,5,0.843547523021698,109.8,2.3440000000000003,,0.1,0.04,,2.7920000000000003,97.6,0.363,0.051,0.077,,17.308,3.0,3.64,0.0,3.7,0.16,0.14,3.011,,0.119,53.0,2.18,68.3,,12.2,0.0,134.6,0.828,32.0,201.0,322.25,450.0,3.04,0.646,,,,35.7
crab_stick,Crab Stick,5,0.8616364598274231,237.0,20.238,,0.18,4.378,,11.614,54.2,4.5622,0.067,0.101,,12.024,1.0,1.84,0.5,1.0999999999999999,0.0115,0.10300000000000001,2.747,,0.156,51.0,3.33,80.9,,0.3,,65.8,0.53,36.0,234.0,152.0,561.8,3.81,0.814,,,,42.9
cracker,Cracker,5,0.9108378887176514,441.6504780114723,72.1,,4.9799999999999995,4.8759999999999994,,13.24,0.0,2.1811999999999996,0.0,0.0,,8.425999999999998,0.6,2.482,0.0,0.0,0.43620000000000003,0.29900000000000004,4.4384,0.467,0.11100000000000002,84.4,0.0,18.16,,18.6,,50.0,3.6079999999999997,46.6,198.8,178.8,386.2,1.13,0.22560000000000002,,0.944,,22.7
cranberry,Cranberry,5,0.8821133375167847,139.0,20.657999999999998,,4.44,11.895999999999997,,4.412,0.0,1.0048,0.0,0.0,,4.276000000000001,3.0,1.32,0.0,8.4,0.009000000000000001,0.12125000000000001,1.7425,1.0545,0.251,34.0,0.0,5.5,,5.0,,54.8,2.2380000000000004,87.75,175.0,229.6,30.6,1.3175,0.37525000000000003,,0.7002499999999999,,5.825000000000001
cranberry_liqueur,Cranberry Liqueur,5,0.8157220482826233,127.6355640535373,24.497999999999998,,0.0,23.684000000000005,,0.13,0.0,0.005999999999999999,0.0,0.0,,0.0,0.0,0.14666666666666667,0.0,43.620000000000005,0.001,0.00225,0.028750000000000005,0.050666666666666665,0.00025,0.0,0.0,0.7333333333333334,,0.6666666666666666,,2.25,0.07,0.75,1.5,12.25,4.8,0.0275,0.012750000000000001,,0.052,,0.20000000000000004
cranberry_sauce,Cranberry Sauce,5,1.000000238418579,155.16673040152963,37.586,,1.5799999999999996,30.7,,0.06,0.0,0.0028,0.0,0.0,,0.36,2.0,0.93,0.0,2.12,0.015,0.021,0.1,,0.014,1.0,0.0,3.8,,1.4,0.0,7.0,0.16399999999999998,2.0,4.0,69.0,7.6,0.03,0.026,,0.073,,0.4
crappie,Crappie,2,0.7323563694953918,423.5,45.54,,22.5,12.5,,21.25,0.0,6.292,0.0,0.0,,5.0,1.0,8.87,0.0,0.0,0.071,0.199,4.3205,,0.048,17.0,0.4,4.4,,1.7,,305.0,4.45,178.0,184.0,770.5,806.5,2.45,2.1125,44920.0,2.0,,27.35
crayfish,Crayfish,5,0.865103542804718,143.38699808795408,3.902,,0.16,0.068,,5.720000000000001,86.2,1.3106,0.0746,0.11720000000000001,,17.952,18.0,2.53,0.44000000000000006,0.38,0.11579999999999999,0.0934,3.7517999999999994,0.75,0.2258,28.0,2.168,75.96,,3.2600000000000007,,25.0,0.86,36.8,239.6,340.8,178.8,0.834,0.2044,,0.025,,36.08
cream,Cream,5,0.8583149313926697,350.38240917782025,5.52,,0.0,3.7599999999999993,,34.44,101.0,20.213,0.0,0.01,0.125,6.15,308.0,0.86,0.0,0.0,0.023,0.23000000000000004,0.091,0.517,0.05600000000000001,9.0,0.22000000000000003,26.8,8.7,2.1,,97.0,0.11000000000000001,9.0,107.0,132.0,314.0,0.5,0.018,,0.011,,8.6
cream_cheese,Cream Cheese,5,0.8999924063682556,350.38240917782025,5.52,,0.0,3.7599999999999993,,34.44,101.0,20.213,0.0,0.01,0.125,6.15,308.0,0.86,0.0,0.0,0.023,0.23000000000000004,0.091,0.517,0.05600000000000001,9.0,0.22000000000000003,26.8,8.7,2.1,,97.0,0.11000000000000001,9.0,107.0,132.0,314.0,0.5,0.018,,0.011,,8.6
cream_liqueur,Cream Liqueur,5,0.9501916170120239,290.38240917782025,15.111999999999998,,0.0,15.125999999999996,,19.116,68.2,11.9044,0.0,0.0002,,1.332,172.2,0.542,0.38,0.36,0.0164,0.0814,0.029200000000000004,0.259,0.017599999999999998,2.4,0.12000000000000002,10.319999999999999,,1.6600000000000001,,42.4,0.034,4.2,38.6,60.4,21.0,0.164,0.0104,,0.001,,0.42000000000000004
cream_of_celery_soup,Cream Of Celery Soup,5,0.8763482570648193,69.8,7.282000000000001,,0.82,1.514,,4.069999999999999,10.0,1.6065999999999998,0.0,0.0005,,1.54,48.5,0.9575,0.1,3.08,0.0385,0.05025,0.46425,0.92,0.037250000000000005,8.5,0.02,8.525,,14.1,,23.6,0.45,8.25,29.75,131.2,425.0,0.15749999999999997,0.08775000000000001,,0.2,,1.375
cream_of_chicken_soup,Cream Of Chicken Soup,5,0.9574119448661804,74.84206500956023,6.958,,0.6599999999999999,1.4440000000000002,,4.438,8.8,1.7594,0.0,0.0005,,1.9759999999999998,59.0,0.5325,0.1,3.2399999999999998,0.0335,0.05375,0.5277499999999999,0.192,0.03225,8.5,0.0,9.175,,7.550000000000001,,21.6,0.616,7.75,30.25,113.0,419.0,0.2425,0.09525000000000002,,0.068,,1.4249999999999998
cream_of_mushroom_soup,Cream Of Mushroom Soup,5,1.0000003576278687,74.82217973231357,7.432,,0.6799999999999999,0.9,,4.489999999999999,3.2,1.1738,0.0,0.0005,0.329,1.6800000000000002,38.5,0.41500000000000004,0.2,1.8,0.036,0.039,0.4925,0.148,0.042,10.0,0.0,8.899999999999999,,18.55,,12.6,0.2819999999999999,8.0,28.0,125.0,541.2,0.16,0.032,,0.037,,1.9
cream_of_rice,Cream Of Rice,5,0.9999998807907104,163.8,29.546000000000003,,0.3,2.92,,2.592,9.0,0.9921999999999999,0.004399999999999999,0.0004,,4.587999999999999,19.8,0.282,0.18,0.3,0.1682,0.09359999999999999,2.3366,0.55,0.11280000000000001,19.6,0.154,10.959999999999999,,1.24,,37.2,7.062,12.6,74.8,97.0,156.0,0.6620000000000001,0.08199999999999999,,1.033,,8.8
cream_of_tartar,Cream Of Tartar,5,0.8589920997619629,320.8,21.082,,0.08,6.684,,23.788,53.4,3.9192,0.006,0.0015,,3.4899999999999998,21.0,0.375,0.19999999999999998,0.8400000000000001,0.027,0.0905,1.9835,0.0,0.1645,10.5,1.015,66.85,,1.2,,14.4,1.168,9.5,94.5,3366.6,575.8,2.225,0.139,,0.205,,9.6
cream_of_wheat,Cream Of Wheat,5,0.916955292224884,247.16711281070747,53.112,,2.1799999999999997,10.55,,0.938,0.6,0.23820000000000002,0.0,0.0,,5.502,674.75,0.1025,0.0,0.0,0.7615999999999999,0.8097999999999999,11.198199999999998,0.474,1.0988000000000002,182.5,1.1119999999999999,12.700000000000001,,0.5,,160.8,14.514000000000001,27.4,93.0,91.2,277.4,1.5739999999999998,0.16360000000000002,,,,11.55
cream_soda,Cream Soda,5,1.0,90.8,20.639999999999997,,0.0,13.3,,0.0,0.0,0.0,0.0,0.0,,0.0,0.0,0.0,0.0,0.0,0.0,0.0,0.0,0.0,0.0,0.0,0.0,0.0,,0.0,,5.0,0.05,1.0,0.0,1.0,9.6,0.07,0.008,,0.013,,0.0
creme_anglaise,Creme Anglaise,5,0.814507246017456,213.4,15.719999999999999,,0.0,14.048000000000002,,15.154000000000002,136.6,8.274000000000001,,,,3.312,,,,0.0,,,,,,,,,,,,34.4,1.036,,,3.25,62.2,,,,,,
creme_de_cacao,Creme De Cacao,5,0.8493127226829529,462.0,39.266,,13.540000000000001,5.134,,33.8,33.0,17.246000000000002,,,,12.6,,,0.0,1.675,,,,,,,,,,,0.0,97.4,21.114,670.0,613.0,1128.6,5.0,,4.4,,,,
creme_de_cassis,Creme De Cassis,5,0.8283917307853699,316.2,33.508,,0.0,28.223999999999997,,21.774,68.6,16.39,,,,5.76,,,0.0,0.0,,,,,,,,,,,,62.8,0.476,,,173.25,37.0,,,,,,
creme_de_menthe,Creme De Menthe,5,0.9070013761520386,348.8,37.022000000000006,,0.0,30.814,,23.479999999999997,74.8,17.48,,,,6.119999999999999,,,0.0,0.0,,,,,,,,,,,,81.2,0.476,,,214.25,38.6,,,,,,
creme_de_violette,Creme De Violette,5,0.7911649346351624,233.0,16.516,,0.0,14.306000000000001,,17.318,146.6,9.501999999999999,,,,3.268,,,1.0,0.0,,,,,,,,,,,,43.6,0.8779999999999999,,,27.75,59.4,,,,,,
creme_fraiche,Creme Fraiche,5,0.857854962348938,268.6,28.842000000000002,,0.16,18.014,,15.388,83.4,7.1800000000000015,,,,3.216,,,,0.0,0.0,0.0805,0.6825,,,42.0,,,,,,29.4,1.154,,,36.333333333333336,163.8,,,,,,
creole_sauce,Creole Sauce,5,0.9253361225128174,40.0,7.3340000000000005,,0.0,2.668,,2.334,0.0,0.666,,,,0.666,,,0.0,0.0,,,,,,,,,,,0.0,4.0,0.0,,,119.25,7440.0,,,,,,
creole_seasoning,Creole Seasoning,5,0.9999999403953552,31.0,6.612,,2.48,1.7420000000000002,,0.8,0.0,0.0,,,,1.5,,,0.0,46.666666666666664,,,,,,12.0,,,,,,189.6,4.628,34.0,59.0,454.0,26359.6,1.0,,,1.0,,
crepe,Crepe,5,0.8956093788146973,195.8,20.247999999999998,,0.5800000000000001,7.76,,9.256,103.6,2.9042000000000003,0.0048000000000000004,0.0008,,7.999999999999998,87.6,0.712,1.1,0.8400000000000001,0.1456,0.23299999999999996,1.4252,,0.06899999999999999,28.8,0.502,78.42,,5.06,,83.2,1.532,16.0,126.4,158.4,267.0,0.898,0.0506,,,,13.24
crescent_roll,Crescent Roll,5,0.9767791628837585,333.8,44.802,,0.0,7.572,,12.896,0.0,5.574,,,,5.928,,,0.0,0.0,0.0,0.2005,2.824,,,,,,,,,0.0,2.3,,,86.2,781.6,,,,,,
crispbread,Crispbread,5,0.8997750878334045,428.6,76.22200000000001,,6.220000000000001,15.712,,10.672,0.0,1.1030000000000002,0.0,0.0,,6.634,0.0,0.81,0.0,4.62,0.2486,0.5018,5.768400000000001,,1.0665,172.25,2.885,20.2,,6.0,,211.6,5.49,54.5,211.5,265.5,710.2,8.405,0.255,,,,36.6
croissant,Croissant,5,0.9003012180328369,366.0,47.89,,1.4,7.040000000000001,,16.9,0.0,7.040000000000001,,,,7.040000000000001,,,,0.0,,,,,,,,,,,,113.0,2.54,,,,366.0,,,,,,
crosnes,Crosnes,5,0.7889145016670227,472.0,62.227999999999994,,4.0,3.528,,18.926,5.6,4.1975999999999996,0.0,0.0,,11.498,7.0,0.4,0.0,0.0,0.506,0.421,4.646,0.835,0.083,105.0,0.14,14.6,,7.6,,76.8,2.256,42.0,140.0,167.6,1223.6,0.94,0.168,,0.514,,28.8
crouton,Crouton,5,0.9596195220947266,472.0,62.227999999999994,,4.0,3.528,,18.926,5.6,4.1975999999999996,0.0,0.0,,11.498,7.0,0.4,0.0,0.0,0.506,0.421,4.646,0.835,0.083,105.0,0.14,14.6,,7.6,,76.8,2.256,42.0,140.0,167.6,1223.6,0.94,0.168,,0.514,,28.8
crumb_crust,Crumb Crust,5,0.863965630531311,359.4,67.274,,5.5600000000000005,6.51,,4.776000000000001,0.0,0.176,,,,12.693999999999999,,,0.0,0.0,1.0,0.6365,4.6392500000000005,,,163.75,,,,,0.0,163.6,4.680000000000001,,,158.25,888.2,,,,,,
crumpet,Crumpet,5,0.7266855239868164,291.2,39.126,,1.24,8.074000000000002,,9.012,45.0,1.1674,0.051,0.0645,,11.112,65.5,1.42,1.15,4.725,0.12533333333333332,0.291,3.5583333333333336,,0.1935,82.66666666666667,1.47,94.55,,3.8,,29.2,1.478,31.0,193.0,136.4,439.8,0.7,0.0485,,,,28.049999999999997
cubanelle_pepper,Cubanelle Pepper,5,0.7521137595176697,38.6,5.85,,0.9400000000000001,4.12,,0.7939999999999999,0.0,0.012199999999999999,0.0,0.0,,0.61,43.0,0.9,0.0,79.65,0.037,0.023,0.343,,0.105,13.0,0.0,8.9,,21.9,0.0,40.8,0.148,6.0,13.0,106.25,547.8,0.09,0.045,,,,0.4
cucumber,Cucumber,5,0.8738057613372803,12.363,2.4770000000000003,,0.6999999999999998,1.38,,0.167,0.0,0.078,0.0,0.0,,0.6039999999999999,4.0,0.03,0.0,3.2000000000000006,0.031,0.025000000000000005,0.037,0.24,0.051,14.0,0.0,5.7,0.0,13.920000000000002,,14.936000000000002,0.132,11.244,21.892000000000003,149.44,1.8059999999999998,0.1836,0.067796,,0.077752,3.723,0.10000000000000002
cudweed,Cudweed,2,0.7390332818031311,176.0,16.435,,0.3,12.2,,12.115,53.5,7.2055,0.0,0.075,,2.645,75.0,0.79,0.0,4.35,0.051,0.218,0.93,,0.043,108.0,0.0,10.3,,20.8,,78.5,0.945,64.0,50.0,137.0,688.0,0.74,0.188,,,,0.6
culantro,Culantro,5,0.8048213720321655,75.0,3.412,,1.28,0.798,,6.532000000000001,0.0,0.7167999999999999,0.0,0.0,,1.8539999999999999,337.0,2.5,0.0,33.55,0.067,0.162,1.114,,0.149,62.0,0.0,12.8,,310.0,56.0,25.8,0.868,26.0,48.0,273.25,190.0,0.5,0.225,,,,0.9
cumin,Cumin,3,0.8020912408828735,396.6666666666667,44.160000000000004,,10.333333333333334,1.5,,22.179999999999996,0.0,3.356666666666667,0.0,0.0,,17.540000000000003,64.0,3.33,0.0,6.733333333333333,0.628,0.327,4.579,,0.435,10.0,0.0,24.7,,5.4,1260.0,927.6666666666666,66.24000000000001,366.0,499.0,1192.0,698.6666666666666,4.8,0.867,,3.333,,5.2
curd,Curd,5,0.8489440679550171,596.1147227533461,1.616,,0.04,0.45999999999999996,,62.358000000000004,46.2,28.031,0.0,0.0,,3.934,1.0,0.305,0.0,0.1,0.0235,0.08850000000000001,0.5175000000000001,0.116,0.061,33.0,0.0,44.95,,3.3,,59.8,1.342,127.5,157.0,63.8,5.6,1.18,0.2685,,0.889,,12.850000000000001
cured_chicken,Cured Chicken,5,0.8062044978141785,206.0,1.6199999999999999,,0.0,0.238,,14.017999999999997,71.4,3.6043999999999996,0.06,0.02,,17.006,104.0,0.27,0.05,0.0,0.06,0.193,6.662,,0.268,6.0,0.27,61.8,,4.9,0.0,4.2,1.004,20.0,153.0,348.0,673.0,2.23,0.075,,,,22.3
cured_duck,Cured Duck,5,0.741693913936615,306.5009560229445,0.4779999999999999,,0.0,0.186,,27.548000000000002,237.8,9.132200000000001,0.0,0.0,,13.112,73.6,0.8280000000000001,0.78,2.84,0.22140000000000004,0.2968,3.460400000000001,1.263,0.23200000000000004,28.8,1.31,82.0,,3.94,,21.6,2.6900000000000004,16.2,168.0,224.0,81.8,1.4780000000000002,0.20460000000000003,,0.0216,,17.5
cured_fish,Cured Fish,5,0.7977621555328369,99.52045889101339,0.0,,0.0,0.0,,2.76,58.0,0.5873999999999999,0.0984,0.11299999999999999,0.012333333333333335,17.668,6.0,0.512,10.7,1.0666666666666667,0.0622,0.05739999999999999,2.7806,0.5586,0.22080000000000002,18.0,1.6600000000000001,57.5,,0.5333333333333333,,22.8,0.6759999999999999,25.44,290.8,308.0,115.2,0.786,0.0462,,0.028600000000000004,,23.759999999999998
curing_salt,Curing Salt,5,0.8171002864837646,13.575525812619503,3.072,,0.62,13.914000000000001,,0.034,0.0,0.0,,,,0.546,0.0,0.19,0.0,0.9199999999999999,0.056,0.173,0.392,0.276,0.218,15.0,0.0,25.9,,0.3,0.0,9.4,0.11000000000000001,18.0,56.0,56.6,25036.0,0.3,0.07,4928.5,0.21,,0.6
curry,Curry,5,0.8774811625480652,180.32351816443597,27.741999999999997,,22.360000000000003,2.8920000000000003,,8.011999999999999,4.0,1.2793999999999999,0.0,0.0002,0.255,7.912000000000001,42.6,10.702,0.0,7.940000000000002,0.1024,0.1214,1.9232,1.07,0.1454,34.8,0.11000000000000001,36.96,,45.6,,222.4,8.118,112.2,179.4,645.0,174.2,2.354,0.532,,8.3,,17.779999999999998
curry_leaf,Curry Leaf,5,0.8145601153373718,200.0,33.634,,2.6399999999999997,3.786,,14.466,0.0,1.5954000000000002,0.0,0.0,,5.192,82.0,0.825,0.0,7.3,0.0555,0.0555,0.819,,0.1575,23.0,0.005,13.45,,19.8,0.0,45.4,2.2960000000000003,100.33333333333333,43.5,299.25,1159.8,1.8466666666666667,0.7213333333333334,,,,0.5
curry_paste,Curry Paste,5,0.9423249959945679,155.2,18.78,,8.46,4.992,,5.465999999999999,0.0,0.534,,,,2.134,,,0.0,0.0,,,,,,,,,,,0.0,93.8,3.646,,,365.3333333333333,3198.0,,,,,,
curry_powder,Curry Powder,5,1.000000238418579,179.92351816443596,52.331999999999994,,47.279999999999994,1.1039999999999999,,8.604,0.0,0.6592,0.0,0.0,0.255,7.715999999999999,1.0,25.24,0.0,0.27999999999999997,0.176,0.2,3.26,1.07,0.105,56.0,0.0,64.2,,99.8,,290.0,17.0,255.0,367.0,585.0,1960.8,4.7,1.2,,8.3,,40.3
custard,Custard,5,1.0,287.95793499043975,45.088,,0.32,11.753333333333336,,10.207999999999998,141.0,4.434800000000001,0.01225,0.00025,,5.162,61.0,0.485,0.9500000000000001,0.31999999999999995,0.09624999999999999,0.31675,0.26675,1.7196666666666667,0.1365,22.0,0.8374999999999999,25.75,,1.7000000000000002,,146.0,0.954,29.5,228.25,350.0,207.4,0.8075,0.032,,0.018666666666666668,,11.3
custard_powder,Custard Powder,5,0.8794549107551575,267.5789674952199,33.326,,0.9600000000000002,13.4475,,13.002,92.8,4.6734,0.009500000000000001,0.00075,,5.156000000000001,58.5,0.94,0.8000000000000002,0.43999999999999995,0.0655,0.259,0.299,1.1873333333333334,0.09,22.5,0.615,38.0,,3.2000000000000006,,103.2,0.734,19.5,167.0,214.5,243.8,0.6525000000000001,0.029500000000000002,,0.04666666666666666,,9.475
cynar,Cynar,1,0.65320885181427,0.0,0.21,,0.0,0.0,,0.0,0.0,0.0,,,,0.0,,,,,,,1.691,0.529,0.18,,0.25,,,,,0.0,0.0,,,3.0,5.0,,,,,,
dace,Dace,1,0.6723279356956482,86.0,16.28,,0.2,13.87,,1.54,5.0,0.819,0.0,0.0,,1.69,14.0,0.03,0.5,0.0,0.046,0.075,0.22,,0.039,2.0,0.22,7.6,,0.1,,59.0,0.17,9.0,51.0,74.0,18.0,0.25,0.012,,,,1.2
daikon,Daikon,2,0.7517756819725037,220.0,39.965,,10.75,28.895,,0.05,0.0,0.004,0.0,0.0,,3.6149999999999998,0.0,0.02,0.0,1.25,0.014,0.008,0.025,,0.004,1.0,0.0,1.2,,0.1,,216.0,2.625,29.5,146.0,85.5,103.5,1.1,0.009,,,,0.3
damson,Damson,1,0.6585660576820374,454.0,0.0,,0.0,0.0,,40.68,83.0,11.42,0.04,0.02,,20.36,78.0,0.4,0.2,0.0,0.036,0.127,5.581,,0.1,2.0,0.2,45.7,,2.4,,14.0,1.51,15.0,125.0,136.0,65.0,1.23,0.064,,,,20.0
dandelion,Dandelion,3,0.7934225797653198,53.62205226258764,9.326666666666666,,3.533333333333333,0.7200000000000001,,1.6233333333333333,0.6666666666666666,0.41100000000000003,0.0,0.0,,2.74,510.3333333333333,3.6233333333333335,0.0,31.833333333333332,0.18600000000000003,0.259,0.803,0.084,0.256,25.0,0.0,35.86666666666667,,789.7666666666668,,189.66666666666666,3.143333333333333,36.666666666666664,67.0,402.6666666666667,120.33333333333333,0.4166666666666667,0.17333333333333334,,0.342,,0.5
dango,Dango,1,0.6860055327415466,381.0,91.27,,0.9,,,0.05,0.0,0.01,,,,0.26,,,,0.0,0.0,0.0,,0.0,0.0,0.0,0.0,,,,,2.0,0.47,3.0,13.0,3.0,9.0,0.06,0.05,,0.0,,
dark_soy_sauce,Dark Soy Sauce,5,0.8783972263336182,64.4,9.336,,0.13999999999999999,6.151999999999999,,0.134,0.0,0.026000000000000002,,,,8.356,0.0,,0.0,7.0,,,,,,,,,,,0.0,13.4,1.334,,,709.5,4439.8,,,,,,
dashi,Dashi,3,0.7917150259017944,85.33333333333333,18.116666666666667,,0.13333333333333333,8.603333333333333,,0.8933333333333334,2.6666666666666665,0.5763333333333333,0.0,0.0,,1.82,3.0,2.3,0.0,5.6000000000000005,0.043333333333333335,0.13333333333333333,1.7793333333333337,0.8036666666666666,0.23233333333333336,21.0,0.4266666666666667,16.7,,1.0,,62.0,1.0533333333333332,36.0,55.666666666666664,183.0,29.333333333333332,0.7066666666666667,0.166,16.0,0.12333333333333334,,0.7
date,Date,1,0.9999998211860657,282.0,75.03,,8.0,63.35,,0.39,0.0,0.032,0.0,0.0,,2.45,0.0,0.05,0.0,0.4,0.052,0.066,1.274,,0.165,19.0,0.0,6.3,,2.7,,39.0,1.02,43.0,62.0,656.0,2.0,0.29,0.206,,,,3.0
daylily_flower,Daylily Flower,5,0.7621750235557556,285.0,34.39,,3.1,12.847999999999999,,10.476,0.0,1.428,,,,6.482000000000001,,,0.0,9.299999999999999,1.0,0.304,6.4879999999999995,,,143.0,,,,,,27.2,1.6460000000000001,314.0,333.0,238.66666666666666,87.0,4.64,1.571,,,,
deer_mushroom,Deer Mushroom,5,0.8140695095062256,45.85675925,6.9777375,,2.5815,1.5550000000000002,,1.27876,0.0,0.4,,,,2.1346875,,,0.020599999999999997,0.0,0.16876666666666665,0.30563333333333337,3.0156666666666667,,0.08546,42.17333333333333,,,,,,6.2,0.70468,13.043333333333331,100.39666666666666,315.725,197.89285999999998,0.8330333333333333,0.19416666666666668,,0.18138,,2.807333333333333
demi_glace,Demi Glace,1,0.6713146567344666,246.0,52.63,,1.8,1.75,,1.75,0.0,0.0,,,,8.77,,,0.0,0.0,,,,,,,,,,,0.0,18.0,3.51,,,70.0,509.0,,,,,,
denbu,Denbu,1,0.6639611721038818,121.0,20.16,,1.3,2.63,,2.35,0.0,0.464,0.0,0.0,,4.77,9.0,0.3,0.1,1.7,0.047,0.124,0.81,,0.068,28.0,0.0,8.9,,12.7,,21.0,1.07,14.0,45.0,105.0,430.0,0.36,0.064,,,,11.7
dextrose,Dextrose,2,1.000000238418579,362.5,88.75,,0.0,88.75,,0.0,0.0,0.0,,,,0.0,,,,,,,,,,,,,,,,0.0,0.0,,,0.0,0.0,,,,,,
digestive_biscuit,Digestive Biscuit,5,0.8239936232566833,331.0,38.82,,2.2,5.895999999999999,,16.46,6.4,9.3612,0.0,0.0002,,7.093999999999999,31.0,0.564,0.06000000000000001,0.04,0.37520000000000003,0.2808,3.217,,0.05820000000000001,65.0,0.072,7.8199999999999985,,5.779999999999999,,76.0,2.3,15.6,406.8,150.6,852.4,0.576,0.0786,,,,11.760000000000002
dijonnaise,Dijonnaise,5,0.7675266265869141,248.0,5.62,,2.1399999999999997,1.428,,22.048000000000002,0.0,1.3800000000000001,,,,4.286,,,0.0,0.0,,,,,,,,,,,0.0,57.2,0.772,286.0,,188.6,1302.2,,,,,,
dill,Dill,5,0.861865758895874,220.2,6.048,,0.0,5.3340000000000005,,22.334,20.0,5.668,,,,1.332,,,0.0,1.075,,,,,,,,,,,120.0,66.6,0.0,,,101.2,845.2,,,,,,
doenjang,Doenjang,1,0.6463052034378052,113.0,6.62,,0.0,6.62,,3.45,49.0,2.132,0.0,0.0,,3.74,49.0,0.17,1.0,1.2,0.029,0.157,0.089,,0.041,1.0,0.37,42.9,,0.2,,107.0,0.17,16.0,90.0,136.0,45.0,0.39,0.014,,,,3.5
donburi_sauce,Donburi Sauce,5,0.8057875037193298,91.4,17.939999999999998,,0.9800000000000001,14.190000000000001,,1.7920000000000003,0.0,0.0,,,,0.8160000000000001,,,0.0,0.0,,,,,,,,,,,,9.8,0.196,,,219.4,561.6,,,,,,
dong_leaf,Dong Leaf,2,0.7040829062461853,1.0,0.075,,0.0,0.0,,0.0,0.0,0.0,0.0,0.0,,0.11,0.0,0.0,0.0,0.0,0.0035,0.029,0.045,,0.0025,0.0,0.0,0.0,,0.0,,0.5,0.01,1.0,0.5,10.0,2.0,0.01,0.002,,,,0.0
donkey_meat,Donkey Meat,5,0.7822308540344238,173.0565965583174,3.812,,1.4,0.072,,7.502,73.4,3.1726,0.0,0.0,,21.414,0.2,0.808,0.02,0.0,0.4630000000000001,0.2606,6.1983999999999995,0.7249999999999999,0.396,27.6,1.72,83.6,,2.7199999999999998,,14.8,2.898,29.8,201.0,343.2,116.2,4.08,0.13240000000000002,,0.0135,,9.280000000000001
dory,Dory,1,0.6690434217453003,94.0,18.75,,0.0,14.06,,0.78,8.0,0.0,,,,3.12,,,,0.0,,0.106,,,,,,,,,,156.0,0.0,,94.0,141.0,47.0,,,,,,
doubanjiang,Doubanjiang,1,0.5865631699562073,125.0,5.2,,0.3,3.07,,6.16,234.0,1.712,0.037,0.035,,11.69,107.0,1.35,1.1,1.7,0.042,0.19,0.794,,0.099,35.0,0.81,160.1,,23.4,,54.0,1.0,18.0,167.0,143.0,340.0,1.02,0.081,,,,26.6
dough,Dough,5,0.8584535121917725,347.2,50.517999999999994,,2.16,14.446000000000002,,13.012,14.8,3.4532,0.0015,0.0,,8.132,63.5,1.8200000000000003,0.2,0.24000000000000005,0.3438,0.2516,3.2194000000000003,,0.0595,82.6,0.0825,22.225,,10.875000000000002,,82.4,3.0100000000000002,21.0,94.5,107.2,412.0,0.6925,0.09875,,,,17.424999999999997
dough_improver,Dough Improver,5,0.7853233218193054,328.4,51.586,,1.5799999999999998,14.612,,10.718,26.4,4.3100000000000005,,,,6.531999999999999,,,,0.0,0.25,0.25,2.69275,,,81.0,,,,,,19.4,2.5119999999999996,,,87.66666666666667,417.8,,,,,,
doughnut,Doughnut,5,0.910973846912384,411.41835564053537,54.56,,1.9599999999999997,29.644,,20.011999999999997,14.6,7.205,0.0028000000000000004,0.0,,4.372000000000001,3.0,0.9719999999999999,0.02,0.34,0.24820000000000003,0.2284,2.2653999999999996,0.216,0.032,67.6,0.062,28.78,,9.120000000000001,,48.2,2.3899999999999997,20.2,152.4,113.6,343.0,0.4779999999999999,0.12360000000000002,,0.215,,7.580000000000001
dragon_fruit,Dragon Fruit,5,1.0000001192092896,155.4,21.413999999999998,,1.32,19.632,,0.11200000000000002,0.0,0.05600000000000001,,,,1.1079999999999999,,,0.0,9.040000000000001,0.0,0.1,80.1765,,16.0,,48.0,,,,,29.8,0.262,40.0,,96.0,8.8,,,,,,
dragon_whisker_vegetable,Dragon Whisker Vegetable,5,0.768125593662262,127.6,25.576,,1.7999999999999996,18.72,,3.152,4.6,0.966,,,,4.242,,,0.0,5.550000000000001,,,,,,,,,,,,89.2,0.698,,,161.6,189.8,,,,,,
drambuie,Drambuie,2,0.7047665119171143,132.0,3.4,,0.0,0.0,,12.6,50.0,4.4,,,,1.4,,,0.0,0.0,,,,,0.0,,0.0,,,,0.0,60.0,0.0,,,,44.0,0.0,,,,,
dried_ganba_mushroom,Dried Ganba Mushroom,5,0.8457404375076294,236.2,53.278,,11.940000000000001,1.278,,0.9360000000000002,0.0,0.2,0.0,0.0,,12.312,0.0,0.0033333333333333335,2.6333333333333333,2.275,0.20033333333333334,0.9183333333333333,10.311,21.879,0.6963333333333334,119.33333333333333,0.013333333333333334,140.2,,0.0,,54.6,7.9159999999999995,92.66666666666667,221.33333333333334,1103.3333333333333,28.6,5.36,3.4600000000000004,,1.176,,31.133333333333336
dried_lily_bud,Dried Lily Bud,5,0.7762696743011475,293.0,76.316,,7.5,64.094,,0.842,0.0,0.0814,0.0,0.0,,2.3579999999999997,59.8,1.8519999999999999,0.0,7.4799999999999995,0.06459999999999999,0.11179999999999998,1.3047999999999997,,0.191,8.6,0.0,16.160000000000004,,15.14,,39.6,1.452,25.2,57.8,606.4,29.2,0.35,0.259,,,,1.34
dried_orchid_flower,Dried Orchid Flower,5,0.7606861591339111,284.6,67.03799999999998,,7.040000000000001,44.904,,1.77,0.0,0.3594,0.0,0.011,,8.0,46.0,1.5875000000000001,0.0,8.68,0.33125,0.5782499999999999,3.0895,,0.1495,98.75,0.0,27.325,,15.8,,123.2,6.473999999999999,162.0,74.5,851.0,123.6,1.3375,1.0322500000000001,,,,2.5749999999999997
dried_oyster,Dried Oyster,5,0.8204383254051208,230.65583173996174,44.980000000000004,,2.925,28.93,,1.4500000000000002,138.0,0.3145,0.2195,0.24025,,14.071999999999997,56.4,2.0275000000000003,0.0,4.539999999999999,0.23620000000000002,0.1568,1.9902000000000002,21.477,0.3034,42.4,4.5280000000000005,78.675,,1.625,,133.4,4.656000000000001,71.0,185.0,619.2,484.0,22.407999999999998,2.243,,1.151,,41.17999999999999
dried_scallop,Dried Scallop,5,0.8317638039588928,219.6,33.876000000000005,,3.6,0.7399999999999999,,4.946,20.0,1.828,0.051,0.036,,10.536,25.0,0.35333333333333333,0.1,7.779999999999999,0.0436,0.086,2.3126,1.4,0.1496,21.0,0.642,58.93333333333333,,1.8666666666666665,,65.0,1.0599999999999998,38.8,276.0,513.4,857.2,1.03,0.1376,,0.622,,10.959999999999999
dried_shrimp,Dried Shrimp,5,0.9578469395637512,125.2,0.178,,0.0,0.0,,1.5719999999999998,240.2,0.094,0.63,0.732,,24.084,0.0,2.75,0.0,3.0749999999999997,0.017,0.038,1.1400000000000001,,0.025,16.5,1.455,202.2,,0.0,,112.8,1.7080000000000002,41.5,488.0,125.0,776.0,2.89,0.655,,,,118.8
dried_tangerine_peel,Dried Tangerine Peel,5,0.7845693230628967,46.60841300191204,13.107999999999999,,4.68,7.7440000000000015,,0.262,0.0,0.033,0.0,0.0,,0.9620000000000001,13.2,0.192,0.0,69.34,0.0596,0.0472,0.2752,0.22199999999999998,0.1012,10.4,0.0,7.919999999999999,,0.0,,68.2,0.43000000000000005,11.6,14.4,168.4,3.2,0.126,0.055200000000000006,,0.037,,0.33999999999999997
dried_tofu,Dried Tofu,5,0.8950645327568054,261.6336520076482,38.534,,3.4,37.4275,,7.609999999999999,0.0,1.0682,0.0,0.0,,13.298000000000002,17.666666666666668,0.915,0.0,1.7399999999999998,0.20633333333333334,0.14133333333333334,0.8116666666666669,0.415,0.15066666666666664,36.0,0.0,30.1,,4.6,,142.0,2.93,41.0,195.0,146.6,69.4,1.83,0.49100000000000005,,3.689,,22.73333333333333
dried_vegetable,Dried Vegetable,5,0.8431581258773804,439.744550669216,38.676,,14.719999999999999,7.457999999999998,,27.596000000000004,0.4,3.5391999999999997,0.0,0.0056,1.86,20.564,160.0,18.134,0.0,53.879999999999995,1.7064,1.1852,7.7512,1.0168,0.9179999999999999,168.8,0.1,72.48,0.0,550.38,,514.0,11.436,299.6,484.0,1412.8,955.8,4.496,1.1119999999999999,,4.864,,30.98
dry_pot_sauce,Dry Pot Sauce,5,0.842355489730835,242.3984703632887,30.179999999999996,,0.74,12.656,,11.645999999999999,15.8,4.324,0.0,0.0,,4.7700000000000005,55.0,1.84,0.0,30.225,0.1835,0.36600000000000005,2.2344999999999997,1.2715,0.158,69.0,0.42000000000000004,,,6.2,,148.0,0.458,30.333333333333332,349.0,230.0,1377.0,1.3,0.07450000000000001,,0.054,,9.3
dubonnet,Dubonnet,1,0.684271514415741,19.0,4.64,,,4.64,,0.0,,0.0,,,,,,,,6.3,,,2.11,1.055,0.211,,0.63,,,,,4.0,,7.0,,51.0,,0.32,,,,,7.0
duck,Duck,5,0.7707812786102295,296.46271510516254,0.376,,0.0,0.0,,25.984,76.4,8.860000000000001,0.0,0.0,,14.206,39.6,0.7,0.45999999999999996,4.0,0.2622,0.306,4.4804,1.2106,0.25000000000000006,17.8,0.30999999999999994,40.04,,4.42,,11.0,2.4,16.6,164.6,233.8,67.4,1.576,0.2428,,0.017800000000000003,,13.0
duck_egg,Duck Egg,5,0.8975622057914734,201.49369024856597,11.168,,0.0,6.566,,12.294,670.4,3.4002000000000003,0.0,0.0,,10.144,189.0,1.645,1.2600000000000002,0.0,0.12175,0.46225,0.1655,1.862,0.224,59.5,3.6225,216.825,,2.725,,49.0,2.898,15.25,211.25,173.4,325.0,1.3599999999999999,0.06,,0.038,,34.15
duck_fat,Duck Fat,5,0.7844650745391846,900.197705544933,0.0,,0.0,0.0,,99.82000000000001,96.6,39.6408,0.0,0.0,,0.0,0.0,2.2800000000000002,2.6999999999999997,0.0,0.0,0.0,0.0,0.0,0.0,0.0,0.0,89.32000000000001,,0.0,,0.0,0.0,0.0,0.0,0.0,30.0,0.022,0.0,,,,0.16
duck_sauce,Duck Sauce,5,0.9999999403953552,169.04397705544935,36.73,,0.12,23.564,,1.0779999999999998,1.8,0.7121999999999999,0.0,0.0,,2.738,8.0,0.2,0.0,0.225,0.023,0.014,0.239,,0.032,2.0,0.0,1.7,,0.3,60.0,10.2,0.078,5.0,9.0,109.0,2439.0,0.21,0.037,,0.429,,1.3
duck_stock,Duck Stock,5,0.8417512774467468,10.0,0.768,,0.0,0.42400000000000004,,0.21800000000000003,0.4,0.0,,,,0.9879999999999999,,,0.0,0.22000000000000003,,,,,,,,,,,,0.0,0.03,,,86.2,278.8,,,,,,
dukkah,Dukkah,1,0.687457799911499,16.0,3.4,,1.6,1.86,,0.1,0.0,0.032,0.0,0.0,,0.68,0.0,0.0,0.0,14.8,0.012,0.039,0.254,,0.071,25.0,0.0,6.5,,1.3,,25.0,0.34,10.0,20.0,233.0,39.0,0.28,0.05,,,,0.6
dulce_de_leche,Dulce De Leche,5,1.0,330.6,47.936,,0.4,41.386,,12.468,21.2,5.795999999999999,,,,6.636,,,0.0,0.0,,,,,,,,,,,,255.4,0.176,,,167.33333333333334,59.6,,,,,,
dumpling,Dumpling,5,0.9359300136566162,147.0,24.904,,0.8400000000000001,7.608,,5.49,6.0,1.0017999999999998,0.0,0.0,,6.660000000000001,14.0,0.18,0.3,4.34,0.196,0.13,1.505,,0.028,28.0,0.11,6.3,,1.5,0.0,45.4,1.062,10.0,90.0,71.0,1000.4,0.28,0.042,,,,4.3
dumpling_wrapper,Dumpling Wrapper,5,0.8657715320587158,200.6,35.092,,1.42,8.076,,5.888,28.8,1.168,,,,8.828,,,,4.34,1.0,0.455,7.143,,,179.0,,,,,0.0,24.2,1.3900000000000001,,,,920.2,,,,,,
durian,Durian,5,0.7581943869590759,389.0152963671128,42.096,,14.88,5.130000000000001,,21.716,0.0,1.9700000000000002,0.0,0.0,0.273,19.488,120.4,1.4,0.0,231.28000000000003,0.9103999999999999,0.6980000000000001,5.2532000000000005,0.4816666666666667,0.4728,144.4,0.0,52.95,,679.75,,1202.8,28.279999999999994,450.4,628.4,2362.2,98.0,6.108,1.5472,,5.684800000000001,,18.119999999999997
earl_grey_tea,Earl Grey Tea,5,0.9027326703071594,55.2,17.424,,0.125,6.784000000000001,,2.338,7.75,1.308,,,,1.0399999999999998,,,0.0,1.2,,,,,,,,,,,,52.666666666666664,0.0,,,516.3333333333334,56.6,,,,,,
edam_cheese,Edam Cheese,5,0.9464752674102783,320.4386233269598,2.742,,1.0,0.868,,24.86,80.2,15.530000000000001,0.0,0.00075,,21.578000000000003,169.25,0.44,0.3,1.06,0.072,0.3155,0.27825,0.281,0.08625,84.75,1.155,25.225,,8.7,,587.4,0.664,37.75,445.5,183.8,907.0,3.1825,0.1105,,0.011,,11.075
edamame,Edamame,5,0.8576298952102661,124.58585086042065,10.124,,4.68,3.2800000000000002,,5.8759999999999994,0.6666666666666666,0.6286666666666667,0.0,0.003,0.358,10.606,20.5,0.79,0.0,10.44,0.17099999999999999,0.20875000000000002,0.91275,0.48833333333333334,0.12075,300.75,0.0,55.75,0.0,29.349999999999998,129.0,77.4,2.252,62.0,163.75,420.4,93.2,1.3350000000000002,0.33175,,1.0146666666666666,,0.8
edible_flower,Edible Flower,5,0.8603624701499939,394.8,78.334,,5.36,41.964,,3.8600000000000003,0.0,2.456,,,,0.35,,,,0.0,0.0,0.2235,1.4035,,,,,,,,,7.0,0.506,,,0.0,93.6,,,,,,
edible_gold_leaf,Edible Gold Leaf,5,0.7984200716018677,224.4,34.541999999999994,,11.84,2.408,,8.0,0.0,0.8,,,,5.082,,,,10.919999999999998,0.4,0.13720000000000002,2.01,,0.135,37.333333333333336,,,,,,75.4,2.024,112.0,205.75,419.0,6.0,1.2750000000000001,0.3405,,3.0,,28.0
eel,Eel,5,0.8927906155586243,175.8,1.558,,0.06,0.028000000000000004,,10.453999999999999,100.4,2.2118,0.0612,0.05800000000000001,0.054,17.59,607.4,2.902,14.3,1.02,0.11400000000000002,0.067,3.1118,0.45499999999999996,0.1086,16.0,2.9219999999999997,66.6,0.6,1.6199999999999999,,17.4,0.514,20.4,216.4,290.0,123.0,1.2,0.0304,,0.025,,7.659999999999999
egg,Egg,5,0.87432861328125,441.1502868068834,20.266,,1.5333333333333332,1.3733333333333333,,29.907999999999998,1173.4,4.245666666666667,0.046000000000000006,0.004333333333333333,,20.652,169.0,1.0333333333333334,7.5200000000000005,0.0,0.3506666666666667,0.4666666666666666,3.2399999999999998,1.1846666666666668,0.15933333333333333,118.66666666666667,0.7166666666666667,329.6,,0.8333333333333334,,171.0,5.474,19.0,513.2,160.2,221.2,3.62,0.08020000000000001,349.0,0.211,,38.733333333333334
egg_noodle,Egg Noodle,5,0.9472894668579102,362.0,66.44000000000001,,2.44,2.454,,4.016,96.8,1.218,,,,14.301999999999998,,,0.0,0.0,1.0,0.4084,5.6982,,,242.2,,,,,0.0,21.0,2.82,,,180.2,22.6,,,,,,
egg_roll,Egg Roll,5,0.9110062122344971,270.6,31.796000000000003,,2.12,4.524,,12.508000000000001,17.2,2.0504,0.004,0.0018000000000000002,,7.394,48.2,1.764,0.1,4.680000000000001,0.2938,0.2696,2.9866,,0.0962,71.0,0.066,32.4,,33.8,,55.6,2.036,21.4,86.0,192.6,435.8,0.622,0.10799999999999998,,,,15.8
egg_roll_wrapper,Egg Roll Wrapper,5,0.8556355237960815,283.6,49.724000000000004,,1.94,3.4250000000000003,,4.822,18.6,0.8782,0.0046,0.0018000000000000002,,9.116000000000001,24.6,1.245,0.2,1.1400000000000001,0.4468,0.356,4.6928,0.025000000000000005,0.0504,85.0,0.054000000000000006,53.25,,21.0,,56.6,2.964,20.2,87.8,112.6,507.2,0.6839999999999999,0.1412,,0.638,,25.54
egg_substitute,Egg Substitute,5,0.9280792474746704,244.23785850860423,9.504000000000001,,0.0,9.200000000000001,,9.178,393.0,2.7844,0.0,0.0,,29.152000000000005,221.6,1.242,1.3199999999999998,0.42000000000000004,0.142,0.9443999999999999,0.25880000000000003,2.809333333333333,0.10840000000000001,78.0,1.8419999999999999,167.98,,0.32,,164.2,2.326,33.4,279.0,393.0,434.4,1.4200000000000002,0.0872,,0.05533333333333334,,71.76
egg_tofu,Egg Tofu,5,0.8291088342666626,250.8336520076482,8.934000000000001,,3.04,1.72,,16.492,82.2,2.7366,0.0,0.0,,21.201999999999998,42.0,0.36,0.5,0.64,0.1942,0.1712,0.32580000000000003,0.23166666666666666,0.11339999999999999,44.6,0.20400000000000001,149.0,,4.8500000000000005,,254.8,4.44,46.0,255.8,98.2,40.4,2.086,0.41000000000000003,,2.2263333333333333,,31.080000000000002
egg_white,Egg White,5,0.9014073610305786,139.45009560229445,6.787999999999999,,0.45,1.0725,,0.922,3.8,0.2745,0.0,0.0,,24.362000000000002,3.0,0.1425,0.0,0.225,0.0655,0.39125000000000004,0.62025,0.19,0.01575,15.5,0.08,3.0749999999999997,,0.725,,42.8,0.47400000000000003,27.52,41.4,315.6,421.0,0.21600000000000003,0.03,34.0,0.007333333333333333,,19.4
egg_yolk,Egg Yolk,5,0.87355637550354,435.4206500956023,1.018,,0.0,0.07,,36.826,1518.4,7.159,0.112,0.0,0.083,22.733999999999998,313.0,2.28,9.219999999999999,0.0,0.14,0.427,0.027,3.167,0.402,112.0,1.61,705.0,,0.7,,178.2,6.043999999999999,16.28,652.8,155.4,783.4,4.590000000000001,0.0242,263.0,0.0402,,56.9
eggnog,Eggnog,5,1.000000238418579,149.0,16.660000000000004,,0.0,16.660000000000004,,6.69,53.0,3.7624000000000004,0.0,0.0,,4.0840000000000005,49.0,0.17,0.2,1.04,0.029,0.157,0.089,,0.041,1.0,0.31399999999999995,42.9,,0.2,,155.0,0.034,16.0,90.0,173.6,69.0,0.39,0.014,,,,3.5
eggplant,Eggplant,5,0.917967677116394,27.686852199999997,6.27346,2.354,2.4584,4.8,,0.236,0.0,0.14,0.0,0.0,,0.8615,3.0,0.03,0.0,0.0,0.05,0.07,0.66,,0.14,20.0,0.0,11.9,,3.7,,13.848000000000003,0.154,12.032,20.0,180.07999999999998,335.154,0.14112,0.08322399999999999,,0.1065,,0.6
einkorn,Einkorn,1,0.6716570854187012,312.0,53.12,,12.5,0.0,,3.12,0.0,0.0,,,,12.5,,,,0.0,0.0,,4.375,,,,,,,,0.0,62.0,4.5,125.0,375.0,,0.0,4.69,,,3.0,,
elderberry,Elderberry,5,0.8848837614059448,161.77934990439772,38.054,,7.720000000000001,39.6325,,0.1,0.0,0.0046,0.0,0.0,,2.8,30.0,,,31.48,0.535,0.06,0.5,0.14,0.265,23.0,0.0,,,,180.0,34.4,0.842,92.5,219.5,130.66666666666666,2.4,3.43,0.8805,,6.0,,3.8
elderflower,Elderflower,5,0.7742226123809814,290.97934990439774,12.264,,5.26,4.9525,,22.1,0.6,2.7665999999999995,0.0,0.0,,10.756,30.0,19.0,,10.26,0.035,0.163,3.927,2.5316666666666667,0.24,122.33333333333333,0.0,,,62.5,0.0,80.2,6.962000000000001,174.75,302.75,482.25,146.0,2.495,0.9215,23.0,1.0,,13.8
elderflower_liqueur,Elderflower Liqueur,5,0.7968615889549255,254.2,37.364,,2.66,34.21,,0.63,2.2,0.3234,0.0,0.0003333333333333333,,3.3840000000000003,8.0,0.023333333333333334,0.03333333333333333,12.24,0.004666666666666667,0.014666666666666666,0.05466666666666666,,0.0013333333333333333,0.0,0.0,0.6666666666666666,,0.06666666666666667,90.0,34.6,0.268,1.0,5.333333333333333,13.666666666666666,7.6,0.03333333333333333,0.02366666666666667,,,,0.3333333333333333
emmental_cheese,Emmental Cheese,5,0.761939287185669,506.8386233269599,0.572,,0.0,0.0,,49.28399999999999,142.6,31.754,0.0,0.0,,14.282,243.0,0.24,0.3333333333333333,0.0,0.037,0.389,0.082,0.281,0.076,16.0,1.54,15.4,,2.3,,725.3333333333334,0.29333333333333333,30.0,536.0,125.33333333333333,1196.3333333333333,3.75,0.036,,0.011,,14.5
empanada_shell,Empanada Shell,5,0.8488010168075562,295.2,30.336000000000002,,1.8,5.026000000000001,,15.652000000000001,20.6,5.4292,0.0006000000000000001,0.0008,,8.374,11.8,0.32999999999999996,0.0,2.0,0.1578,0.12,2.7510000000000003,,0.1446,34.2,0.27599999999999997,23.26,,4.360000000000001,,39.8,1.572,16.4,97.0,159.6,399.8,1.032,0.07880000000000001,,,,8.1
enchilada_sauce,Enchilada Sauce,5,0.9687209129333496,55.4,7.428,,1.35,1.9119999999999997,,2.082,6.0,0.70525,0.0,0.0,,1.9140000000000001,178.33333333333334,0.565,0.0,3.95,0.043,0.0455,1.0015,,0.07100000000000001,6.5,0.0,4.4,,8.2,244.0,38.75,0.7225,12.5,26.0,160.25,508.2,0.16999999999999998,0.056,,,,0.6000000000000001
endive,Endive,2,0.8724023699760437,16.96940726577438,3.35,,3.1,0.25,,0.2,0.0,0.048,0.0,0.0,,1.25,108.0,0.44,0.0,6.5,0.08,0.075,0.4,0.9,0.02,142.0,0.0,16.8,,231.0,,52.0,0.83,15.0,28.0,314.0,22.0,0.79,0.099,,0.42,,0.2
english_muffin,English Muffin,5,0.9404646158218384,228.2,45.748000000000005,,4.159999999999999,1.9920000000000002,,1.888,0.0,0.3188,0.0,0.0,,8.398,0.0,0.382,0.0,0.36,0.40659999999999996,0.261,3.2485999999999997,0.444,0.07419999999999999,71.2,0.008,12.719999999999999,,1.18,,167.4,3.0279999999999996,33.6,108.0,159.4,374.0,1.046,0.1486,,1.001,,25.46
enoki_mushroom,Enoki Mushroom,5,0.8948408365249634,36.5678776290631,7.81,,3.408,0.22,,0.29,0.0,0.027,0.0,0.0,,2.66,,0.01,0.1,0.0,0.225,0.2,7.032,1.35,0.1,48.0,0.0,47.7,0.0,0.0,,0.0,1.15,16.0,105.0,359.0,3.0,0.65,0.107,,0.075,,2.2
epazote,Epazote,2,0.9080206751823425,32.0,7.44,,3.8,,,0.52,0.0,,,,,0.33,3.0,,0.0,3.6,0.028,0.348,0.639,0.179,0.152,215.0,0.0,,,,,275.0,1.88,121.0,86.0,633.0,43.0,1.1,0.19,,3.098,,0.9
epiphyllum_flower,Epiphyllum Flower,1,0.7374011874198914,9.0,1.79,,0.0,0.0,,0.0,0.0,0.0,,,,0.89,,,,3.2,,,,,,,,,,,,18.0,0.64,,,,13.0,,,,,,
er_cai,Er Cai,1,0.6912371516227722,246.0,52.63,,1.8,0.0,,0.88,0.0,0.0,,,,8.77,,,,,1.0,0.368,,,,,,,,,,18.0,2.98,,,123.0,579.0,,,,,,
erythritol,Erythritol,1,0.8141629695892334,0.0,100.0,,0.0,0.0,,0.0,0.0,0.0,,,,0.0,,,0.0,,,,,,,,,,,,,0.0,0.0,,,0.0,0.0,,,,,,
escarole,Escarole,3,0.8565651178359985,93.66666666666667,7.246666666666667,,0.9666666666666668,4.7,,3.723333333333334,23.0,0.8886666666666666,0.0,0.04933333333333333,,7.6000000000000005,50.333333333333336,2.6633333333333336,0.16666666666666666,1.0666666666666667,0.038,0.09233333333333332,0.7246666666666667,,0.072,28.0,0.25,34.46666666666666,,70.86666666666666,,39.0,1.7433333333333334,110.66666666666667,137.0,262.0,148.0,0.7200000000000001,0.19766666666666666,,,,11.800000000000002
espelette_pepper,Espelette Pepper,5,0.8465911149978638,98.0,16.0,,0.4,10.4,,2.8,3.0,0.3,,,,1.8,,,0.0,0.0,,,,,,,,,,,0.0,22.2,0.144,,,140.66666666666666,9486.2,,,,,,
evaporated_milk,Evaporated Milk,5,1.000000238418579,116.0,10.508,,0.0,10.508,,4.944,13.0,2.5172000000000003,0.0,0.0,,7.023999999999999,104.66666666666667,0.06333333333333334,668.6,1.075,0.04533333333333334,0.31725,0.17966666666666664,,0.053,8.666666666666666,0.2425,27.36666666666667,,0.2333333333333333,137.0,260.0,0.152,26.0,197.5,317.6,104.0,0.85,0.016,,,,2.433333333333333
ezine_cheese,Ezine Cheese,5,0.7668465971946716,332.03862332695985,1.768,,0.0,0.0,,26.264,87.6,15.734,0.0,0.0,,22.426,246.0,0.24,0.5,0.0,0.049,0.374,0.1435,0.3135,0.07050000000000001,18.0,1.8199999999999998,15.4,,2.3,,572.4,0.268,21.5,518.0,117.2,859.2,3.625,0.030999999999999996,,0.011999999999999999,,14.5
fajita_seasoning,Fajita Seasoning,5,1.000000238418579,182.2,44.286,,0.0,7.302,,0.0,0.0,0.0,,,,0.0,,,0.0,0.0,,,,,,,,,,,,28.6,3.3019999999999996,,,395.2,7772.8,,,,,,
falafel,Falafel,5,1.000000238418579,274.9869980879541,40.488,,8.25,7.425000000000001,,7.774000000000001,0.0,0.8946,,,,14.344,1.0,,0.0,9.225000000000001,0.146,0.166,1.044,0.292,0.125,93.0,0.0,,,,,114.8,3.7619999999999996,82.0,192.0,395.75,285.2,1.5,0.258,,0.691,,1.0
falernum,Falernum,1,0.6514317393302917,67.0,7.0,,0.0,6.97,,3.52,1.0,1.437,0.011,0.0,,1.7,59.0,0.59,1.0,7.9,0.053,0.092,0.66,,0.04,10.0,0.2,15.7,,5.9,,129.0,0.98,5.0,86.0,86.0,24.0,0.66,0.049,,,,1.8
farina,Farina,2,0.9293189644813538,360.0,74.11,,4.45,0.6,,0.905,0.0,0.0,,,,11.74,,,,0.0,1.0,0.729,8.95,1.807,1.143,,,,,,,155.0,16.515,96.0,361.0,228.0,0.0,,,,,,
farmer_cheese,Farmer Cheese,5,1.0,227.4,16.844,0.0,0.35,13.469999999999999,,13.440000000000001,44.75,7.0958,0.0,0.0,,14.489999999999998,82.0,0.24,0.03333333333333333,26.05,0.049,0.154,0.13,,0.044,11.0,0.62,18.6,,0.5,,315.25,1.41,8.0,145.0,112.25,248.6,0.42,0.0,,,,9.1
farro,Farro,5,0.8820551633834839,354.00099928,72.92831199999999,,5.162,1.4925,,1.7026000000000003,0.0,0.0,,,,12.133888,,,,0.0,0.7921,0.5165,6.5374,1.807,0.6888,214.0,,,,,,79.188,8.321,103.60000000000001,363.1666666666667,280.46666666666664,0.16899999999999998,3.968,0.4703,,2.595,,
fava_bean,Fava Bean,5,0.8847239017486572,203.78164435946462,34.019999999999996,,14.0,6.302,,2.28,0.0,0.33499999999999996,0.0,0.0,,15.028,8.2,0.734,0.0,2.1,0.29240000000000005,0.265,2.158,0.6005,0.2008,246.8,0.0,73.36666666666666,,21.8,,62.8,3.5799999999999996,98.0,243.2,607.4,59.2,1.844,0.5386,,1.1435,,4.08
feijoa,Feijoa,3,0.9117409586906433,61.0,15.21,,6.400000000000001,8.2,,0.42,0.0,0.104,0.0,0.0,0.029,0.71,0.0,0.16,,32.9,0.006000000000000001,0.018,0.295,0.233,0.067,23.0,0.0,,0.0,3.5,,17.0,0.14,9.0,19.0,172.0,3.0,0.06,0.036,,0.084,,
fennel,Fennel,5,0.8250492811203003,99.97705544933078,16.502,,10.52,4.067500000000001,,3.7379999999999995,0.4,0.3272,0.0,0.0,,4.188,43.2,0.7124999999999999,0.0,13.719999999999999,0.0896,0.09680000000000002,1.7325999999999997,0.232,0.13560000000000003,26.75,0.0,13.724999999999998,,65.6,,279.8,4.314,91.0,138.8,681.6,89.2,0.9060000000000002,0.268,,2.305,,0.7249999999999999
fennel_pollen,Fennel Pollen,5,0.7664012908935547,95.6,17.714,,7.480000000000001,4.067500000000001,,2.0460000000000003,0.4,0.5232,0.0,0.0,,5.628,42.4,0.7124999999999999,0.0,10.120000000000001,0.07239999999999999,0.0994,0.8506,0.232,0.16160000000000002,32.8,0.0,13.724999999999998,,65.6,,75.8,7.312,52.2,100.6,496.8,85.0,0.666,0.2766,,0.5366666666666666,,1.8399999999999999
fennel_seed,Fennel Seed,5,0.7977383136749268,95.6,17.714,,7.4799999999999995,4.067500000000001,,2.0460000000000003,0.4,0.5232,0.0,0.0,,5.628,42.4,0.7124999999999999,0.0,10.120000000000001,0.0724,0.0994,0.8506,0.232,0.16160000000000002,32.8,0.0,13.724999999999998,,65.6,,75.8,7.312,52.2,100.6,496.8,85.0,0.666,0.2766,,0.5366666666666666,,1.8399999999999999
fenugreek_leaf,Fenugreek Leaf,2,0.7925273776054382,323.0,58.35,,24.6,,,6.41,0.0,1.46,,,,23.0,3.0,,0.0,3.0,0.322,0.366,1.64,,0.6,57.0,0.0,,,,,176.0,33.53,191.0,296.0,770.0,67.0,2.5,1.11,,1.228,,6.3
fenugreek_seed,Fenugreek Seed,5,0.8906497955322266,439.1770554493308,40.644,,22.3,1.185,,25.46,0.0,3.3899999999999997,0.0,0.0,,21.252,3.25,19.72,0.0,7.125,0.28725,0.32675,3.9297500000000003,,0.5745,102.0,0.0,57.1,,3.2,,332.8,24.394,250.25,559.75,901.2,48.2,3.6449999999999996,1.2445,,2.9963333333333337,,24.799999999999997
fermentation_starter_cake,Fermentation Starter Cake,5,0.7908740639686584,353.2336520076482,54.08,,2.6,25.400000000000002,,12.413999999999998,105.2,3.6326,0.0085,0.0005,,6.524000000000001,54.0,2.98,0.0,0.45999999999999996,0.22750000000000004,0.2515,1.6897499999999999,0.546,0.069,55.0,0.22,26.65,,13.899999999999999,,43.8,1.7280000000000002,14.0,87.5,138.25,217.0,0.575,0.08,,0.167,,14.775
fermented_black_bean,Fermented Black Bean,5,0.867978572845459,113.8,15.376,,6.425,1.876,,3.184,2.75,0.28875,0.0,0.0,,5.752,1.0,1.78,0.05,0.0,0.1075,0.0635,0.6930000000000001,,0.14333333333333334,69.5,0.22,38.4,,8.4,0.0,31.0,1.5250000000000001,49.75,115.0,330.25,656.2,1.26,0.182,,0.0,,5.8
fermented_chive_flower_paste,Fermented Chive Flower Paste,5,0.7931699752807617,181.8,25.3,,2.44,15.0,,9.8,0.0,0.8,,,,2.8,,,,9.78,,,,,,,,,,,9.0,32.0,0.504,,,267.0,1186.6,,,,,,
fermented_fish,Fermented Fish,5,0.7751854062080383,205.11892925430212,0.0,,0.0,0.0,,12.072,142.0,2.4442,0.08900000000000001,0.0974,,22.794,912.6,0.58,0.5,1.44,0.1512,0.055799999999999995,4.269,0.28,0.1136,15.8,2.7180000000000004,82.3,,0.1,,23.8,0.558,25.8,282.6,343.6,75.0,1.7440000000000002,0.029199999999999997,,0.04,,12.559999999999999
fermented_glutinous_rice,Fermented Glutinous Rice,5,0.8016595840454102,176.70898661567875,36.9,,1.55,8.682500000000001,,1.9600000000000002,0.0,1.3895,0.0,0.0,,2.992,0.0,0.05000000000000001,0.0,0.09999999999999999,0.029,0.008,0.5545,0.215,0.028249999999999997,2.3333333333333335,0.21,2.3666666666666667,,0.0,,21.4,0.22800000000000004,15.040000000000001,33.5,61.6,212.6,0.6625000000000001,0.098,947.0,0.41900000000000004,40.7,4.1
fermented_tofu,Fermented Tofu,5,0.882896363735199,245.36940726577436,9.617999999999999,,3.8000000000000003,2.2266666666666666,,16.1,0.0,2.3280000000000003,0.0,0.0,,20.506,6.0,0.12999999999999998,0.0,0.68,0.2102,0.1076,0.4016,0.20675,0.119,36.2,0.0,87.0,,6.366666666666667,,254.4,4.502000000000001,54.2,233.6,86.8,589.2,2.15,0.4852,,1.96325,,28.32
fermented_vegetable_brine,Fermented Vegetable Brine,5,0.819959819316864,76.6,4.4079999999999995,0.0,2.2399999999999998,0.154,,4.362,10.8,3.214,,,,4.496,,,0.0,11.1,,,,,,,,,,,0.0,80.4,1.266,,,118.5,690.6,,,,,,
fern,Fern,3,0.7374838590621948,135.63798597833014,3.66,,1.2333333333333334,0.0,,4.256666666666667,59.333333333333336,0.9706666666666667,0.013666666666666667,0.009666666666666667,,19.816666666666666,15.0,1.0250000000000001,0.0,11.0,0.059,0.26166666666666666,2.327,0.063,0.25966666666666666,13.333333333333334,3.096666666666667,104.80000000000001,,3.45,,59.0,3.9433333333333334,19.666666666666668,172.66666666666666,230.33333333333334,218.66666666666666,1.2666666666666666,0.2333333333333333,,0.539,,21.53333333333333
feta_cheese,Feta Cheese,5,0.9295106530189514,273.0,5.58,,0.0,1.6299999999999997,,19.08,58.0,11.2,0.0,0.0,,19.71,147.0,0.18,0.0,0.0,0.05600000000000001,0.44400000000000006,0.264,,0.038,32.0,1.69,15.4,,1.8,,371.0,0.07,18.0,328.0,105.0,1034.0,2.35,0.032,,,,15.0
fiddlehead_fern,Fiddlehead Fern,2,0.9092698097229004,33.96940726577438,5.640000000000001,,,,,0.375,0.0,,,,,4.43,174.5,,0.0,22.200000000000003,0.017,0.16999999999999998,4.12,,,,0.0,,,,,28.0,1.02,26.5,79.5,249.5,0.5,0.77,0.27,,0.725,,
fideo,Fideo,2,0.7399004697799683,64.5,10.785,,0.55,3.72,,1.74,0.0,0.2735,0.0,0.0,,1.325,2.0,0.435,0.0,1.05,0.0565,0.116,2.8745,,0.0225,16.0,0.0,3.9000000000000004,,1.75,,5.0,0.445,43.0,18.5,98.5,140.0,0.155,0.0665,,,,5.15
fig,Fig,5,0.877373456954956,114.6,28.124000000000002,,4.279999999999999,22.588,,0.42400000000000004,0.0,0.07680000000000001,0.0,0.0,,1.26,5.6,0.15999999999999998,0.0,1.8399999999999999,0.065,0.05639999999999999,0.4438,0.3,0.1116,6.6,0.0,6.92,,6.88,,60.4,0.7020000000000001,27.2,24.6,321.6,2.8,0.252,0.11339999999999999,,0.128,,0.27999999999999997
file_powder,File Powder,5,0.7756693959236145,412.4,63.495999999999995,,3.7,23.609999999999996,,9.963999999999999,6.2,4.4652,0.0,0.0,,18.13,506.2,14.080000000000002,1.92,22.62,0.6327999999999999,0.3684,12.866000000000003,,0.9221999999999999,180.6,2.656,75.9,,46.879999999999995,,274.4,3.404,169.4,337.8,547.4,510.6,6.9300000000000015,0.675,,,,24.02
filefish,Filefish,5,0.7611832618713379,220.0,6.998,,0.3,0.12000000000000002,,13.329999999999998,70.4,2.8002,0.2178,0.1234,,16.95,32.2,2.342,3.939999999999999,0.18,0.22799999999999998,0.11080000000000001,3.1862,,0.19219999999999998,26.0,1.652,67.38000000000001,,8.76,,30.2,0.8460000000000001,25.2,232.0,278.2,367.6,0.672,0.0822,,,,26.98
fines_herbes,Fines Herbes,5,0.7551718354225159,369.4,29.200000000000006,,4.2,1.066,,25.534,1.0,2.502,,,,5.266,,,0.0,0.0,,,,,,,,,,,0.0,87.2,1.5859999999999999,,,305.75,542.6,,,,,,
fish,Fish,5,0.8475784659385681,127.52045889101339,0.0,,0.0,0.0,,5.239999999999999,62.8,1.1958,0.32199999999999995,0.1394,0.028999999999999998,19.011999999999997,18.0,1.1400000000000001,16.060000000000002,0.64,0.08420000000000001,0.055799999999999995,4.5405999999999995,0.5374000000000001,0.3256,11.6,1.608,60.5,,0.36,,20.4,0.76,28.6,302.0,360.8,62.4,0.922,0.0534,,0.028600000000000004,,36.36
fish_ball,Fish Ball,5,0.8507314324378967,386.6,22.686,,1.28,5.636,,26.080000000000002,43.4,11.193999999999999,0.001,0.007,,13.556000000000001,201.0,0.68,0.13333333333333333,0.3,0.109,0.307,1.006,,0.219,34.0,0.63,27.4,,1.9,,283.4,0.546,48.0,351.0,224.8,692.4,2.73,0.278,,,,19.8
fish_cake,Fish Cake,5,0.8312888741493225,226.6,20.380000000000003,,0.6,9.441999999999998,,10.674,60.2,2.3526000000000002,0.28375,0.20124999999999998,,12.458,44.0,1.775,3.4750000000000005,0.925,0.20075,0.18575000000000003,3.9532499999999997,,0.23825000000000002,35.75,1.1550000000000002,67.45,,11.174999999999999,,50.4,1.1480000000000001,21.75,171.0,259.5,2481.6,0.5425,0.05499999999999999,,,,19.0
fish_floss,Fish Floss,5,0.7754483222961426,280.60267686424476,48.854,,0.3,44.79,,3.3660000000000005,5.6,0.7732,0.0945,0.07250000000000001,,2.602,2.5,3.515,0.0,0.0,0.061,0.07300000000000001,1.453,,0.044,14.0,0.53,26.0,,2.45,,9.2,0.21000000000000002,13.0,110.5,54.2,120.4,0.26,0.05499999999999999,,,,8.2
fish_maw,Fish Maw,5,0.7719459533691406,133.8604206500956,0.0,,0.0,0.0,,5.539999999999999,58.0,1.1862000000000001,0.4152,0.16359999999999997,0.036000000000000004,19.63,30.2,1.094,14.86,0.32,0.085,0.0742,6.63,0.7020000000000002,0.49960000000000004,5.4,2.646,76.84,,0.22000000000000003,,13.0,0.5519999999999999,28.2,289.4,380.2,72.2,0.7160000000000001,0.0522,,0.0172,,38.040000000000006
fish_mint,Fish Mint,5,0.8213083744049072,393.6,76.11800000000001,,6.675,45.08,,10.206,6.0,6.555,,,,5.082,,,,0.0,,,,,,,,,,,,43.5,2.3225000000000002,,120.0,252.33333333333334,49.6,,,,,,
fish_noodle,Fish Noodle,5,0.8753305077552795,195.2,30.68,,0.86,2.088,,4.728000000000001,18.6,1.7474,0.018,0.008,,6.464,15.0,0.59,0.1,0.62,0.141,0.084,1.36,,0.074,43.0,0.29,15.6,,14.6,0.0,3.0,1.536,14.0,76.0,47.0,1671.4,0.34,0.06,,,,17.1
fish_oil,Fish Oil,5,0.8236093521118164,616.8,1.334,,0.0,2.223333333333333,,61.436,0.6,8.538,,,,5.742,,1818.0,0.0,0.0,,,8.0,,,,,,,,,40.75,2.285,,,0.0,2208.2,,,,,,
fish_paste,Fish Paste,5,0.8386626839637756,310.6,39.738,,4.640000000000001,11.296,,13.282,0.0,1.4725000000000001,,,,5.3260000000000005,,,0.0,6.066666666666666,0.0,0.17,1.333,,,,,,,,,78.6,1.182,,,389.6666666666667,1376.2,,,,,,
fish_roe,Fish Roe,5,0.8783793449401855,139.93154875717016,1.2,,0.0,0.0,,6.256,312.4,1.3814,1.1132,0.834,,21.422,73.8,5.726,14.62,13.12,0.215,0.603,1.768,0.95,0.166,67.0,8.306000000000001,281.32,,0.18,,25.8,0.728,21.8,404.6,243.4,82.6,1.096,0.09140000000000001,,0.0164,,34.76
fish_sauce,Fish Sauce,5,1.0,184.0,8.338,,0.22000000000000003,3.8239999999999994,,13.303999999999998,20.2,1.9546,0.0655,0.002,,7.004,12.5,1.25,0.5,5.2749999999999995,0.0875,0.056999999999999995,1.7610000000000001,,0.175,21.0,0.45,39.25,,3.3000000000000003,,39.8,1.2899999999999998,26.0,78.5,205.33333333333334,2593.8,0.44499999999999995,0.0685,,,,18.25
fish_sausage,Fish Sausage,5,0.8568872809410095,302.4,2.274,,0.18,1.4100000000000001,,25.321999999999996,68.2,9.285999999999998,0.0,0.0,,15.454000000000002,0.0,,,0.62,0.502,0.148,3.443,0.45,0.19,2.0,0.98,,,,0.0,8.4,1.3299999999999998,14.0,136.0,237.0,813.4,1.93,0.09,,0.049,,17.7
fish_skin,Fish Skin,5,0.7991029620170593,187.8,2.8920000000000003,,0.06,1.7025,,11.732,52.4,3.1914,0.1505,0.07375,,17.298,34.25,0.8166666666666668,0.6,0.0,0.087,0.134,4.38075,0.75,0.20725,11.75,2.0275,59.23333333333333,,3.1333333333333333,,21.0,0.594,25.5,189.5,309.0,2279.6,0.7075,0.05,,0.035,,23.3
fish_stock,Fish Stock,5,0.921495795249939,5.6,0.6599999999999999,,0.0,0.49399999999999994,,0.0,0.4,0.0,,,,0.57,,,0.0,0.0,,,,,,,,,,,0.0,0.0,0.0,,,24.8,199.6,,,,,,
fish_tofu,Fish Tofu,5,0.8370705246925354,187.43365200764816,7.644,,1.8199999999999998,1.65,,12.652,25.6,1.9572000000000003,0.0254,0.0128,,13.081999999999999,22.0,0.9700000000000001,0.18,3.9,0.0916,0.055200000000000006,1.0668,0.14,0.13560000000000003,18.8,0.44400000000000006,77.82000000000001,,10.02,,182.2,2.2980000000000005,40.2,193.4,175.0,77.8,1.026,0.199,,1.495,,22.12
five_grain_powder,Five Grain Powder,5,0.8584025502204895,335.2,65.858,,7.9399999999999995,2.096,,3.572,0.0,0.0,,,,11.430000000000001,,,0.0,0.0,0.6666666666666666,0.158,5.608999999999999,,,105.0,,,,,,43.6,2.34,,,339.0,560.8,,,,,,
five_spice_powder,Five Spice Powder,5,0.8332767486572266,313.50783938814527,64.796,,20.56,5.174,,6.211999999999999,0.0,1.1282,0.0,0.0,0.21539999999999998,14.086000000000002,593.2,15.578,0.0,5.4399999999999995,0.36540000000000006,0.4484,5.022600000000001,0.7988,1.6427999999999998,42.8,0.0,61.4,,43.26,,240.4,9.96,113.0,350.0,1454.2,1185.4,3.7260000000000004,0.7312,,1.3316,,20.58
five_willow_vegetable,Five Willow Vegetable,5,0.7853668332099915,258.8,45.47,,3.8600000000000003,8.642000000000001,,5.85,0.0,0.25,,,,8.075999999999999,,13.0,0.0,39.85,0.3333333333333333,0.25666666666666665,4.46,,,81.5,,,,,106.0,36.6,4.522,60.0,,204.0,426.0,,0.5,,,,
flageolet_bean,Flageolet Bean,5,0.874597430229187,173.2,33.792,,16.52,2.9379999999999997,,2.318,2.4,1.3,,,,9.974,,,,53.2,,,,,,,,,,,0.0,65.2,2.8080000000000003,113.5,284.5,680.2,168.2,2.88,,,,,
flatbread,Flatbread,5,1.0000003576278687,312.2,48.08,,5.34,1.35,,8.868,12.8,3.026,,,,12.815999999999999,,,0.0,0.0,0.0,1.322,0.0,3.333,0.556,,2.67,,,,0.0,26.6,2.844,,,103.75,880.0,4.17,0.044,,,,19.0
flattened_young_rice,Flattened Young Rice,5,0.7791579365730286,156.59082217973233,33.402,,0.9400000000000001,0.22200000000000003,,0.954,0.0,0.1754,0.0,0.0,,2.8400000000000003,4.8,0.10600000000000001,0.02,0.0,0.096,0.0212,1.2246000000000001,0.517,0.1666,22.6,0.0,2.9200000000000004,,0.52,,9.0,0.58,22.2,46.4,101.4,188.2,0.466,0.0792,,0.731,,6.720000000000001
flaxseed,Flaxseed,5,0.9125227332115173,674.0,17.328,,16.380000000000003,0.93,,65.288,0.0,5.788200000000001,0.0,0.0,53.368,11.017999999999999,0.0,0.374,0.0,0.36,0.9863999999999999,0.09659999999999999,1.848,0.985,0.2838,52.2,0.0,47.3,0.0,6.3,,153.4,3.438,235.2,385.6,487.8,18.0,2.632,0.732,,1.4892,,15.239999999999998
flaxseed_oil,Flaxseed Oil,5,0.8638927340507507,674.0,17.328,,16.380000000000003,0.93,,65.28799999999998,0.0,5.788200000000001,0.0,0.0,53.368,11.017999999999999,0.0,0.374,0.0,0.36,0.9863999999999999,0.09659999999999999,1.848,0.985,0.2838,52.2,0.0,47.3,0.0,6.300000000000001,,153.4,3.438,235.2,385.6,487.8,18.0,2.632,0.732,,1.4892,,15.239999999999998
flounder,Flounder,5,0.8336788415908813,135.6,3.492,,0.16,0.21200000000000002,,6.65,57.8,1.33,0.1176,0.15,,14.652000000000001,24.4,1.4780000000000002,3.06,0.36,0.06,0.048,1.5071999999999999,,0.11479999999999999,14.4,1.228,76.8,,6.5,,35.2,0.488,22.6,287.2,192.0,331.8,0.556,0.0612,,,,31.420000000000005
flour,Flour,5,0.9020922183990479,328.28621714999997,68.646699,,5.765,4.525,13.451666666666668,3.0950200000000003,0.0,1.8725,0.0,0.001,,7.076480999999999,0.0,0.11,0.0,0.0,0.29687,0.17016,4.268800000000001,,0.19647599999999998,82.05,0.0,11.25,,3.7,,102.24600000000001,5.2498,48.85,157.988,415.03999999999996,246.214,0.9728199999999999,0.185826,,0.7507333333333334,26.25133333333333,12.005
flour_tortilla,Flour Tortilla,5,0.9808069467544556,297.2,50.54600000000001,,2.0,2.664,,7.236,0.0,2.6948,0.0,0.0,,7.686,0.0,0.0,0.0,0.0,0.12575,0.2985,4.19275,,0.059,108.0,0.0,7.9,,7.2,0.0,163.4,2.6759999999999997,22.0,206.0,79.0,699.2,0.53,0.104,,,,22.3
foie_gras,Foie Gras,3,0.7452850341796875,391.6666666666667,49.330000000000005,,0.0,24.143333333333334,,17.69333333333333,68.33333333333333,5.166666666666667,,,,6.91,,,,0.0,0.0,0.17,2.0045,1.379,0.276,51.0,0.83,,,,1125.0,12.0,3.3866666666666667,,,0.0,481.0,1.9749999999999999,,,,,
fondant,Fondant,5,1.0000003576278687,393.92810707456977,80.918,,1.02,72.242,,9.984000000000002,0.8,5.878,0.0,0.0,,1.234,0.0,0.08666666666666667,0.0,0.0,0.019,0.044000000000000004,0.3833333333333333,0.016,0.006666666666666667,2.0,0.0,1.8666666666666665,,1.4000000000000001,,11.0,0.818,42.0,63.333333333333336,113.33333333333333,50.4,0.31333333333333335,0.2876666666666667,,0.26666666666666666,,1.2666666666666668
fontina_cheese,Fontina Cheese,5,0.9615967869758606,389.0,1.55,,0.0,1.55,,31.139999999999997,116.0,19.196,0.0,0.0,,25.6,261.0,0.27,0.6,0.0,0.021,0.20400000000000001,0.15,,0.083,6.0,1.6800000000000002,15.4,,2.6,,550.0,0.23000000000000004,14.0,346.0,64.0,800.0,3.5,0.025,,,,14.5
food_coloring,Food Coloring,5,0.8410869836807251,384.0,48.001999999999995,,3.34,20.002,,16.883999999999997,12.8,6.748600000000001,0.113,0.025,,4.392,21.0,1.26,1.15,0.0,0.039,0.064,3.103,,0.185,17.0,1.99,67.2,,4.6,0.0,2.4,1.53,29.0,281.0,144.66666666666666,345.2,0.4,0.058,,,,40.2
fox_nut,Fox Nut,5,0.7376970648765564,494.4,60.448,3.33,5.220000000000001,22.032,,26.188,0.0,6.392,,,,9.36,,9.0,3.6666666666666665,3.85,1.3333333333333333,0.882,5.706333333333333,1.212,0.8160000000000001,258.5,3.8850000000000002,,,,240.5,131.4,6.0600000000000005,107.0,107.5,263.6,380.2,5.21,0.714,,2.6666666666666665,,12.0
frangipane,Frangipane,2,0.7164070010185242,256.5,50.72,,2.7,1.925,,1.8399999999999999,23.5,0.0,,,,9.725,,,,0.0,,,,,,,,,,,,12.0,1.63,,,159.0,327.0,,,,,,
freekeh,Freekeh,3,0.8427422046661377,277.0,43.21666666666667,,8.066666666666666,1.4466666666666665,,6.22,0.0,0.501,0.0,0.0,,8.88,33.0,2.18,0.0,15.8,0.042,0.09433333333333334,4.899333333333334,1.0,0.2896666666666667,33.333333333333336,0.0,5.9,,97.6,,40.0,1.4466666666666665,100.66666666666667,346.3333333333333,384.6666666666667,165.0,2.846666666666667,0.38733333333333336,,3.0,,0.3
french_dressing,French Dressing,5,0.98174649477005,258.6,19.318,,0.0,17.054000000000002,,20.0,0.0,3.0,,,,0.666,,,0.0,0.0,,,,,,0.0,,,,,0.0,0.0,0.0,,,90.0,819.0,,,,,,
fresno_pepper,Fresno Pepper,5,0.7702222466468811,10.0,2.0,,0.0,0.0,,0.0,0.0,0.0,,,,0.0,,,0.0,15.0,,,,,,,,,,,0.0,28.2,0.0,,,157.33333333333334,11066.4,,,,,,
fried_bread,Fried Bread,5,0.8894237875938416,316.0,44.698,,3.3800000000000003,6.26,,11.354000000000001,14.2,2.4136,0.007000000000000001,0.007000000000000001,,9.565999999999999,9.4,1.3940000000000001,0.1,0.0,0.4612,0.2546,4.8316,0.26,0.1294,72.2,0.12,20.060000000000002,,7.480000000000001,,91.2,3.2739999999999996,44.2,165.6,158.0,371.8,1.004,0.146,,1.521,,25.6
fried_dough_twist,Fried Dough Twist,5,0.8157384991645813,342.8,51.464,,1.8799999999999997,7.814,,10.940000000000001,28.6,2.5678,0.0045,0.0015,,8.001999999999999,68.0,2.33,0.43333333333333335,2.8,0.34619999999999995,0.3314,3.9566000000000003,,0.0675,56.0,0.20500000000000002,35.85,,12.8,,71.8,2.866,19.5,109.5,130.66666666666666,348.8,0.735,0.086,,,,14.6
fried_gluten_ball,Fried Gluten Ball,5,0.7803472876548767,284.2,13.272,,2.4400000000000004,1.9060000000000001,,21.002000000000002,18.6,4.7982,0.0002,0.0014,,12.836000000000002,42.6,1.084,0.12,3.56,0.19680000000000003,0.17640000000000003,1.3297999999999999,0.14,0.11179999999999998,40.6,0.146,57.78000000000001,,9.679999999999998,,239.0,2.7300000000000004,39.0,212.8,172.4,245.8,1.512,0.271,,1.495,,19.32
fried_puffed_cracker,Fried Puffed Cracker,5,0.8262573480606079,404.6504780114723,76.918,,6.760000000000001,2.4520000000000004,,7.162000000000001,0.0,0.5706,0.0,0.0,,8.89,0.75,2.1774999999999998,0.0,0.0,0.44375,0.27525,3.6384999999999996,0.467,0.122,86.0,0.0,18.55,,2.2500000000000004,,41.4,3.09,50.5,174.75,190.2,306.4,1.355,0.23299999999999998,,0.944,,33.349999999999994
fried_tofu_puff,Fried Tofu Puff,5,0.8688539862632751,288.4,24.662,,4.42,3.91,,16.682,24.2,2.9248000000000003,0.0,0.0003333333333333333,,14.486,71.33333333333333,0.5933333333333334,1.26,4.0,0.33039999999999997,0.3672000000000001,3.5932000000000004,0.14,0.3996,63.2,1.064,95.73333333333333,,9.866666666666667,225.0,465.2,8.598,57.6,229.0,151.0,240.4,3.8899999999999997,0.30724999999999997,,1.495,,25.425
frisee,Frisee,4,0.7353760600090027,277.0,32.6575,,1.4500000000000002,5.964999999999999,,13.6075,44.25,2.7225,0.0,0.0006666666666666666,,6.217499999999999,49.666666666666664,2.7133333333333334,0.5,0.3333333333333333,0.18133333333333335,0.159,1.3383333333333332,,0.03366666666666667,29.0,0.15,29.566666666666663,,14.1,,38.25,1.3450000000000002,11.333333333333334,69.33333333333333,108.5,219.25,0.4066666666666667,0.043333333333333335,,,,6.7
frog_leg,Frog Leg,5,0.9652482867240906,63.0,0.0,,0.0,0.0,,0.42000000000000004,42.0,0.0152,0.02,0.014,,13.280000000000001,15.0,1.0,0.2,0.0,0.14,0.25,1.2,,0.12,15.0,0.4,65.0,,0.1,,142.8,0.608,20.0,147.0,285.0,47.6,1.0,0.25,,,,14.1
fromage_blanc,Fromage Blanc,1,0.7069959044456482,36.0,7.86,,0.7,7.14,,0.0,0.0,0.0,,,,0.71,,,0.0,38.6,,,,,,,,,,,,14.0,0.26,,,120.0,14.0,,,,,,
frosting,Frosting,5,1.0000004768371582,461.6,66.138,57.58,0.6,65.912,,21.136000000000003,4.2,10.152000000000001,,,,0.0,,,0.0,0.0,,,,,,,,,,,0.0,0.0,0.736,,,51.4,146.6,,,,,,
frozen_yogurt,Frozen Yogurt,5,0.9362409114837646,153.4,27.994,,0.16,23.012,,3.09,5.0,1.7102,0.0,0.0003333333333333333,,3.938,48.666666666666664,0.15,0.10000000000000002,0.4,0.05266666666666667,0.20199999999999999,0.37466666666666665,0.645,0.054333333333333324,8.333333333333334,0.14666666666666667,21.400000000000002,,0.46666666666666673,,123.8,0.422,15.0,106.0,185.8,106.6,0.3933333333333333,0.05733333333333334,,0.012,,2.6666666666666665
fructose,Fructose,5,0.8075082898139954,253.14263862332695,67.156,,0.02,65.458,,0.20800000000000002,1.0,0.1232,0.0,0.0,0.005,0.686,19.2,0.0,0.3,0.0,0.007000000000000001,0.056600000000000004,0.024399999999999998,0.163,0.01,1.0,0.04,3.04,0.2,0.02,,24.6,0.08600000000000001,2.6,19.6,33.6,16.8,0.11800000000000002,0.0668,,0.06966666666666667,,0.8800000000000001
fruit,Fruit,5,0.8767245411872864,144.8,26.522,,1.2,19.994,,3.71,9.0,0.6835,0.0,0.0,,1.816,18.666666666666668,1.0066666666666668,0.16666666666666666,33.06,0.059800000000000006,0.10575000000000001,1.155,1.0590000000000002,0.11475,25.5,0.2,16.23333333333333,,6.9,,40.4,0.6675,21.75,72.25,253.4,253.2,0.6,0.115,16.0,1.0,,4.550000000000001
fruit_cocktail,Fruit Cocktail,5,1.000000238418579,55.2,13.552000000000001,,0.82,11.632000000000001,,0.014000000000000002,0.0,0.0012000000000000001,0.0,0.0,,0.23600000000000004,12.0,0.37,0.0,6.5200000000000005,0.0075,0.012,0.334,,0.048,1.5,0.0,3.4,,2.4,24.0,1.0,0.158,6.0,10.0,80.75,16.0,0.08,0.066,,,,0.5
fruit_juice,Fruit Juice,5,0.9493507742881775,64.2,16.04,,0.1,14.162,,0.0,0.0,0.0,0.0,0.0,,0.418,0.0,0.0,0.0,31.4,0.0,0.09,1.0595,1.0590000000000002,0.106,47.333333333333336,0.32,0.0,,4.25,,12.5,0.3025,21.5,67.0,194.0,5.6,0.795,0.1105,16.0,1.0,,4.5
fruit_preserves,Fruit Preserves,5,0.9149972796440125,235.0,60.0,,0.39999999999999997,42.0,,0.0,0.0,0.0,,,,0.0,,,0.0,15.0,0.0,0.085,1.0,,0.1,,,,,,0.0,2.0,0.0,9.0,9.0,25.0,5.0,0.75,0.1,,1.0,,4.0
fruit_puree,Fruit Puree,5,0.9284515380859375,64.0,11.222,,1.2,7.922,,1.512,0.0,0.4,,,,1.0,,,,4.4799999999999995,0.0,0.041,0.167,0.083,0.0565,3.0,,,,,,19.0,0.458,19.5,14.0,138.0,5.6,0.3,0.24,,1.5,,
fruit_tea,Fruit Tea,5,0.8807529211044312,39.2,9.626,,0.0,8.236,,0.0,0.0,0.0,0.0,0.0,,0.284,0.0,0.5,0.0,43.65,0.0,0.0,0.452,0.282,4.8025,0.0,6.78,0.0,,0.0,,12.0,0.0,1.0,21.0,342.0,15.6,0.01,0.01,,,,0.0
fruit_vinegar,Fruit Vinegar,5,0.8878830671310425,53.2,13.331999999999999,,0.0,5.332,,0.0,0.0,0.0,,,,0.0,,,0.0,0.0,,,,,,,,,,,,2.3333333333333335,0.0,,,64.33333333333333,0.0,,,,,,
fruitcake,Fruitcake,5,0.8795508742332458,364.2,66.47,,2.3600000000000003,35.814,,10.096,51.666666666666664,5.7250000000000005,0.0003333333333333333,0.002,,2.022,75.66666666666667,1.4233333333333331,0.19999999999999998,0.5333333333333333,0.05333333333333334,0.17400000000000002,0.6703333333333333,,0.03833333333333333,20.666666666666668,0.07666666666666666,28.7,,6.7,,55.666666666666664,1.23,10.666666666666666,85.33333333333333,102.33333333333333,136.6,0.35333333333333333,0.036333333333333336,,,,4.8
fry_sauce,Fry Sauce,5,1.000000238418579,312.6,21.972,,0.0,15.132,,24.134,26.8,4.058,,,,0.0,,,0.0,3.5666666666666664,,,,,,,,,,,80.0,0.0,0.4,,,133.5,1467.0,,,,,,
fudge,Fudge,5,0.9137824773788452,403.4,70.63199999999999,,2.3,58.589999999999996,,12.559999999999999,7.0,6.275,0.0,0.0,,1.114,45.0,0.16,0.0,0.0,0.02,0.08,0.107,,0.01,2.0,0.08,7.6,,1.0,,22.0,2.498,20.0,50.0,224.0,256.2,0.63,0.166,,,,2.1
furikake,Furikake,2,0.7593636512756348,343.5,28.465,,25.05,2.815,,12.535,0.0,0.003,0.0,0.0,,0.03,0.0,0.03,0.0,1.6,0.012,0.005,0.049,,0.007,2.0,0.0,1.3,,0.1,,401.5,5.045,201.0,5.0,785.0,1002.5,0.04,1.511,63150.0,2.0,,0.1
fuzzy_melon,Fuzzy Melon,5,0.7691724896430969,32.935251,8.14995,7.028999999999999,,,,0.2163,,,,,,0.53125,,,,15.73,,,,,,,,,,,,6.578999999999999,0.0,9.504,11.74,208.9,21.15,0.05999,0.009075,,0.03545,,
gac_fruit,Gac Fruit,5,0.7617401480674744,191.6,41.122,,3.12,33.614,,3.166,4.4,2.58,,,,3.582,,,,8.05,0.0,0.052,0.654,,0.4,77.0,0.9,,,,,83.8,1.122,25.5,63.5,324.2,46.4,0.92,0.2,,0.0,,
galangal,Galangal,1,0.6703386902809143,304.9713193116635,55.17,,21.1,,,14.54,0.0,0.73,0.0,0.0,,15.98,3.0,,0.0,21.0,0.418,0.284,2.807,,0.25,10.0,0.0,,,,,1516.0,16.33,256.0,277.0,1186.0,20.0,5.2,0.78,,1.833,,12.1
galette,Galette,1,0.680268406867981,357.0,75.0,,5.4,1.79,,1.79,0.0,0.0,,,,12.5,,,,,1.0,0.357,8.929,,,,,,,,,21.0,3.57,,,211.0,0.0,,,,,,
galliano,Galliano,1,0.7040200233459473,134.0,15.96,,2.2,13.55,,8.33,0.0,7.41,,,,0.83,,,,0.5,,,,,,,,,,,,88.0,0.32,,,0.0,10.0,,,,,,
game_meat,Game Meat,5,0.8970362544059753,172.2565965583174,0.0,,0.0,0.0,,7.078,95.4,3.0496000000000003,0.0206,0.0012000000000000001,,25.446,0.0,0.532,0.0,0.0,0.43200000000000005,0.3036,6.910799999999999,0.766,0.4468,6.6,2.9779999999999998,100.5,,1.3199999999999998,,10.6,3.87,23.6,213.8,348.0,85.0,4.1160000000000005,0.1256,,0.0172,,11.14
game_stock,Game Stock,5,0.7479506731033325,186.58814531548757,0.0,,0.0,0.0,,10.988000000000001,73.2,4.759,0.0,0.0,,20.532000000000004,0.0,0.33199999999999996,0.0,0.0,0.2958,0.2576,5.2219999999999995,0.724,0.394,7.4,1.89,87.9,,1.2,,11.2,2.758,20.4,191.8,319.2,72.2,4.476000000000001,0.13840000000000002,,0.013800000000000002,,13.080000000000002
gammon,Gammon,1,0.6769352555274963,230.0,34.04,,2.8,2.13,,0.71,32.0,3.55,,,,7.8,,,,10.6,,,,,,,,,,,,57.0,0.64,,,,319.0,,,,,,
ganache,Ganache,1,0.7677341103553772,392.0,49.37,,2.5,36.71,,20.25,25.0,7.59,,,,3.8,,,,0.0,0.0,0.086,0.506,,,,,,,,,51.0,2.28,,,,304.0,,,,,,
garam_masala,Garam Masala,4,0.9999998211860657,75.0,17.5,,13.333333333333334,0.0,,2.5,0.0,0.0,,,,2.5,,,0.0,0.0,,,,,,,,,,,,213.33333333333334,0.0,,,409.3333333333333,3013.5,,,,,,
gardenia_flower,Gardenia Flower,5,0.7218647003173828,179.00305927342256,33.074,,2.4,2.9866666666666664,,1.096,0.0,0.0,,,,9.148,0.0,,0.0,38.675,0.4332000000000001,0.23359999999999997,3.3991999999999996,0.727,0.364,140.25,0.5466666666666666,,,,,7.6,1.954,17.666666666666668,56.333333333333336,222.6,60.6,6.82,0.073,,,,0.9
gardenia_fruit,Gardenia Fruit,5,0.8008422255516052,235.6,58.146,,1.64,50.176,,0.46399999999999997,0.0,0.0,,,,1.6460000000000001,,,0.0,34.625,,,,,,,,,,,,23.8,0.0,,,528.2,9.6,,,,,,
garland_chrysanthemum,Garland Chrysanthemum,5,0.905077338218689,89.76022944550668,21.236,,2.4,76.47,,0.44800000000000006,0.0,0.0,,,,2.6879999999999997,105.0,,0.0,1.4,0.13,0.144,0.531,0.221,0.176,177.0,0.0,,,350.0,,93.6,1.8359999999999999,32.0,54.0,453.6,94.4,0.71,0.137,,0.943,,0.3
garlic,Garlic,5,0.8899542689323425,186.14913957934988,30.96,,2.56,2.0,,3.503999999999999,0.0,6.0,,,,6.896000000000001,,,,10.0,,,,,,,,,,,,20.0,3.0,,,80.0,540.0,,,,,,9.8
garlic_chive,Garlic Chive,5,0.8970024585723877,222.0,27.308,,2.5799999999999996,1.8800000000000001,,23.884000000000004,12.2,5.452,,,,6.856,,,0.0,0.0,,,,,,,,,,,,54.8,1.1320000000000001,,,142.0,480.2,,,,,,
garlic_scape,Garlic Scape,5,0.8365921378135681,282.2,15.213999999999999,,2.5,8.0,,22.642000000000003,0.0,3.66,,,,1.0,,,0.0,2.15,,,,,,,,,,,,6.0,0.5,,,187.0,7929.2,,,,,,
gelatin,Gelatin,5,1.0,212.2,19.816,,0.0,24.5175,,0.0,0.0,0.0,,,,27.52,,,,9.35,,,,,,,,,,,,0.0,0.15,,,8.5,753.0,,,,,,
geoduck,Geoduck,1,0.6888596415519714,180.0,16.0,,3.0,2.0,,7.0,30.0,1.5,,,,14.0,,,,0.0,,,,,,,,,,,,0.0,1.0,,,250.0,380.0,,,,,,
geranium,Geranium,1,0.6624638438224792,303.0,72.73,,15.2,0.0,,0.0,0.0,0.0,,,,9.09,,,0.0,,,,,,,,,,,,,176.0,15.15,,,1697.0,0.0,,,,,,
ghee,Ghee,5,0.8013642430305481,895.2,0.0,,0.0,0.0,,99.896,254.0,61.2428,0.0,0.0,,0.05600000000000001,840.0,2.8,0.0,0.0,0.001,0.005,0.003,,0.001,0.0,0.01,22.3,,8.6,383.0,0.8,0.0,0.0,3.0,393.0,0.4,0.01,0.001,,,,0.0
ghost_pepper,Ghost Pepper,5,0.9226208329200745,78.2,10.958,,0.0,7.908000000000001,,2.2619999999999996,0.0,0.0,,,,0.0,,,0.0,1.0666666666666667,,,,,,,,,,,0.0,3.4,0.324,,,133.33333333333334,805.8,,,,,,
giardiniera,Giardiniera,5,1.0000001192092896,23.2,2.7479999999999998,,3.34,1.428,,1.428,0.0,0.0,,,,0.0,,,0.0,4.3,,,,,,,,,,,96.5,0.0,0.0,,,0.0,1439.8,,,,,,
gin,Gin,3,1.0000003576278687,127.0,2.93,,0.0,2.84,,0.0033333333333333335,0.0,0.0006666666666666666,0.0,0.0,,0.01,0.0,0.006666666666666667,0.0,0.3333333333333333,0.0036666666666666666,0.0026666666666666666,0.010666666666666666,,0.0013333333333333333,0.3333333333333333,0.0,0.13333333333333333,,0.0,,1.6666666666666667,0.02666666666666667,0.3333333333333333,2.3333333333333335,4.0,8.666666666666666,0.06999999999999999,0.013999999999999999,,,,0.0
ginger,Ginger,5,0.8486322164535522,120.0,17.020000000000003,,1.48,7.324000000000001,,5.112,1.8,0.5603999999999999,0.0,0.0,,1.13,0.0,0.0,0.0,2.96,0.0,0.0,0.008,,0.002,0.0,0.0,0.3,,0.0,0.0,4.8,0.534,1.0,0.0,64.0,88.2,0.01,0.012,,,,0.0
ginger_ale,Ginger Ale,5,1.000000238418579,25.2,6.484,,0.0,6.4,,0.0,0.0,0.0,0.0,0.0,,0.0,0.0,0.0,0.0,1.7,0.0,0.0,0.0,,0.0115,0.0,0.0,0.0,,0.0,0.0,4.0,0.05600000000000001,1.0,0.0,13.6,5.2,0.05,0.018,,,,0.1
ginger_beer,Ginger Beer,5,1.0000003576278687,35.8,9.14,,0.06,9.028,,0.11200000000000002,0.0,0.11200000000000002,,,,0.0,,,0.0,2.6,,,,,0.023,,,,,,0.0,6.8,0.072,,,15.0,5.0,,,,,,
ginger_liqueur,Ginger Liqueur,5,0.8425537943840027,131.2,17.67,,0.16,17.406,,0.5700000000000001,1.6,0.30219999999999997,0.0,0.0005,,0.11399999999999999,12.0,0.035,0.025,1.7,0.005,0.016,0.01,,0.009,0.0,0.0,0.6,,0.1,0.0,4.4,0.036,0.0,5.0,14.0,1.4,0.035,0.0155,,,,0.30000000000000004
ginger_wine,Ginger Wine,5,0.8364110589027405,47.4,9.752,,0.16,8.806000000000001,,1.0,0.0,0.0,,,,0.08399999999999999,,,0.0,1.7,,,,,0.023,,,,,,0.0,3.4,0.02,,,15.75,262.8,,,,,,
gingerbread,Gingerbread,5,0.9049019813537598,349.0,53.0,,2.34,21.508,,13.691999999999998,6.4,1.8901999999999997,0.0,0.0,,5.894,14.0,0.2,2.4,0.75,0.0425,0.21099999999999997,2.3895,0.483,0.216,19.0,0.175,27.2,,3.9,129.0,30.0,2.63,16.5,100.0,170.6,331.6,0.52,0.12549999999999994,7.0,0.0,,3.35
gingerbread_spice,Gingerbread Spice,5,0.8828468918800354,435.6,70.76599999999999,,2.7600000000000002,27.291999999999994,,14.824000000000002,14.4,4.114,,,,5.904000000000001,,,1.75,0.0,0.5,0.794,9.4125,,0.9510000000000001,,,,,,129.0,69.4,6.648000000000001,,312.0,152.2,387.2,11.72,,,,,
gingersnap,Gingersnap,5,0.8713791966438293,333.06539196940724,61.556000000000004,,1.7600000000000002,15.940000000000001,,7.8420000000000005,0.0,1.9612000000000003,0.0,0.0,,4.484,0.0,0.776,0.0,0.0,0.16,0.2344,2.5896,0.38000000000000006,0.07880000000000001,69.6,0.0,7.1,,2.0,,62.2,5.122000000000001,39.4,66.4,277.6,444.8,0.442,0.2464,,1.555,,4.08
ginkgo_nut,Ginkgo Nut,5,0.85805743932724,196.536137667304,30.85,,6.2,0.0,,1.384,0.0,0.2636,0.0,0.0,,3.85,23.4,0.0,0.0,12.5,0.18439999999999998,0.0756,4.998200000000001,0.42474999999999996,0.2732,45.2,0.0,0.0,,0.0,,6.0,0.644,22.4,101.0,374.0,127.0,0.29400000000000004,0.2326,,0.11725,,0.3333333333333333
glass_noodle,Glass Noodle,5,0.8435178995132446,220.6,35.192,,1.04,4.478,,5.651999999999999,34.0,1.9132000000000002,0.0,0.0,,6.598000000000001,78.0,0.78,0.7,0.4,0.189,0.11149999999999999,1.437,,0.051500000000000004,52.0,0.22,67.7,,5.2,0.0,6.6,1.7360000000000002,22.0,101.0,61.666666666666664,1550.4,0.74,0.103,25.0,,,22.8
gloucester_cheese,Gloucester Cheese,5,0.9133046269416809,391.8378585086042,2.384,,0.0,0.0,,33.26,106.2,21.038999999999998,0.0,0.0,,24.674,233.0,,0.0,0.0,0.046,0.293,0.08,0.413,0.074,18.0,0.83,,,,257.0,624.4,0.041999999999999996,21.0,464.0,33.2,690.0,2.79,0.042,,0.012,,14.5
glucose_syrup,Glucose Syrup,5,0.8733924627304077,153.2,40.666,,0.33999999999999997,32.917500000000004,,0.0,0.0,0.0,,,,0.0,,,0.0,0.0,,,,,,,,,,,,0.0,0.0,,,0.0,121.6,,,,,,
gluten_free_flour,Gluten Free Flour,5,0.9530039429664612,369.8,80.67,,2.54,8.334,,1.7939999999999998,0.0,0.11399999999999999,,,,6.228,,,0.0,0.0,0.5,0.69125,9.644499999999999,,1.944,,15.0,,,,0.0,85.4,4.068,,0.0,153.25,134.2,6.25,,,,,
glutinous_rice,Glutinous Rice,5,0.8569197058677673,150.20726577437858,29.553999999999995,,0.76,7.5680000000000005,,2.4859999999999998,0.4,1.3168,0.0,0.0,,2.23,4.6,0.174,0.02,0.1,0.0656,0.0166,0.6994,0.215,0.0472,19.0,0.0,2.5999999999999996,,1.02,,10.4,0.564,9.8,30.4,49.0,200.4,0.422,0.07179999999999999,,0.262,,5.18
glutinous_rice_flour,Glutinous Rice Flour,5,0.9052257537841797,350.6852772466539,69.61999999999999,,4.625,10.6875,,3.7119999999999997,0.0,1.7790000000000001,0.0,0.0,,8.95,0.6666666666666666,0.40249999999999997,0.0,0.075,0.2286,0.042600000000000006,2.4664,1.0053333333333334,0.34500000000000003,115.5,0.0,4.35,,3.033333333333333,,19.8,1.61,70.03999999999999,174.2,275.2,22.8,1.578,0.31320000000000003,,1.952,40.7,7.15
glycerin,Glycerin,5,0.7180906534194946,487.2,4.747999999999999,,0.8400000000000001,1.072,,61.013999999999996,1.8,9.429,0.0,0.0002,,0.58,10.0,5.004,0.02,0.08,0.0128,0.0054,0.23020000000000002,0.0,0.0344,3.4,0.0,211.48000000000002,,111.04,,2.4,0.19,6.0,9.6,16.0,56.4,0.10800000000000001,0.015200000000000002,,0.0,,0.12
gnocchi,Gnocchi,5,0.9999997615814209,214.4,37.208,,2.2600000000000002,1.168,,2.7960000000000003,20.0,1.5788,0.0,0.001,,7.023999999999999,132.0,0.84,0.175,3.533333333333333,0.6936666666666667,0.3336666666666666,4.5873333333333335,,0.026,20.0,0.31,41.0,,7.0,0.0,50.0,0.984,12.0,144.0,140.25,265.8,1.0,0.03,,,,13.3
goat,Goat,2,1.000000238418579,253.0,0.06,,0.0,0.06,,16.425,76.5,10.780999999999999,0.0,0.0,,24.229999999999997,203.5,0.30000000000000004,0.25,0.0,0.08049999999999999,0.6405000000000001,2.5335,,0.03,3.5,0.7,60.5,,1.85,,157.5,2.66,14.5,287.0,280.0,403.5,2.9450000000000003,0.4325,,,,7.75
goat_cheese,Goat Cheese,5,1.0,291.4,5.664,,2.12,2.504,,30.741999999999997,55.0,14.4458,0.0,0.0,,17.438,407.0,0.26,0.16666666666666666,0.0,0.6906666666666667,0.676,3.8913333333333333,,0.5459999999999999,70.66666666666667,0.22,15.4,,2.5,,259.4,1.46,150.33333333333334,375.0,52.666666666666664,514.6,2.3266666666666667,0.564,,1.0,,19.933333333333334
goat_milk,Goat Milk,5,1.0000001192092896,160.8,12.984,,0.0,12.278,,8.208,31.4,4.996,,,,9.086,,,1.25,0.0,,,,,,44.0,,,,,77.0,341.2,0.03,,,559.4,129.6,,,,,,
gochugaru,Gochugaru,1,0.7063757181167603,267.0,53.33,,0.0,43.33,,5.0,0.0,0.0,,,,3.33,,,,,,,,,,,,,,,,0.0,0.0,,,233.0,967.0,,,,,,
gochujang,Gochujang,3,0.8627700209617615,241.66666666666666,48.166666666666664,,1.5333333333333332,17.916666666666664,,2.2733333333333334,5.0,0.0,,,,6.426666666666667,,,0.0,,,,,,,,,,,,,2.3333333333333335,1.0833333333333333,,,131.33333333333334,1475.6666666666667,,,,,,
goda_masala,Goda Masala,5,0.8410748243331909,170.2,34.656,,1.1,1.1640000000000001,,1.812,0.6,0.22799999999999998,,,,4.093999999999999,,,0.0,1.125,0.0,0.0,0.48500000000000004,,,15.0,,,,,51.0,30.4,0.6375,,,102.5,152.2,,,,,,
goji_berry,Goji Berry,5,0.8840304613113403,236.4,47.861999999999995,,5.94,37.052,,0.9440000000000002,0.0,0.066,,,,7.396000000000001,,,,17.72,0.0,0.7083333333333334,1.25,0.625,0.125,,2.5,,,,4500.0,40.6,4.202,9.0,214.0,746.8,139.8,0.9366666666666669,0.643,,0.0,,42.0
golden_ear_mushroom,Golden Ear Mushroom,5,0.8497396111488342,145.8920824,33.680130000000005,,29.281799999999997,0.99,,1.4735,0.0,0.4,,,,5.20725,0.0,,0.023333333333333334,0.0,0.012124999999999999,0.60795,6.21675,0.481,0.11426666666666667,38.0,0.0,,,,,66.8,2.78962,59.836666666666666,152.62,532.875,155.35426,1.0884666666666667,0.25025000000000003,,1.3310833333333334,,29.334333333333333
golden_syrup,Golden Syrup,5,0.8185630440711975,352.8,85.24199999999999,,2.0,57.634,,1.034,0.0,0.0,,,,0.6900000000000001,,,,0.0,2.0,1.133,4.138,1.379,0.552,,,,,,,102.33333333333333,5.973333333333333,53.0,69.0,86.0,92.8,2.3,,,3.0,,
goldschlager,Goldschlager,4,0.7246598601341248,401.3333333333333,29.367499999999996,,9.275,0.8825,,25.575,90.0,5.6535,0.0,0.0,,14.0175,4220.0,0.35,1.2,0.0,0.8745,0.8949999999999999,6.95075,3.38,0.33,56.0,20.09,255.9,,1.6,,132.5,7.904999999999999,140.66666666666666,345.3333333333333,199.0,672.75,3.3733333333333335,0.5599999999999999,,1.1033333333333333,,48.0
goose,Goose,5,0.8048474788665771,264.2,1.818,,0.06,1.248,,21.125999999999998,369.4,5.9592,0.008,0.004,,15.51,100.6,1.28,0.7200000000000001,2.44,0.08819999999999999,0.2538,2.2954,1.759,0.207,27.8,1.9179999999999997,117.5,,3.6599999999999993,,30.6,2.4319999999999995,15.4,168.2,195.6,195.6,1.392,0.10800000000000001,,0.038,,23.68
goose_egg,Goose Egg,5,0.9063795208930969,211.6,3.4480000000000004,,0.18,1.386,,15.877999999999997,591.4,5.1212,0.002,0.001,,13.074000000000002,182.0,1.494,1.48,0.6199999999999999,0.13820000000000002,0.31040000000000006,1.1644,1.759,0.193,51.4,2.778,193.33999999999997,,7.540000000000001,,53.8,2.662,15.4,188.4,222.4,305.4,1.22,0.0512,,0.038,,31.1
goose_fat,Goose Fat,5,0.7933179140090942,889.0,0.0,,0.0,0.0,,98.35600000000001,96.2,38.955999999999996,0.0,0.0,,0.446,0.0,2.2880000000000003,2.6399999999999997,0.0,0.0012000000000000001,0.002,0.064,0.0,0.0058000000000000005,0.0,0.038,91.52000000000001,,0.12,,1.0,0.046,0.2,2.6,4.2,120.8,0.068,0.0016,,,,0.5200000000000001
gooseberry,Gooseberry,5,0.8840199708938599,132.79541108986615,33.394,,2.06,18.9875,,0.866,0.0,0.0076,0.0,0.0,,2.586,15.0,0.37,0.0,15.219999999999999,0.02,0.14250000000000002,2.15,0.286,0.08,43.0,0.0,,,,3.0,47.8,0.5640000000000001,10.0,27.0,112.0,95.2,0.12,0.07,,0.144,,0.6
gorgonzola_cheese,Gorgonzola Cheese,5,0.9652866721153259,342.6,6.428,,0.72,2.1420000000000003,,27.856,92.6,18.215999999999998,,,,20.002,,,0.0,0.0,,,,,,,,,,,193.0,463.6,0.0,,,26.2,1214.2,,,,,,
gouda_cheese,Gouda Cheese,5,1.0,356.74302103250477,3.0300000000000002,0.0,0.0,1.6019999999999999,,28.118000000000002,106.2,17.7616,0.0,0.0,,24.262,165.0,0.24,0.2,0.0,0.03,0.334,0.063,0.34,0.08,21.0,1.54,15.4,,2.3,150.33333333333334,670.0,0.096,29.0,546.0,94.8,791.8,3.9,0.036,,0.011,,14.5
gourami,Gourami,5,0.7206732034683228,213.0,2.262,,0.06,1.444,,9.928,54.6,2.9574000000000003,0.119,0.25,,11.778,30.0,1.36,26.0,0.26,0.199,0.104,2.4,,0.217,30.0,1.46,73.0,,4.0,,81.0,0.8879999999999999,34.0,451.0,73.2,268.4,1.65,0.078,,,,15.3
graham_cracker,Graham Cracker,5,0.9379163980484009,446.2,73.5,,2.7800000000000002,24.406,,14.207999999999998,0.0,2.4764,0.0,0.0,,6.514,0.0,1.6800000000000002,0.0,5.0,0.48300000000000004,0.649,8.108666666666666,,0.633,78.0,1.6666666666666667,11.8,,18.05,,106.6,8.330000000000002,30.0,145.0,176.0,543.8,4.903333333333333,0.1965,,,,4.45
graham_flour,Graham Flour,5,0.8256171941757202,423.6,75.23400000000001,,4.0,26.598000000000003,,11.667999999999997,0.0,4.216,,,,6.1659999999999995,,,0.0,11.76,48.75,49.11675,60.308249999999994,211.538,49.30025,1538.0,484.43999999999994,,,461.5,,210.6,12.896,116.0,130.33333333333334,184.8,656.0,23.597499999999997,3.846,385.0,12.0,385.0,385.0
grains_of_paradise,Grains Of Paradise,5,0.7472330331802368,254.4,48.95,,6.24,6.998,,5.01,9.0,0.8099999999999999,,,,9.356,,1.0,,0.0,0.0,0.1424,2.1504000000000003,0.46900000000000003,0.0665,28.333333333333332,1860.47,,,0.0,,79.6,2.15,52.5,129.0,168.5,406.0,1.02,0.208,,1.0,,0.0
grana_padano,Grana Padano,1,0.8605448603630066,393.0,0.0,,0.0,0.0,,28.57,125.0,17.86,,,,32.14,,,0.0,0.0,,,,,,,,,,,,1179.0,0.0,,,143.0,607.0,,,,,,
grand_marnier,Grand Marnier,1,0.6617963314056396,,46.43,,0.0,3.57,,28.57,0.0,12.5,,,,7.14,,,,0.0,,,,,,,,,,,,0.0,3.86,,,0.0,179.0,,,,,,
grape,Grape,5,0.8817013502120972,119.75,30.449999999999996,,0.52,29.56,,0.13999999999999999,0.0,0.0,,,,0.21,,1.12,0.0,15.34,0.035,0.125,1.4645000000000001,1.0590000000000002,0.131,25.5,0.64,9.8,0.0,5.9,0.0,6.4,0.124,21.3,76.5,101.6,21.6,0.895,0.1485,16.0,0.36933333333333335,,9.0
grape_leaf,Grape Leaf,5,0.8615874648094177,170.6848948374761,14.338,,6.300000000000001,4.05,,10.947999999999999,9.4,2.3528,0.0,0.0002,,5.959999999999999,737.8,2.62,0.0,9.1,0.057600000000000005,0.2202,2.1462000000000003,0.231,0.2576,54.0,0.22400000000000003,16.560000000000002,,82.91999999999999,,203.6,2.05,58.0,81.4,222.4,135.0,1.012,0.26539999999999997,,2.855,,3.5799999999999996
grape_must,Grape Must,5,0.8010651469230652,126.7697896749522,32.589999999999996,,0.1,30.504,,0.0,0.0,0.0,0.0,0.0,,0.16799999999999998,0.0,0.0,0.0,23.18,0.0006666666666666666,0.06266666666666666,0.713,0.355,0.072,14.0,0.21333333333333335,0.3,,2.8333333333333335,0.0,63.2,0.1125,13.5,42.333333333333336,48.25,10.6,0.61,0.07933333333333334,16.0,0.26349999999999996,,3.0666666666666664
grapefruit,Grapefruit,5,0.9027361273765564,90.0,21.712,,0.4,16.712,,0.048,0.0,0.007000000000000001,0.0,0.0,,1.0219999999999998,29.0,0.11,0.0,72.94,0.02733333333333333,0.03133333333333333,0.22649999999999998,,0.0365,9.333333333333334,0.0,6.4,,0.0,,9.4,0.33799999999999997,9.0,14.0,233.4,0.4,0.08,0.0495,,,,0.5
grapeseed_oil,Grapeseed Oil,5,1.0000001192092896,659.0,0.0,,0.0,0.0,,72.858,0.0,7.902000000000001,0.0,0.0,,0.0,0.0,28.1,,0.0,0.0,0.0,0.0,0.0,0.0,0.0,0.0,,,,,0.0,0.0,0.0,0.0,0.0,100.0,0.0,,,,,0.0
grappa,Grappa,1,0.6984370946884155,33.0,6.67,,3.3,3.33,,0.0,0.0,0.0,,,,0.0,,,,12.0,,,,,,,,,,,0.0,0.0,0.0,,,,733.0,,,,,,
grass_jelly,Grass Jelly,5,0.8263773918151855,161.4,42.368,,0.0,31.315999999999995,,0.0,0.0,0.0,,,,0.0,,,0.0,8.0,,,,,,,,,,,0.0,16.666666666666668,0.0,,,56.666666666666664,20.4,,,,,,
grasshopper,Grasshopper,1,0.6962847113609314,235.0,27.06,,3.5,1.18,,10.59,59.0,1.76,,,,7.06,,,0.0,,,,,,,,,,,,,108.0,1.18,,,101.0,718.0,,,,,,
gravy,Gravy,5,0.9229909777641296,90.8,5.139999999999999,,0.22000000000000003,1.0879999999999999,,4.918,19.6,2.0382000000000002,0.0002,0.0008,,6.7219999999999995,28.2,0.256,0.26,0.02,0.047599999999999996,0.08159999999999999,1.1778,,0.1018,4.4,0.362,23.22,,1.38,,30.2,0.724,7.0,65.0,109.8,467.6,1.234,0.05740000000000001,,,,5.459999999999999
greek_seasoning,Greek Seasoning,5,0.8551293611526489,205.8,27.458,,5.82,5.446000000000001,,11.222,0.0,1.888,,,,0.0,,,0.0,21.066666666666666,,,,,,,,,,,0.0,18.0,0.24,,,37.666666666666664,3778.0,,,,,,
green_bean,Green Bean,5,0.9663271307945251,17.0,3.33,,1.7,1.67,,0.0,0.0,0.0,,,,0.83,,,0.0,3.0,,,,,,,,,0.0,38.7,33.333333333333336,17.0,0.19999999999999998,,,76.0,292.0,4.38,,,,,
green_chili,Green Chili,5,0.8673209547996521,125.2,19.288,,3.3,2.1740000000000004,,4.395999999999999,2.6,0.6719999999999999,,,,4.709999999999999,,,0.0,28.96,0.0,0.102,0.64,,0.304,32.0,0.65,,,,28.666666666666668,85.4,1.0859999999999999,40.0,,244.0,209.2,3.0,,,,,
green_curry_paste,Green Curry Paste,5,0.901150643825531,151.8,18.114,,8.46,8.326,,5.465999999999999,0.0,0.534,,,,2.134,,,0.0,0.0,,,,,,,,,,,0.0,93.8,3.646,,,365.3333333333333,3284.6,,,,,,
green_fish,Green Fish,5,0.7949339747428894,64.4,6.523999999999999,,1.9600000000000002,2.178,,1.634,14.4,0.47859999999999997,0.102,0.129,,5.258000000000001,33.0,2.05,0.16,18.64,0.163,0.143,5.082,,0.32,30.0,2.37,75.1,,4.0,41.666666666666664,19.0,0.49800000000000005,45.0,236.0,169.2,196.6,3.1,0.062,,,,40.3
green_olive,Green Olive,5,0.9603968262672424,169.0,6.684,,2.66,2.774,,14.812000000000001,0.0,2.3218,0.0,0.0,,0.20600000000000002,20.0,3.81,0.0,0.0,0.021,0.007,0.237,,0.031,3.0,0.0,14.2,,1.4,0.0,13.0,0.1225,11.0,4.0,14.0,1315.4,0.04,0.12,,,,0.9
green_peppercorn,Green Peppercorn,5,0.8652814030647278,25.6,4.4879999999999995,,1.3800000000000001,2.382,,0.576,0.4,0.1628,0.0,0.0,,0.778,23.5,0.585,0.0,74.88,0.036500000000000005,0.088,0.6295,,0.24,19.5,0.0,5.85,,100.26666666666667,55.0,22.8,0.618,18.0,17.5,195.2,47.2,0.135,0.0605,,0.0,,0.0
green_sichuan_peppercorn,Green Sichuan Peppercorn,5,0.7948603630065918,51.8,6.638,,1.36,2.5900000000000003,,1.7439999999999998,4.8,0.5788,0.0,0.0003333333333333333,,2.434,21.333333333333332,0.6433333333333334,0.0,67.92,0.076,0.11533333333333333,1.3916666666666666,,0.23566666666666666,21.333333333333332,0.19333333333333333,12.533333333333333,,76.775,55.0,31.4,0.9020000000000001,19.25,44.666666666666664,222.8,193.0,0.6966666666666668,0.08433333333333333,,0.0,,3.0666666666666664
green_tea,Green Tea,5,1.0000003576278687,49.8,23.406,,0.0,1.012,,0.0,0.0,0.0,,,,0.0,,,,0.0,,,,,,,,,,,,0.0,0.0,,,11.0,0.4,,,,,,
green_tomato,Green Tomato,5,0.8710939288139343,23.0,5.1,,1.1,4.0,,0.2,0.0,0.028000000000000004,0.0,0.0,,1.2,32.0,0.38,0.0,23.4,0.06,0.04,0.5,0.5,0.081,9.0,0.0,8.6,,10.1,,13.0,0.51,10.0,28.0,204.0,13.0,0.07,0.09,,0.1,,0.4
gremolata,Gremolata,1,0.7182298898696899,211.0,40.62,,1.6,0.0,,2.73,0.0,0.39,,,,5.47,,,0.0,0.0,,,,,,,,,,,0.0,16.0,2.81,,,70.0,172.0,,,,,,
grenadine,Grenadine,5,0.7169661521911621,413.0,0.36,,0.0,0.36,,32.34,110.0,18.913,0.0,0.0,,29.809999999999995,271.0,0.28,0.6,0.0,0.06,0.279,0.10600000000000001,,0.081,10.0,1.6,15.4,,2.7,,1011.0,0.17,36.0,605.0,81.0,714.0,3.9,0.032,,,,14.5
grissini,Grissini,4,0.7894642353057861,409.0,64.98,,6.0,0.7725,,10.005,3.75,3.59,,,,13.465,,,,0.0,1.0,0.464,5.455,,,,,,,,0.0,0.0,0.8175,,,200.0,627.5,,,,,,
grits,Grits,5,0.9062221646308899,150.2,24.625999999999998,,1.8599999999999999,0.092,,3.9299999999999997,8.0,1.65,0.0,0.00075,,3.716,36.5,0.19749999999999998,0.06000000000000001,0.0,0.31939999999999996,0.15419999999999998,1.8006,,0.052250000000000005,41.8,0.0825,3.55,,0.85,,48.4,1.544,8.5,52.25,39.4,106.8,0.40750000000000003,0.01625,,,,4.725
ground_ivy,Ground Ivy,5,0.794261634349823,199.68868600000002,27.50302,,19.485999999999997,1.295,,23.204,0.0,2.1422,,,19.42,17.29518,,0.0,,8.7,0.70736,0.247,8.5145,0.727,0.37829999999999997,41.45,3.21,,,3.675,,305.98,5.0935999999999995,229.21999999999997,503.68,434.88,135.348,4.5545,0.7896000000000001,,2.8016666666666663,,83.3
grouper,Grouper,5,0.8554067015647888,,0.0,,0.0,0.0,,0.8800000000000001,46.2,0.0,,,,19.47,,,,1.28,,,,,,,,,,,,39.0,0.528,,,95.6,60.2,,,,,,
grouse,Grouse,5,0.744055986404419,123.0,2.652,,0.1,0.13799999999999998,,5.154000000000001,51.4,1.7449999999999999,0.0,0.0,,16.216,13.0,0.252,0.04,0.45999999999999996,0.05920000000000001,0.17679999999999998,3.8167999999999997,,0.26080000000000003,4.8,0.64,47.440000000000005,,1.4,,10.4,1.254,12.8,130.0,166.2,419.6,1.924,0.09140000000000001,,,,10.24
gruyere_cheese,Gruyere Cheese,5,0.9548811316490173,413.0,0.36,,0.0,0.36,,32.34,110.0,18.913,0.0,0.0,,29.809999999999995,271.0,0.28,0.6,0.0,0.06,0.279,0.10600000000000001,,0.081,10.0,1.6,15.4,,2.7,,1011.0,0.17,36.0,605.0,81.0,714.0,3.9,0.032,,,,14.5
guacamole,Guacamole,5,1.000000238418579,159.6,9.45,,5.24,0.31799999999999995,,13.644,0.0,2.1732,0.0,0.0,,2.096,8.5,1.9449999999999998,0.0,8.68,0.0645,0.122,1.6405,,0.27459999999999996,73.8,0.0,13.600000000000001,,21.900000000000002,,7.6,0.32599999999999996,27.5,50.0,497.6,342.0,0.605,0.1795,,,,0.4
guajillo_chile,Guajillo Chile,1,0.9846580028533936,57.0,14.29,,0.0,0.0,,0.0,0.0,0.0,,,,7.14,,,,8.6,,,,,,,,,,,0.0,0.0,2.57,,,,36.0,,,,,,
guar_gum,Guar Gum,5,0.9268050193786621,247.6435946462715,57.660000000000004,,34.18,3.4539999999999997,,2.9579999999999997,7.0,0.726,0.0,0.0,,0.9199999999999999,0.0,0.0,0.0,25.8,0.5,0.0,9.3025,,0.7480000000000001,181.66666666666666,1.395,0.0,,10.65,0.0,58.8,4.906000000000001,0.0,0.0,120.0,235.6,6.395,0.0,,,,0.0
guascas,Guascas,5,0.7436211705207825,184.6,19.618000000000002,,4.9,10.008,,11.886,0.0,2.5054,0.0,0.0,,1.192,7.0,2.0,0.0,8.379999999999999,0.066,0.126,1.683,,0.26166666666666666,79.66666666666667,0.0,13.9,,20.96666666666667,92.0,5.2,0.20600000000000002,28.0,51.0,484.0,319.2,0.62,0.184,,,,0.4
guava,Guava,5,0.8918476104736328,121.6,29.986,,1.4,9.732,,0.19,7.0,0.054400000000000004,0.0,0.0,,0.51,31.0,0.73,0.0,78.44,0.5335,0.04,9.8445,,1.0435,257.0,1.395,7.6,,2.6,19.0,7.8,4.238,22.0,40.0,111.4,115.8,6.51,0.23,,,,0.6
guava_paste,Guava Paste,5,0.9999998211860657,329.8,73.054,,3.06,59.4,,3.7,2.0,1.107,0.001,0.0,0.163,1.096,,0.95,0.0,25.125,0.19,0.117,2.493,0.27,0.053,,,,0.0,12.5,,2.8,0.42400000000000004,15.0,56.0,84.25,46.2,0.42,0.079,,0.265,,17.5
guinea_hen,Guinea Hen,4,0.8300909996032715,233.75,5.6274999999999995,,0.075,3.563333333333334,,15.1425,65.0,4.070250000000001,0.023333333333333334,0.01,,18.005,40.666666666666664,0.44,0.1,0.775,0.052,0.12433333333333334,6.221,0.879,0.223,5.0,0.26333333333333336,46.400000000000006,,1.65,,9.5,0.8475000000000001,19.333333333333332,150.0,187.0,300.75,1.1833333333333333,0.06033333333333333,,0.018,,17.73333333333333
guizhou_sour_soup,Guizhou Sour Soup,5,0.768429160118103,211.8,20.613999999999997,10.3,0.9,7.786666666666666,,10.742,24.6,1.891,0.002,0.0028,0.6284000000000001,8.108,20.6,0.762,0.16666666666666666,1.8799999999999997,0.1204,0.06459999999999999,2.4082,0.4466,0.18360000000000004,10.0,0.132,30.619999999999997,2.44,20.34,,40.2,2.204,13.0,113.6,135.0,295.2,0.64,0.0448,,0.14700000000000002,,8.559999999999999
gulai_seasoning,Gulai Seasoning,5,0.7899346947669983,279.4,42.67,,2.8600000000000003,9.524,,4.7620000000000005,16.6,0.0,,,,13.16,,,,5.0,,,,,,,,,,,100.0,44.4,1.028,,,500.0,8095.0,,,,,,
gulas,Gulas,1,0.6864989399909973,50.0,12.5,,0.8,11.25,,0.0,0.0,0.0,,,,0.0,,,,25.0,,,,,,,,,,,,0.0,0.3,,,104.0,4.0,,,,,,
gullac,Gullac,5,0.760709822177887,170.0,9.974,,5.42,0.144,,14.551999999999998,0.0,2.8394,0.0,0.0,,1.722,7.0,2.0,0.0,8.319999999999999,0.066,0.126,1.683,,0.28400000000000003,73.75,0.0,13.9,,20.96666666666667,,9.0,0.242,28.0,51.0,545.0,428.2,0.62,0.184,,,,0.4
gum_paste,Gum Paste,5,0.8962221145629883,320.4,44.104,,1.9799999999999998,48.4725,,14.022,0.0,0.9120000000000001,,,,2.1719999999999997,,,0.0,17.766666666666666,,,,,,,,,,,0.0,25.2,0.786,,,250.5,155.4,,,,,,
gypsum,Gypsum,5,0.7254561185836792,388.2,99.6,99.8,0.0,99.8,,0.32,0.0,0.0,0.0,0.0,,0.0,0.0,0.0,0.0,0.0,0.0,0.019,0.0,,0.0,0.0,0.0,0.0,,0.0,,1.0,0.05,0.24,0.0,2.0,1.0,0.01,0.007000000000000001,,0.004,,0.6
habanero_pepper,Habanero Pepper,5,0.9039924740791321,16.25,4.8975,,1.65,1.9560000000000002,,0.0,0.0,0.0,,,,0.0,,,,18.45,,,,,,,,,,,682.0,16.4,0.28,,,4.0,614.8,,,,,,
haddock,Haddock,5,0.8537591099739075,99.2,0.0,,0.0,0.0,,0.756,67.8,0.14100000000000001,0.13640000000000002,0.06420000000000001,0.002,21.658,24.0,0.51,0.68,0.0,0.036199999999999996,0.0522,4.3878,0.2632,0.3524,15.0,1.6919999999999997,92.3,,0.10000000000000002,,33.8,0.9079999999999998,40.839999999999996,241.4,363.4,543.0,0.42800000000000005,0.033600000000000005,,0.022399999999999996,,36.1
hair_vegetable,Hair Vegetable,5,0.802152156829834,149.8,19.106,,1.2,4.114,,6.114,17.8,3.5835999999999997,0.0,0.0,,4.282,194.0,0.57,0.0,14.14,0.5185,0.1885,3.9015,,0.139,105.5,0.0,14.8,,11.8,21.0,36.2,0.744,10.0,29.0,103.75,370.2,0.18,0.032,,,,0.2
hairtail,Hairtail,1,0.6970396041870117,257.0,0.0,,0.0,0.0,,16.46,86.0,6.728,0.001,0.003,,25.9,3.0,0.31,0.2,0.0,0.067,0.188,5.415,,0.474,7.0,1.8,82.6,,1.4,,13.0,2.18,20.0,179.0,269.0,357.0,5.06,0.074,,,,28.1
hake,Hake,1,0.6763384938240051,386.0,54.22,,2.4,24.1,,15.66,120.0,9.64,,,,6.02,,,,0.0,,,,,,,,,,,,48.0,1.3,,,,139.0,,,,,,
halibut,Halibut,5,0.8810279369354248,145.8,1.558,,0.06,0.028000000000000004,,7.316,49.8,1.3961999999999999,0.23520000000000002,0.2508,0.011,17.318,21.6,0.804,13.84,0.0,0.0722,0.059800000000000006,4.7063999999999995,0.2965,0.49800000000000005,10.6,1.05,63.38000000000001,0.0,0.82,,7.6,0.4780000000000001,25.0,212.6,375.8,126.0,0.4,0.029599999999999998,,0.0115,,42.8
halloumi,Halloumi,2,0.8672740459442139,362.5,1.25,,0.0,0.715,,29.105,91.0,20.18,,,,23.57,,,1.0,0.0,,,,,,,,,,,64.0,823.5,0.18,,,80.5,1225.0,,,,,,
halva,Halva,4,0.8367562890052795,521.0,47.6075,,6.25,20.0875,,35.47,0.0,7.43,,,,12.8475,,,0.0,,,,,,,,,,,,,44.75,2.89,,,122.75,25.25,,,,,,
ham,Ham,5,0.9999994039535522,195.76252390057363,1.17,,0.0,0.238,,12.596,54.0,4.3544,0.0,0.0,,18.222,0.0,0.26,0.7,0.0,0.8365,0.22049999999999997,4.5969999999999995,0.18,0.33,3.0,0.8899999999999999,75.6,,0.0,,8.5,0.8300000000000001,18.0,189.0,331.0,1175.2,2.11,0.079,,0.031,,23.3
hanpen,Hanpen,1,0.6854994297027588,282.0,43.59,,0.0,5.13,,6.41,0.0,3.85,,,,7.69,,,,6.2,0.0,0.174,3.077,,,,,,,,,51.0,2.77,,,,846.0,,,,,,
hard_cider,Hard Cider,5,0.9999998211860657,35.306309751434036,2.9259999999999997,,0.0,2.608,,0.0,0.0,0.0,0.0,0.0,,0.0,0.4,0.036,0.0,0.9199999999999999,0.0036,0.0052,0.018,0.0075,0.008400000000000001,0.4,0.0,0.6799999999999999,,0.44000000000000006,,5.8,0.144,4.2,7.2,65.4,4.6,0.032,0.012,,0.19125,,0.06000000000000001
harissa,Harissa,5,0.849891722202301,231.6,12.440000000000001,,2.3200000000000003,2.0460000000000003,,16.834,17.8,5.3340000000000005,,,,5.6659999999999995,,,0.0,35.0,,,,,,,,,,,0.0,127.2,0.36,,,263.75,525.0,,,,,,
hatch_chile,Hatch Chile,5,0.9335229396820068,140.6,20.218,,6.32,5.784000000000001,,3.7980000000000005,4.8,1.1640000000000001,,,,4.724,,,0.0,17.466666666666665,,,,,,,,,,,15300.0,37.8,0.932,,,144.0,241.4,,,,,,
havarti_cheese,Havarti Cheese,5,1.000000238418579,392.0,1.714,,0.0,0.0,,31.95,97.2,21.619999999999997,,,,20.906,,,0.0,0.0,,,,,,,,,,,240.0,700.2,0.1,,,55.6,722.8,,,,,,
hawthorn,Hawthorn,1,0.6799191832542419,338.0,75.86,,15.1,0.98,,1.63,0.0,0.197,0.0,0.0,,10.34,1.0,0.85,0.0,0.0,0.316,0.251,4.27,1.456,0.294,38.0,0.0,30.4,,5.9,,24.0,2.63,110.0,332.0,510.0,2.0,2.65,0.367,,2.577,,13.9
hazelnut,Hazelnut,5,0.9364559650421143,770.4,6.668000000000001,,5.32,1.332,,81.332,0.0,5.772,0.0,0.0,,6.668000000000001,0.0,35.120000000000005,,0.0,0.0,0.0,0.0,0.0,0.0,0.0,0.0,,,,0.0,53.2,1.92,0.0,0.0,186.8,0.0,0.0,,,,,0.0
hazelnut_liqueur,Hazelnut Liqueur,5,0.845740020275116,208.8,30.113999999999997,,1.3,26.674,,8.254000000000001,4.2,2.34,,,,2.306,,1.0,,1.6,,0.531,10.0,,1.0,,,,,,0.0,95.0,0.7779999999999999,,,144.33333333333334,56.2,,,,,,
hazelnut_oil,Hazelnut Oil,5,0.9073176383972168,859.4,0.0,,0.0,0.0,,97.332,0.0,9.866,0.0,0.0,,0.0,0.0,47.2,,0.0,0.0,0.0,0.0,0.0,0.0,0.0,0.0,,,,,0.0,0.0,0.0,0.0,0.0,0.0,0.0,,,,,0.0
hearts_of_palm,Hearts Of Palm,5,0.9195297360420227,70.97782026768643,13.05,,1.7600000000000002,12.426666666666668,,1.256,0.4,0.25425,0.0,0.0,,2.532,4.25,0.6799999999999999,0.0,6.720000000000001,0.029,0.11499999999999999,0.6505,0.126,0.394,30.5,0.0,0.1,,1.05,,53.2,2.778,35.2,100.0,849.4,460.2,2.088,0.3466,,1.394,,0.7
hemp_oil,Hemp Oil,5,0.8666831851005554,713.2,3.3340000000000005,,2.66,0.0,,70.588,0.0,8.941999999999998,0.0,0.0,,18.666,0.0,35.3,0.0,0.0,0.6666666666666666,0.18666666666666668,2.0,,0.5556666666666666,66.5,0.0,0.2,,24.7,,30.8,7.066,496.0,1246.5,778.25,0.0,8.18,1.0,,7.5,,0.0
hemp_seed,Hemp Seed,5,0.9084770083427429,583.9640535372848,5.066,,4.12,0.3,,49.084,0.0,3.5840000000000005,,,8.684,31.644,1.0,0.9,0.0,0.125,1.06875,0.2515,6.63325,,0.8,185.75,,,,,,72.2,10.656,680.2,1684.0,1182.6,1.0,10.638,1.6335000000000002,,7.4,,
herb,Herb,5,0.8196609616279602,291.2,20.11,,2.8,2.432,,18.666,11.0,2.4479999999999995,,,,11.696000000000002,,16.0,0.0,0.0,1.0,,5.263,,0.789,105.0,,,,,0.0,29.4,1.964,211.0,,354.0,815.0,3.16,,,1.0,,28.0
herbal_tea,Herbal Tea,5,0.897316038608551,62.6,3.074,,0.8,5.682,,0.0,0.0,0.4004,0.0,0.0,,0.0,0.0,0.0,0.0,0.0,0.01,0.004,0.0,,0.0,1.0,0.0,0.4,,0.0,,6.0,1.416,1.0,0.0,12.2,1.6,0.04,0.015,,,,0.0
herbes_de_provence,Herbes De Provence,5,0.879088819026947,378.4,19.848,,3.2199999999999998,2.5140000000000002,,29.024,0.0,3.406,,,,9.016,,,0.0,4.666666666666667,,,,,,,,,,,,75.8,2.268,200.0,500.0,261.4,2438.6,,1.333,,2.0,,
herbsaint,Herbsaint,5,0.7290877103805542,123.07992351816445,24.746000000000002,,1.8,3.968000000000001,,1.016,0.0,0.0246,0.0,0.0,,5.257999999999999,264.0,0.8000000000000002,0.0,10.8,0.8203999999999999,0.40360000000000007,2.6463999999999994,0.209,0.155,68.0,0.0,11.4,,414.8,,148.2,3.418,64.0,56.0,295.0,179.2,0.81,0.385,,1.148,,0.3
herring,Herring,5,0.842980682849884,217.0172084130019,0.0,,0.0,0.0,,12.37,82.0,2.791,1.179,0.97,,24.58,40.0,1.54,2.2,1.0,0.126,0.319,4.402,0.8800000000000001,0.413,14.0,18.7,95.0,,0.1,,84.0,1.51,46.0,325.0,447.0,918.0,1.36,0.135,,0.05,,52.6
hibiscus,Hibiscus,5,0.8470135927200317,85.4,21.992,,0.0,21.828,,0.04,0.0,0.016,0.0,0.0,,0.126,0.0,0.0,0.0,13.774999999999999,0.0,0.0,0.04,,0.0,1.0,0.0,0.4,,0.0,,4.0,0.22000000000000003,3.0,1.0,11.6,9.4,0.04,0.0,,,,0.0
hickory_nut,Hickory Nut,5,0.8273513317108154,624.6160611854684,21.18,,7.9,13.735,,57.564,0.0,5.5788,0.0,0.0,,14.39,7.0,,0.0,1.2,0.867,0.131,0.907,1.7459999999999998,0.19200000000000003,40.0,0.0,,,,,131.4,2.4880000000000004,188.6,336.0,487.0,107.2,4.31,0.812,,3.9575000000000005,,8.1
hijiki,Hijiki,1,0.6812060475349426,107.0,7.14,,0.0,7.14,,7.14,18.0,3.57,,,,10.71,,,,0.0,,,,,,,,,,,,139.0,0.0,,,0.0,125.0,,,,,,
hog_plum,Hog Plum,5,0.7765833139419556,88.53346080305927,9.56,,1.0399999999999998,8.438,,3.4080000000000004,70.2,1.2804000000000002,0.0,0.0,,5.83,12.4,0.20800000000000002,0.0,6.840000000000001,0.0306,0.05419999999999999,0.6577999999999998,0.135,0.0264,4.0,0.05600000000000001,62.77999999999999,,4.8,,8.0,0.31799999999999995,7.2,40.6,135.2,108.4,0.6000000000000001,0.0824,,0.052,,9.8
hogao,Hogao,2,0.7130886912345886,159.5,8.345,,0.85,1.43,,9.165,31.0,1.956,0.0,0.0,,10.59,16.0,1.59,0.4,12.0,0.536,0.208,4.351,,0.361,15.0,0.38,56.6,,13.7,,30.5,0.6599999999999999,33.0,165.0,226.5,231.0,1.58,0.084,,,,18.8
hoisin_sauce,Hoisin Sauce,5,1.0000001192092896,197.4,38.538,47.06,0.5599999999999999,25.648000000000003,,2.902,0.6,0.11359999999999999,0.0,0.0,,0.662,0.0,0.28,0.0,0.2,0.004,0.217,1.17,0.068,0.062,23.0,0.0,8.0,,0.5,,10.666666666666666,0.33666666666666667,24.0,38.0,84.0,1682.0,0.32,0.128,,0.254,,1.8
hokkien_noodle,Hokkien Noodle,5,0.8781506419181824,265.0,47.034000000000006,,1.72,3.8659999999999997,,4.444,15.0,1.748,,,,8.486,,,0.0,0.5,,,,,,,,,,,0.0,6.6,1.784,,,77.66666666666667,1780.2,,,,,,
hollandaise_sauce,Hollandaise Sauce,5,0.9999997019767761,151.2,24.452,,0.32,13.252,,4.720000000000001,6.0,3.2,,,,2.782,,,0.0,0.0,,,,,,,,,,,,11.2,0.4,,,200.75,1544.6,,,,,,
hominy,Hominy,5,0.8593811392784119,130.78814531548758,26.188,,2.34,0.9424999999999999,,1.204,0.8,0.2508,0.0,0.0,,2.662,10.5,0.15,0.0,0.15,0.0022500000000000003,0.07350000000000001,1.1055,0.154,0.01533333333333333,1.0,0.0,3.25,,0.7999999999999999,0.0,9.2,1.1800000000000002,16.0,34.666666666666664,12.8,306.0,1.04,0.029666666666666664,,0.07,,2.966666666666667
honey,Honey,5,1.0000001192092896,375.0,80.25,,1.24,44.25,,6.938,0.0,4.0,,,,3.8760000000000003,,,,0.0,2.0,,5.0,1.875,0.5,,,,,,,102.4,2.8120000000000003,75.0,250.0,234.0,377.6,4.69,,,,,
honey_citron_tea,Honey Citron Tea,5,0.798490583896637,352.0,78.44800000000001,,0.22000000000000003,88.036,,0.33399999999999996,0.0,0.22200000000000003,,,,0.11200000000000002,,,1.0,54.150000000000006,2.0,2.222,,,,,,,,,,370.2,4.14,,,83.5,1.6,,,,,,
honey_mushroom,Honey Mushroom,5,0.8050583600997925,164.578773,41.1101375,,7.0458,2.21,,0.6542250000000001,0.0,0.225,0.0,0.0,,6.059687500000001,0.0,0.0,2.05265,3.5,0.16946875,0.747825,10.08775,21.879,0.53357,129.71333333333334,0.0,201.7,,0.0,,5.608124999999999,1.219225,72.1,190.035,931.375,7.004825,4.125525,2.627355,,0.648385,,23.48975
honey_mustard,Honey Mustard,5,0.9999999403953552,279.8,29.998,20.0,0.0,25.332,,12.002,13.4,2.334,,,,0.0,,,0.0,0.0,,,,,,0.0,,,,,0.0,0.0,0.48,,,33.333333333333336,610.0,,,,,,
honeycomb,Honeycomb,2,0.9999999403953552,301.0,53.08,,0.0,50.28,,8.405,63.0,5.04,,,,1.68,,,0.0,0.0,,,,,,,,,,,,42.0,0.0,,,29.5,80.0,,,,,,
honeydew_melon,Honeydew Melon,5,0.8913456201553345,32.935251,8.14995,7.028999999999999,,,,0.2163,,,,,,0.53125,,,,15.73,,,,,,,,,,,,6.578999999999999,0.0,9.504,11.74,208.9,21.15,0.05999,0.009075,,0.03545,,
honeysuckle_flower,Honeysuckle Flower,5,0.7982419729232788,245.0,60.664,,0.1,56.234,,0.0,0.0,0.0,,,,0.10200000000000001,,,0.0,18.0,,,,,,,,,,,,20.0,0.742,,,28.0,2.0,,,,,,
hop,Hop,5,0.772578775882721,164.2,36.94,,1.3199999999999998,20.544,,0.32799999999999996,0.0,0.0,,,,2.7880000000000003,,,,1.48,1.0,0.418,6.557,,,230.0,,,,,74.0,3.2,0.826,,,4.0,78.6,,,,,,
horse_gram,Horse Gram,5,0.7398704290390015,223.2,15.334,,0.2,11.834,,19.334,9.5,3.5425,,,,0.33399999999999996,,,0.0,0.0,,,,,,,,,,,,6.75,0.2075,,,110.25,436.6,,,,,,
horse_head_fish,Horse Head Fish,5,0.7913838028907776,254.2,13.558000000000002,,0.275,9.862,,18.99,46.0,4.7105,0.34,0.0585,,9.892,28.5,1.56,7.3999999999999995,0.0,0.115,0.145,7.1135,,0.512,12.5,1.71,77.8,,2.7,,13.75,0.9975,27.0,231.0,221.0,417.6,2.925,0.0665,,,,45.150000000000006
horse_mackerel,Horse Mackerel,5,0.9080802798271179,150.0,0.716,,0.0,0.0,,8.034,73.4,2.66,,,,17.808,,,5.5,0.0,,,7.143,,0.214,,7.5,,,,10.666666666666666,200.6,1.5879999999999999,,,292.25,394.2,,,,,,56.0
horse_meat,Horse Meat,5,0.7999570965766907,266.4,1.7419999999999998,,0.0,0.602,,19.130000000000003,84.0,7.055400000000001,0.0027999999999999995,0.0014,0.205,20.47,6.6,0.522,0.4600000000000001,1.92,0.1908,0.25839999999999996,6.1636,0.771,0.39339999999999997,6.4,1.38,76.78,,1.3400000000000003,,36.6,2.258,20.4,198.2,314.6,753.8,3.162,0.1004,,0.038,,16.48
horseradish,Horseradish,5,1.0000003576278687,175.81606118546847,16.516,,1.8499999999999999,13.030000000000001,,13.61,5.25,2.3375,0.0,0.0,,0.8059999999999998,0.0,0.01,0.0,16.599999999999998,0.008,0.024,0.386,0.093,0.073,57.0,0.0,6.5,,1.3,,34.75,0.4175,27.0,31.0,163.0,444.6,0.83,0.058,,0.126,,2.8
hot_and_sour_sauce,Hot And Sour Sauce,5,0.9015240669250488,142.6,27.008,,0.12,23.618000000000002,,2.5620000000000003,5.8,0.615,0.0,0.0,,1.8579999999999999,4.0,1.64,0.05,8.459999999999999,0.087,0.081,2.702,,0.24,16.0,0.49,36.5,,8.9,136.66666666666666,3.8,0.21200000000000002,15.0,82.0,56.25,846.6,1.6,0.068,,,,10.0
hot_dog,Hot Dog,5,0.9117676615715027,288.75,17.9925,,1.45,2.5175,,19.892,29.0,6.11325,0.0,0.002,,13.5825,2.0,0.98,0.6,0.0,0.10500000000000001,0.30979999999999996,2.5804,0.23,0.09875,38.2,1.33,49.333333333333336,,1.2,,27.2,1.542,12.35,188.5,259.8,680.0,1.735,0.2075,,0.028,,9.333333333333334
hot_pot_base,Hot Pot Base,5,0.7727273106575012,161.8,20.836000000000002,,0.4,6.875,,9.168000000000001,41666.5,0.21,,,,6.8340000000000005,,,0.0,4.0,,,,,,,,,,,,8.5,0.15,,,6.0,11236.6,,,,,,
hot_sauce,Hot Sauce,5,0.9999997019767761,14.8,3.316,,0.1,10.072,,0.132,0.0,0.017,0.0,0.0,,0.20600000000000002,66.0,0.01,0.0,13.979999999999999,0.026,0.07,0.142,,0.123,1.0,0.0,0.0,,0.2,300.0,6.4,0.6,10.0,18.0,60.75,1891.0,0.13,0.061,,,,0.5
hpnotiq,Hpnotiq,1,0.6700933575630188,0.0,0.0,,0.0,0.0,,0.0,0.0,0.0,,,,0.0,,,,0.0,0.0,,0.0,,0.0,0.0,,,,,,0.0,0.0,0.0,,0.0,0.0,,,,,,
huacatay,Huacatay,1,0.6629024147987366,333.0,0.67,,40.7,0.0,,32.67,0.0,3.33,,,,20.67,,,,,,,,,,,,,,,,713.0,16.0,393.0,1067.0,700.0,0.0,3.33,,,,,
huckleberry,Huckleberry,5,0.8414298295974731,130.4,24.951999999999998,,0.8,15.716,,3.7640000000000002,13.0,0.706,,,,0.982,,,0.0,22.8,,,,,,,,,,,3.0,25.6,0.44800000000000006,,,68.6,94.6,,,,,,
huitlacoche,Huitlacoche,1,0.6656791567802429,325.0,45.0,,0.0,10.0,,11.25,75.0,6.25,,,,7.5,,,,0.0,0.0,0.242,3.232,,,106.0,,,,,,50.0,2.7,,,71.0,288.0,,,,,,
hummus,Hummus,5,1.0000001192092896,204.4,16.954,,4.24,1.428,,13.378,0.0,0.716,,,,6.331999999999999,,,0.0,4.24,,,,,,86.0,,,,,0.0,41.8,1.5100000000000002,,71.0,121.2,504.4,,0.143,,0.0,30.0,
hunan_chopped_chili,Hunan Chopped Chili,5,0.8167695999145508,95.6,16.648,,1.34,11.018,,2.15,5.4,0.5336000000000001,0.001,0.004,,3.436,63.0,0.82,0.03333333333333333,3.3200000000000003,0.0165,0.0785,0.98,,0.23249999999999998,38.5,0.565,34.5,,51.3,16.5,14.2,0.5640000000000001,27.5,76.0,107.5,334.4,2.25,0.049,,,,6.7
hyacinth_bean,Hyacinth Bean,5,0.851024866104126,119.25927342256213,19.678,,11.0,5.275,,1.95,0.0,0.9412000000000003,0.0,0.0,,6.790000000000001,32.25,0.51,0.0,52.660000000000004,0.35524999999999995,0.112,0.7375,0.3505,0.056749999999999995,52.25,0.0,19.1,,18.1,,67.8,1.5259999999999998,89.2,125.4,409.8,8.0,2.6024999999999996,0.3695,,0.547,,3.175
iberico_ham,Iberico Ham,5,0.7298732399940491,204.8,2.65,,0.5,0.63,,9.222,58.0,3.6759999999999997,0.0,0.0,,26.028,0.0,0.28,0.9,8.825,0.64175,0.2545,3.9015,0.784,0.504,5.0,1.03,105.5,,0.0,0.0,2.5,1.9599999999999997,25.0,218.0,436.75,1774.4,3.6100000000000003,0.1325,,,,25.8
ice,Ice,5,0.7808385491371155,144.4,18.922,,0.9800000000000001,17.244,,6.364,0.0,0.454,,,,2.978,,,,1.92,0.0,0.014,1.5,,0.192,,,,,,,44.8,0.32799999999999996,0.0,8.0,38194.333333333336,7637.2,,,,,,
ice_cream,Ice Cream,5,1.000000238418579,286.4,33.624,,1.92,26.518,,14.547999999999998,27.0,5.4886,0.0,0.003,,5.62,112.0,0.39,0.06666666666666667,0.12,0.044,0.194,0.154,,0.046,6.0,0.37,25.3,,0.8,56.0,117.2,0.584,16.0,98.0,201.5,135.6,0.72,0.043,,,,1.9
ice_cream_cone,Ice Cream Cone,5,0.9355570673942566,302.12007648183555,51.158,,1.32,23.872,,8.713999999999999,17.6,3.4153999999999995,0.0,0.0006000000000000001,,5.304,67.6,0.19400000000000003,0.1,0.25999999999999995,0.2428,0.2928,2.3924,0.4046666666666667,0.0506,66.6,0.198,15.12,,0.9400000000000001,,74.8,2.138,25.4,109.2,187.4,178.2,0.6719999999999999,0.161,,0.517,,3.3
ice_jelly,Ice Jelly,5,0.8735498785972595,150.4,34.196000000000005,,0.0,24.994,,2.068,9.2,1.3800000000000001,,,,0.45999999999999996,,,0.0,8.0,,,,,,,,,,,0.0,55.0,0.0,,,110.66666666666667,24.2,,,,,,
ice_plant,Ice Plant,5,0.7536157369613647,123.22217973231359,25.074,,1.0,21.528000000000002,,2.342,8.0,1.3345999999999998,0.0,0.0006000000000000001,,1.062,22.2,0.22000000000000003,0.04,4.14,0.016599999999999997,0.05619999999999999,0.2072,0.002,0.0196,6.4,0.072,8.120000000000001,,2.48,,28.2,0.368,6.6,25.4,68.8,29.8,0.21600000000000003,0.027800000000000002,,0.01,,0.5599999999999999
idli,Idli,1,1.000000238418579,128.0,24.98,,5.8,1.85,,0.35,0.0,0.056,0.0,0.0,,6.36,0.0,0.04,0.0,0.2,0.122,0.04,0.676,,0.042,39.0,0.0,21.7,,3.1,,10.0,0.89,25.0,67.0,233.0,252.0,0.86,0.141,,,,3.5
indian_gooseberry,Indian Gooseberry,5,0.7693014740943909,132.79541108986615,31.176,,2.8000000000000003,25.3825,,0.86,3.0,0.5096666666666667,0.0,0.0005,,1.286,22.75,0.7,0.4,12.66,0.0465,0.0735,0.5952500000000001,0.251,0.07975,11.25,0.115,10.5,0.0,7.233333333333333,0.0,34.8,0.372,16.25,47.5,124.4,33.2,0.335,0.0585,,0.5373333333333333,,2.0
inulin,Inulin,1,0.6919490694999695,455.0,30.3,,0.0,0.0,,0.0,0.0,0.0,,,,60.61,,,,,,,,,,,,,,,,152.0,48.48,,,1697.0,1061.0,,,,,,
irish_cream,Irish Cream,5,0.8900291919708252,357.4,55.086,,0.48,38.714000000000006,,13.689999999999998,11.8,6.802,,,,2.148,,,0.0,0.0,0.0,0.243,3.81,,,95.0,,,,,,37.6,0.514,,,325.75,148.6,,,,,,
isomalt,Isomalt,1,0.708282470703125,344.0,0.0,,0.0,0.0,,1.64,8.0,0.82,,,,81.97,,,,49.2,1.0,1.393,16.393,4.098,1.639,328.0,4.92,,,65.6,,984.0,1.77,328.0,820.0,1230.0,557.0,12.3,1.639,123.0,2.0,,57.0
isot_pepper,Isot Pepper,5,0.7854042649269104,145.0,19.526,,5.42,3.068,,4.826,13.2,2.218,0.0,0.0,,5.736,0.0,0.0,0.0,2.475,0.0,0.0,0.0,,0.0,0.0,0.0,0.3,,0.0,0.0,141.4,6.2,0.0,9.0,68.33333333333333,2764.2,0.09,0.007,,,,0.1
italian_dressing,Italian Dressing,5,1.000000238418579,209.4,15.610000000000003,,0.4,6.5920000000000005,,13.001999999999999,12.0,2.576,,,,5.715999999999999,,,0.0,2.6399999999999997,,,,,,0.0,,,,,0.0,19.6,0.708,,,75.0,1001.6,,,,,,
italian_sausage,Italian Sausage,5,1.0,299.4,1.8960000000000001,,0.18,0.488,,22.04,65.2,7.978,,,,22.412,,,,0.22000000000000003,,,,,,,,,,,0.0,3.6,1.672,,,471.5,907.0,,,,,,
italian_seasoning,Italian Seasoning,5,1.0000001192092896,573.2,141.332,,0.0,8.0,,0.0,0.0,0.0,,,,0.0,,,0.0,533.3333333333334,,,,,,,,,,,,1333.2,52.0,,,0.0,2640.0,,,,,,
jackfruit,Jackfruit,5,1.000000238418579,110.6,21.666,,2.54,14.382499999999999,,2.7399999999999998,0.0,1.1949999999999998,0.0,0.0,0.079,1.7279999999999998,3.3333333333333335,0.34,,5.58,0.31074999999999997,0.40925000000000006,2.82225,0.18066666666666664,0.48250000000000004,50.5,0.2625,,,,,50.0,1.194,22.666666666666668,16.0,261.0,262.6,0.12333333333333334,0.06733333333333334,,0.05466666666666666,,2.0
jackfruit_seed,Jackfruit Seed,5,0.8939782381057739,106.59311663479923,22.601999999999997,,2.88,14.496666666666664,,1.402,0.0,0.47475,0.0,0.0,0.079,2.506,5.75,0.34,0.0,6.9,0.18125,0.11174999999999999,0.73875,0.35475,0.2555,28.75,0.0,,,,,36.2,0.9799999999999999,30.5,55.75,438.6,74.6,0.31750000000000006,0.33749999999999997,,0.0765,,
jagermeister,Jagermeister,5,0.8187815546989441,146.2,16.107999999999997,,2.04,5.744000000000001,,6.526000000000001,0.0,1.4327999999999999,0.0,0.0,,2.0300000000000002,0.0,0.0,0.0,4.6,0.025666666666666667,0.07266666666666667,3.195,,0.581,10.666666666666666,0.5066666666666667,6.8,,0.0,,27.2,0.03,11.0,16.333333333333332,100.4,214.6,0.016666666666666666,0.007333333333333333,,,,0.6666666666666666
jaggery,Jaggery,5,0.7450547218322754,390.4,99.59599999999999,,0.02,90.042,,0.0,0.0,0.0,0.0,0.0,,0.0,0.0,0.0,0.0,0.0,0.0012000000000000001,0.017800000000000003,0.002,0.0,0.001,0.0,0.0,0.0,,0.0,,1.4,0.12800000000000003,0.2,0.2,2.6,10.4,0.008,0.008,,0.004,,0.64
jalapeno,Jalapeno,5,1.0,146.4,8.694,,0.9600000000000002,1.654,,8.962,20.6,3.2592,0.0,0.0,,7.0200000000000005,48.0,2.24,0.0,17.200000000000003,0.038,0.046,6.487,,0.266,20.0,1.62,8.2,,20.2,62.0,15.6,1.502,10.0,20.0,239.0,687.8,0.12,0.046,,,,42.7
jam,Jam,5,1.000000238418579,245.6,60.089999999999996,,1.2,47.498000000000005,,0.006,0.0,0.0012000000000000001,0.0,0.0,,0.036,0.0,0.05,0.0,4.5200000000000005,0.5045,0.189,8.0305,,1.0095,5.0,0.0,9.1,,0.3,0.0,4.2,0.158,122.5,9.0,1285.2,20.2,1.53,0.036,,,,0.9
jarlsberg_cheese,Jarlsberg Cheese,5,0.7822936773300171,327.0,0.49000000000000005,,0.0,0.49000000000000005,,27.25,90.0,16.746,0.0,0.0,,20.05,340.0,0.23000000000000004,0.5,0.0,0.08,0.503,0.158,,0.086,58.0,1.04,15.4,,2.3,,497.0,0.13,21.0,393.0,128.0,800.0,2.1,0.021,,,,14.5
jasmine_flower,Jasmine Flower,5,0.8243714570999146,187.0,39.738,,0.6,0.0,,1.356,0.0,0.0,,,,3.4,,,0.0,0.32,0.0,,3.497,,,84.0,,,,,,0.4,0.068,,,23.8,17.6,,,,,,
jasmine_tea,Jasmine Tea,5,0.8697232604026794,165.6,33.215999999999994,,0.16,0.0,,1.356,0.0,0.0,,,,12.096,,,0.0,6.32,0.0,,3.497,,,84.0,,,,,0.0,100.4,0.068,,,340.4,17.6,,,,,,
jellyfish,Jellyfish,5,0.8566707372665405,125.45009560229445,21.78,,0.0,25.103333333333335,,1.204,21.0,0.231,0.3133333333333333,0.059000000000000004,,8.1,12.666666666666666,0.02,0.0,0.0,0.08333333333333333,0.11,2.0,0.75,0.17666666666666667,10.333333333333334,1.4733333333333334,95.0,,0.1,,13.5,0.6925,19.333333333333332,131.33333333333334,289.6666666666667,1964.4,0.3866666666666667,0.07400000000000001,,0.01,,38.4
jerk_seasoning,Jerk Seasoning,5,1.0,103.4,54.641999999999996,,0.62,52.217999999999996,,0.0,0.0,0.0,,,,0.0,380.0,,0.0,12.866666666666665,,,,,,,,,,,380.0,61.2,2.0,,,58.75,713463.6,,,,,,
jerusalem_artichoke,Jerusalem Artichoke,5,0.9468676447868347,94.93154875717018,9.024,,3.4799999999999995,3.316,,6.061999999999999,0.0,1.0144,0.0,0.0,,2.7079999999999997,1.0,0.19000000000000003,0.0,10.68,0.11466666666666668,0.064,1.1306666666666667,0.35766666666666674,0.103,49.666666666666664,0.0,32.93333333333334,,9.9,,33.8,1.432,45.666666666666664,86.0,370.0,218.4,0.3666666666666667,0.20066666666666666,,0.19066666666666668,,0.36666666666666664
jicama,Jicama,5,0.808212161064148,38.0,8.82,,4.9,1.8,,0.09,0.0,0.021,0.0,0.0,,0.72,1.0,0.4600000000000001,0.0,20.2,0.02,0.029000000000000005,0.2,0.135,0.042,12.0,0.0,13.6,,0.3,,12.0,0.6,12.0,18.0,150.0,4.0,0.16,0.048,,0.06,,0.7
jinhua_ham,Jinhua Ham,1,0.7095593810081482,119.0,1.19,,,1.19,,4.76,48.0,1.79,,,,16.67,,,,,,,,,,,,,,,,,0.43,,,,1250.0,,,,,,
jobs_tears,Jobs Tears,1,0.6312419176101685,326.0,65.12,,2.3,18.6,,5.81,0.0,0.0,,,,4.65,,,,0.0,1.0,0.395,4.651,,,140.0,,,,,,0.0,3.35,,,,279.0,,,,,,
juniper_berry,Juniper Berry,5,0.7924284338951111,205.8,38.37,,1.08,10.831999999999999,,3.59,1.6,1.4796,0.0,0.0,,1.306,2.0,0.37,0.0,311.02,6.343,7.200333333333333,43.080666666666666,125.0,6.4195,2503.5,835.0799999999999,5.8,,7.3,,5.2,0.82,11.0,20.0,72.33333333333333,135.0,0.1,0.038,,0.0,,2.65
junket,Junket,1,0.683278501033783,31.0,7.21,,1.8,5.51,,0.14,0.0,0.022,0.0,0.0,,0.91,1.0,0.03,0.0,4.1,0.01,0.04,0.157,0.156,0.057,30.0,0.0,7.5,,0.2,,15.0,1.82,17.0,17.0,148.0,194.0,0.21,0.059,,0.287,,0.5
kabanos,Kabanos,1,0.6942510604858398,53.0,7.06,,1.2,1.18,,0.0,0.0,0.0,,,,4.71,,,,28.2,,,,,0.235,,,,,112.9,,94.0,1.27,,,,94.0,,,,,,
kadaifi,Kadaifi,1,0.6795183420181274,58.0,3.75,,0.0,2.92,,3.33,12.0,2.08,,,,3.33,,,,0.0,,,,,,,,,,,,125.0,0.0,,,,38.0,,,,,,
kaffir_lime,Kaffir Lime,5,0.7732330560684204,27.0,9.268,,1.3599999999999999,1.69,,0.12200000000000003,0.0,0.013600000000000001,0.0,0.0,,0.5319999999999999,2.0,0.22000000000000003,0.0,29.639999999999997,0.027000000000000003,0.017,0.1652,0.1465,0.04,9.2,0.0,5.1,,0.6,,21.6,0.29399999999999993,7.2,15.6,111.0,2.0,0.092,0.0422,,0.015499999999999998,,0.22000000000000003
kaffir_lime_leaf,Kaffir Lime Leaf,5,0.7287904620170593,54.4,15.358,,0.75,10.52,,0.0,0.0,0.0,,,,0.44400000000000006,,,0.0,12.175,0.0,0.0,0.0,0.0,0.0,0.0,0.0,,,0.0,,6.0,0.10800000000000001,0.0,0.0,49.2,0.0,0.0,0.0,0.0,0.0,0.0,0.0
kale,Kale,5,1.0000001192092896,110.2,13.169999999999998,0.8000000000000002,3.54,5.355,,6.07,0.0,1.785,,,,6.031999999999999,241.0,0.66,,144.73999999999998,1.0678,1.0699999999999998,6.0632,0.36999999999999994,1.3412000000000002,125.6,3.21,,0.0,775.6600000000001,,250.4,2.564,75.22,54.5,598.2,240.6,1.365,0.3758,,1.152,,30.0
kangaroo,Kangaroo,1,0.7245981097221375,204.0,0.0,,0.0,0.0,,8.34,85.0,2.49,0.0,0.0,,30.14,0.0,0.44,0.0,0.0,0.06,0.169,7.103,,0.337,9.0,6.46,120.2,,1.6,,20.0,2.35,20.0,224.0,298.0,344.0,2.35,0.175,,,,38.2
kapok_flower,Kapok Flower,1,0.7022830247879028,386.0,66.67,,1.8,42.11,,10.53,96.0,3.51,,,,3.51,,,0.0,,,,,,,,,,,,,46.0,1.58,,,0.0,263.0,,,,,,
kashkaval_cheese,Kashkaval Cheese,5,0.7681041955947876,220.0,6.843999999999999,,0.8,1.496,,14.844,44.8,8.437999999999999,,,,12.908000000000001,,,0.0,13.025,,,,,,,,,,,257.0,281.6,0.62,,,172.75,589.2,,,,,,
kashmiri_chili,Kashmiri Chili,5,0.7688087224960327,151.0,17.236,,2.2,17.217999999999996,,5.45,2.6,0.9099999999999999,,,,3.504,,,0.0,2.5,0.0,0.102,0.64,,0.304,32.0,0.65,,,,31.0,43.0,8.2,40.0,,135.6,487.4,3.0,,,,,
kasseri_cheese,Kasseri Cheese,5,0.7699975371360779,318.0,5.798,,0.32,2.116,,25.628000000000004,71.0,16.130000000000003,,,,15.956,,,,3.28,,,,,,,,,,,225.0,458.4,0.11200000000000002,,,142.75,466.6,,,,,,
kaya,Kaya,1,0.6839549541473389,33.0,7.45,,3.2,1.48,,0.19,0.0,0.026,0.0,0.0,,1.93,36.0,0.27,0.0,23.0,0.2,0.06,1.0,0.245,0.215,60.0,0.0,12.3,,31.3,,82.0,0.62,57.0,61.0,299.0,7.0,0.58,0.109,,0.788,,0.7
kaymak,Kaymak,1,0.6680963039398193,35.0,8.24,,1.2,3.53,,0.0,0.0,0.0,,,,1.18,,,,,,,,,,,,,,,,19.0,0.31,,,300.0,6.0,,,,,,
kefalotyri,Kefalotyri,1,0.6377615928649902,58.0,3.75,,0.0,2.92,,3.33,12.0,2.08,,,,3.33,,,,0.0,,,,,,,,,,,,125.0,0.0,,,,38.0,,,,,,
kefir,Kefir,5,0.9999997019767761,48.8,5.1579999999999995,,0.0,4.928,,1.406,6.8,0.9272,0.0,0.0,0.006,3.85,171.0,0.02,1.0,0.13333333333333333,0.03,0.135,0.15,0.385,0.058,13.0,0.29,15.2,,0.1,18.0,138.6,0.016,12.0,105.0,183.0,46.0,0.46,0.009,,0.005,,3.6
kelp,Kelp,5,0.8500530123710632,144.8,35.102,,0.5199999999999999,10.99,,0.294,0.0,0.1028,0.0,0.056333333333333326,,1.6199999999999999,58.666666666666664,0.8733333333333334,0.0,5.34,0.034,0.1286,0.86,0.214,0.0198,92.4,0.0,11.833333333333334,,37.300000000000004,,81.2,1.404,52.4,30.4,78.2,406.0,0.572,0.10880000000000001,,0.06666666666666667,,0.6666666666666666
kencur,Kencur,1,0.7055467367172241,58.0,3.75,,0.0,2.92,,3.33,12.0,2.08,,,,3.33,,,,0.0,,,,,,,,,,,,125.0,0.0,,,,38.0,,,,,,
ketchup,Ketchup,5,1.0000001192092896,64.4,13.553999999999998,21.8,1.55,10.2425,,0.11000000000000001,0.0,0.0,,,,0.22200000000000003,,,,5.625,,,,,,,,,,,80.0,2.8,0.8859999999999999,13.5,25.0,730.8,982.2,0.16,0.066,,0.086,,
khmeli_suneli,Khmeli Suneli,1,0.6430416107177734,333.0,66.67,,16.7,16.67,,0.0,0.0,0.0,,,,16.67,,,,20.0,,,,,,,,,,,,333.0,12.0,,,667.0,2667.0,,,,,,
khoya,Khoya,1,0.6485834121704102,464.0,53.57,,3.6,21.43,,23.21,0.0,3.57,,,,14.29,,,0.0,,,,,,,,,,,,,36.0,1.07,,,321.0,679.0,,,,,,
kidney,Kidney,1,0.9999999403953552,157.0,0.0,,0.0,0.0,,4.61,710.0,1.428,0.0,0.0,,27.05,0.0,0.08,1.1,0.0,0.159,2.946,3.889,,0.388,82.0,24.7,509.1,,0.0,,19.0,5.75,12.0,302.0,134.0,400.0,2.82,0.56,,,,166.7
kidney_bean,Kidney Bean,5,0.9063491821289062,150.0,17.354,,4.78,0.22999999999999998,,6.14,3.0,1.0144,0.0,0.0,,6.806,0.2,0.9760000000000002,0.02,0.72,0.13579999999999998,0.0602,0.6841999999999999,,0.0988,90.0,0.048,24.82,,10.38,,21.8,2.4200000000000004,37.8,118.4,350.4,214.8,0.9620000000000001,0.1824,,,,2.44
kielbasa,Kielbasa,5,1.0000003576278687,270.0,4.474,,0.2,1.6320000000000001,,20.636000000000003,53.2,6.093999999999999,,,,15.61,,,0.0,0.0,,,,,,,,,,,0.0,43.6,0.8440000000000001,,,370.8,962.2,,,,,,
kimchi,Kimchi,5,0.9999999403953552,24.307074569789673,5.394,,2.6,2.0324999999999998,,0.1,0.0,0.0134,0.0,0.0,,1.634,5.0,0.11,0.0,10.7,0.01,0.5673333333333334,1.1,,0.213,52.0,0.0,15.5,,43.6,1125.0,34.8,1.2559999999999998,23.333333333333332,24.0,176.0,510.8,0.22,0.242,974.0,0.0,,0.5
kinako,Kinako,1,0.6866332292556763,275.0,19.72,,1.4,2.11,,19.01,35.0,6.34,,,,6.34,,,1.0,4.2,,,,,,,,,,,178.0,106.0,1.27,,,112.0,430.0,,,,,,
king_oyster_mushroom,King Oyster Mushroom,5,0.9508652687072754,34.28909079388145,6.74238,,2.5518,1.11,,0.345,0.0,0.062,0.0,0.0,,3.047,2.0,0.0,0.44211999999999996,0.0,0.09027500000000001,0.30691999999999997,5.414,1.294,0.109536,44.285,0.0,48.70000000000001,0.0,0.0,,1.8,1.0052400000000001,16.284,107.22,367.21999999999997,11.17986,0.72394,0.17708,,0.103158,,2.0764
kirschwasser,Kirschwasser,1,0.6355454325675964,400.0,60.0,,6.7,20.0,,6.67,0.0,0.0,,,,26.67,,,,0.0,1.0,,,,,,,,,,,0.0,4.8,213.0,667.0,867.0,0.0,10.0,,,,,
kissel,Kissel,1,0.6903340220451355,250.0,48.89,,4.1,6.12,,1.53,0.0,0.0,0.0,0.0,,10.2,0.0,0.32,0.0,0.0,0.403,0.209,3.37,,0.147,76.0,0.0,9.8,,1.5,,105.0,2.76,51.0,142.0,165.0,439.0,1.1,0.175,,,,28.7
kiwi,Kiwi,3,1.0,165.0,40.73,,1.9000000000000001,28.146666666666665,,0.37333333333333335,0.0,0.009666666666666667,0.0,0.0,,0.8033333333333333,4.0,1.3,0.0,55.96666666666667,0.027,0.025,0.37,,0.061,26.0,0.0,7.8,,39.05,,225.33333333333334,0.5599999999999999,16.0,34.0,186.33333333333334,81.66666666666667,0.14,0.134,,,,0.2
kluwek,Kluwek,1,0.6996920704841614,96.0,6.24,,0.1,4.15,,0.14,0.0,0.098,0.0,0.0,,0.1,0.0,0.0,0.0,0.0,0.006,0.031,0.224,,0.056,1.0,0.0,5.6,,0.4,,9.0,0.47,12.0,23.0,125.0,4.0,0.15,0.016,,,,0.2
kohlrabi,Kohlrabi,4,0.927556037902832,33.0,6.215,,3.6,2.6075,,0.7625,0.5,0.1865,0.0,0.0,,1.7049999999999998,5.0,0.58,0.0,59.775,0.04875,0.01975,0.39575000000000005,0.165,0.15075,15.5,0.0,12.375000000000002,,0.6499999999999999,,24.25,0.4025,19.0,46.25,350.75,51.5,0.03,0.12925,,0.139,,0.7
koji,Koji,3,0.7136894464492798,293.0,56.92333333333334,,11.700000000000001,39.25333333333334,,2.9599999999999995,0.0,0.0,,,,10.92,,,6250.0,45.0,,1.275,,,,,,,,,2655.0,83.0,5.446666666666666,,214.0,886.0,1466.3333333333333,,,,,,
kokum,Kokum,1,0.7115093469619751,428.0,64.15,,3.8,3.77,,15.09,0.0,7.55,,,,7.55,,,,1.1,,,,,,,,,,,,75.0,1.02,,,,1645.0,,,,,,
komatsuna,Komatsuna,1,0.6479399800300598,357.0,75.0,,3.6,3.57,,1.79,0.0,0.89,,,,10.71,,,0.0,,,,,,,,,,,,,21.0,1.79,,,254.0,0.0,,,,,,
kombu,Kombu,5,0.8823361992835999,121.6,24.544,,13.319999999999999,1.214,,0.002,0.0,0.0,0.0,0.0,,0.02,0.0,0.0,0.0,0.6666666666666666,0.50075,1.691,0.4235,,0.0425,13.5,1666.7275,0.0,,0.0,,340.0,0.10666666666666667,454.25,221.0,3269.0,1617.2,0.0,0.002,44333.0,0.0,,0.0
kombucha,Kombucha,5,1.0000004768371582,11.4,2.624,,0.04,2.034,,0.002,0.0,0.0,0.0,0.0,,0.10400000000000001,0.0,0.0,0.0,0.5,0.0015,0.048999999999999995,0.4235,,0.0425,13.5,0.125,0.0,,0.0,0.0,0.4,0.064,8.5,9.0,6.25,1.2,0.0,0.002,,,,0.0
konjac,Konjac,1,0.7036141157150269,17.0,2.86,,2.9,0.0,,0.48,0.0,0.0,,,,0.48,,,0.0,,,,,,,,,,,,,66.0,0.29,,,0.0,0.0,,,,,,
korean_bbq_sauce,Korean Bbq Sauce,5,1.0000003576278687,126.0,22.859999999999996,,1.475,17.695999999999998,,2.8619999999999997,0.0,0.0,,,,3.4519999999999995,,,0.0,0.0,,,,,,,,,,,0.0,4.75,1.03,,,326.0,1541.8,,,,,,
korean_rice_wine,Korean Rice Wine,5,0.7960554361343384,134.8,6.364,,0.1,2.2079999999999997,,6.698,0.0,0.8343999999999999,0.0,0.0,,0.834,0.0,1.8966666666666667,0.0,0.02,0.008,0.02033333333333333,0.266,,0.02266666666666667,2.3333333333333335,0.248,2.733333333333333,,9.966666666666667,,47.0,0.188,14.333333333333334,33.2,77.33333333333333,389.2,0.14666666666666667,0.015666666666666666,,,,1.8666666666666665
krill,Krill,1,0.7231687903404236,219.0,29.45,,0.7,14.38,,8.9,154.0,2.74,,,,6.16,,,,0.0,,,,,,,,,,,,41.0,1.23,,,465.0,72.0,,,,,,
kudzu_root,Kudzu Root,1,0.6877228617668152,72.0,17.34,,3.3,2.9,,0.15,0.0,0.025,0.0,0.0,,1.53,0.0,0.38,0.0,3.0,0.01,0.03,0.3,0.321,0.24,23.0,0.0,11.7,,1.6,,41.0,0.8,38.0,51.0,308.0,5.0,0.33,0.077,,0.232,,0.7
kumquat,Kumquat,2,0.9007113575935364,70.87284894837475,15.9,,6.5,9.36,,0.86,0.0,0.103,0.0,0.0,,1.88,15.0,0.15,0.0,43.9,0.037,0.09,0.429,0.208,0.036,17.0,0.0,8.4,,0.0,,62.0,0.86,20.0,19.0,186.0,10.0,0.17,0.095,,0.135,,0.0
kvass,Kvass,2,0.8302760720252991,64.5,12.915,,6.45,6.46,,0.0,0.0,0.0,,,,0.0,,,,7.75,,,,,,,,,,,,0.0,2.325,,,581.5,355.5,,,,,,
la_cam_leaf,La Cam Leaf,1,0.6775197982788086,93.21223709369023,17.31,,11.0,6.3,,2.12,0.0,0.336,0.0,0.0,,5.6,1376.0,2.0,0.0,11.1,0.04,0.354,2.362,0.231,0.4,83.0,0.0,12.8,,108.6,,363.0,2.63,95.0,91.0,272.0,9.0,0.67,0.415,,2.855,,0.9
la_giang_leaf,La Giang Leaf,1,0.6709797978401184,18.0,3.53,,2.4,1.18,,0.0,0.0,0.0,,,,1.18,,,0.0,4.2,,,,,,,,,,112.9,424.0,35.0,0.94,,,235.0,12.0,,,,,,
labneh,Labneh,1,0.687006413936615,127.0,9.65,,1.8,1.34,,9.66,0.0,1.503,0.0,0.0,,1.64,33.0,2.18,0.0,15.8,0.042,0.027,0.698,,0.069,20.0,0.0,5.9,,97.6,,20.0,0.74,22.0,39.0,154.0,495.0,0.3,0.062,,,,0.3
lacon,Lacon,1,0.7007572650909424,35.0,8.27,,0.7,7.4,,0.16,0.0,0.035,0.0,0.0,,0.66,88.0,0.04,0.0,12.3,0.04,0.02,0.43,,0.058,12.0,0.0,6.4,,1.9,,7.0,0.26,11.0,13.0,166.0,16.0,0.21,0.05,,,,0.9
ladyfinger,Ladyfinger,3,0.9411488175392151,355.0,70.71,,2.433333333333333,37.04666666666667,,5.153333333333333,142.33333333333334,1.023,0.036,0.004,,9.896666666666667,3.0,0.63,0.3,1.2333333333333334,0.284,0.428,2.104,,0.122,60.0,0.75,92.0,,0.2,,15.666666666666666,1.9566666666666668,12.0,173.0,72.66666666666667,134.33333333333334,1.14,0.095,,,,21.1
laksa_paste,Laksa Paste,5,0.806799590587616,253.8,49.8,,3.5799999999999996,39.5,,5.55,0.0,0.8,,,,2.8,,,,23.880000000000003,,,,,,,,,,,18.0,32.0,0.504,,,350.0,990.0,,,,,,
lamb,Lamb,5,0.887072741985321,282.210707456979,0.0,,0.0,0.0,,21.122000000000003,87.2,8.935199999999998,0.0,0.0,,21.434,0.0,0.164,0.1,0.0,0.1038,0.23359999999999997,6.3934,0.655,0.1358,18.6,2.4859999999999998,83.62,,4.62,,19.6,1.6920000000000002,22.8,183.0,291.6,133.6,4.1579999999999995,0.11699999999999999,,0.0215,,24.1
lambs_quarters,Lambs Quarters,5,0.7807378768920898,188.8,2.4299999999999997,,1.2,0.15,,12.562,58.4,5.0142,0.0,0.0,,16.272,194.0,0.6475000000000001,0.06000000000000001,23.16,0.1112,0.288,4.4235999999999995,0.4706666666666666,0.17560000000000003,20.2,1.5619999999999998,70.05000000000001,,124.10000000000001,,125.0,1.448,25.6,143.4,349.0,148.4,2.94,0.1734,,0.27666666666666667,,16.94
langoustine,Langoustine,1,0.6855694055557251,200.0,18.4,,0.0,4.8,,10.0,2.0,1.2,,,,9.2,,3.0,,6.0,0.0,0.36,1.92,1.0,0.8,96.0,0.6,52.0,,12.0,,80.0,1.72,20.0,80.0,92.0,96.0,2.08,0.2,,0.0,8.0,10.0
lard,Lard,3,1.0,923.0,0.0,,0.0,0.0,,100.0,77.0,46.15,,,,0.0,,,0.0,,,,,,,,,,,,,0.0,0.0,,,0.0,0.0,,,,,,
lavender,Lavender,5,0.8520426154136658,100.0,8.983999999999998,,0.34,8.388,,0.0,0.0,0.0,,,,0.10600000000000001,,,,3.2,,,,,,,,,,,0.0,341.4,18.0,,,719.0,4.2,,,,,,
lecithin,Lecithin,5,0.8630948066711426,567.4,1.4,,0.0,0.22000000000000003,,67.04,22.0,13.523,0.0,0.0,,9.879999999999999,56.4,4.967999999999999,0.12,0.0,0.0076,0.12840000000000001,0.0624,0.19039999999999999,0.029199999999999997,4.0,0.584,215.16000000000003,,110.94000000000001,,302.4,0.20800000000000002,11.2,198.4,55.2,246.0,1.292,0.0104,,0.004,,5.8
leek,Leek,3,0.9538198709487915,52.333333333333336,12.18,,1.5999999999999999,3.776666666666667,,0.19999999999999998,0.0,0.02666666666666667,0.0,0.0,,1.3933333333333333,83.0,0.92,0.0,12.0,0.06,0.03,0.4,0.14,0.233,64.0,0.0,9.5,,47.0,,45.666666666666664,1.5033333333333332,28.0,35.0,220.0,15.333333333333334,0.12,0.12,,0.481,,1.0
lemon,Lemon,5,0.8803286552429199,6.0,1.9120000000000001,,0.5599999999999999,0.548,,0.06,0.0,0.0078,0.0,0.0,,0.22000000000000003,1.0,0.15,0.0,25.55,0.04,0.02,0.1,,0.08,11.0,0.0,5.1,,0.0,,29.4,0.12,5.0,16.0,72.6,4667.4,0.06,0.037,,,,0.4
lemon_balm,Lemon Balm,5,0.8394649624824524,67.6,21.034,,4.24,16.302,,0.12,0.0,0.0156,0.0,0.0,,0.6,3.0,0.25,0.0,86.0,0.06,0.08,0.4,0.319,0.172,13.0,0.0,8.5,,0.0,0.0,75.8,0.32,140.0,12.0,562.25,7646.0,12.363333333333335,0.092,,,,0.7
lemon_leaf,Lemon Leaf,5,0.7898051142692566,34.2,7.9140000000000015,,0.0,5.246,,0.0,0.0,0.0,,,,0.0,,,0.0,4.9,,,,,0.057333333333333326,,0.34,,,,0.0,7.0,0.062,,,59.5,302.0,,,,,,
lemon_pepper,Lemon Pepper,5,1.0,0.0,0.0,,0.0,0.0,,0.0,0.0,0.0,,,,0.0,,,0.0,0.0,,,,,,,,,,,0.0,55.5,0.0,,,222.0,21418.8,,,,,,
lemon_verbena,Lemon Verbena,5,0.8570494055747986,302.6,36.769999999999996,,0.0,20.192,,16.066,32.4,4.862,,,,2.468,,,0.0,1.0,0.0,0.243,2.857,,,86.0,,,,,118.0,14.2,1.0579999999999998,,,25.666666666666668,327.2,,,,,,
lemongrass,Lemongrass,5,0.9528273344039917,113.97934990439771,25.318,,1.3,5.286666666666666,,0.708,0.0,0.0595,,,,3.404,0.0,,0.0,1.475,0.065,0.135,1.101,0.05,0.06833333333333334,75.0,0.0,,,6.8,0.0,36.4,5.3675,43.666666666666664,71.0,481.25,547.2,2.23,0.266,,5.224,,0.7
lentil,Lentil,5,0.8639904260635376,211.2,34.302,,7.159999999999999,1.4899999999999998,,2.774,0.0,0.525,0.0,0.0,,13.532,14.0,0.6300000000000001,0.0,2.46,0.49325,0.132,1.672,2.14,0.33375000000000005,299.0,0.0,59.50000000000001,,5.525,,26.6,3.8819999999999992,36.25,202.0,475.0,178.0,2.0675000000000003,0.46325000000000005,,1.393,,1.0
lettuce,Lettuce,5,0.8720616102218628,13.0,2.26,,0.9,0.48,,0.22000000000000003,0.0,0.028000000000000004,0.0,0.0,,1.33,375.0,0.15,0.0,3.7,0.064,0.077,0.321,0.144,0.1,36.0,0.0,11.8,,140.3,,33.0,1.2,12.0,28.0,187.0,25.0,0.2,0.028000000000000004,,0.203,,1.5
liangpi,Liangpi,1,0.6531078815460205,56.0,13.13,,1.0,11.62,,0.0,0.0,0.0,,,,0.51,,,,39.4,,,,,,,,,,,,20.0,0.18,,,106.0,0.0,,,,,,
licorice_root,Licorice Root,5,0.792410671710968,122.35334608030594,29.276,,2.12,13.569999999999999,,0.47000000000000003,0.0,0.1292,0.0,0.0,,1.55,0.0,0.24,0.0,3.0,0.023750000000000004,0.02925,0.568,0.20299999999999999,0.12925,8.5,0.0,24.225,,0.625,,24.4,0.558,33.25,26.0,259.6,251.8,0.265,0.17400000000000002,,0.229,,0.6249999999999999
light_soy_sauce,Light Soy Sauce,5,0.8785044550895691,44.8,6.541999999999999,,0.27999999999999997,2.928,,0.528,0.0,0.0032,0.0,0.0,,4.052,0.0,0.0,1.0,0.0,0.007,0.16774999999999998,0.439,,0.03,13.5,0.9375,3.7,,0.0,38.0,114.6,0.7380000000000001,16.75,33.25,172.2,1313.6,0.18,0.02,,,,0.4
lillet,Lillet,1,0.6835502982139587,19.0,4.64,,,4.64,,0.0,,0.0,,,,,,,,6.3,,,2.11,1.055,0.211,,0.63,,,,,4.0,,7.0,,51.0,,0.32,,,,,7.0
lily_bulb,Lily Bulb,2,0.7188459634780884,46.5,7.8100000000000005,,3.3,4.205,,1.7100000000000002,1.0,0.488,0.0,0.0,,1.33,56.5,0.845,0.0,11.8,0.01,0.0335,0.6665,,0.057,26.5,0.0,14.25,,68.4,,52.5,0.7849999999999999,18.0,53.5,443.0,127.0,0.21500000000000002,0.07050000000000001,,,,0.75
lima_bean,Lima Bean,5,0.9197041392326355,225.6,36.836,,11.22,4.74,,3.592000000000001,0.4,0.5926,0.0,0.0,,12.656,4.2,0.9799999999999999,0.0,2.46,0.2738,0.1122,0.9696,1.355,0.28840000000000005,191.2,0.0,57.8,,7.159999999999999,,44.8,4.248,113.6,214.0,937.0,169.0,1.626,0.41600000000000004,,1.672,,4.68
lime,Lime,5,0.9201837778091431,27.0,9.268,,1.36,1.69,,0.12200000000000003,0.0,0.013600000000000001,0.0,0.0,,0.5319999999999999,2.0,0.22000000000000003,0.0,29.639999999999997,0.026999999999999996,0.017,0.1652,0.1465,0.04,9.2,0.0,5.1,,0.6,,21.6,0.29400000000000004,7.2,15.6,111.0,2.0,0.092,0.0422,,0.0155,,0.22000000000000003
limewater,Limewater,5,0.8150687217712402,80.0,23.112000000000002,,0.0,20.444,,0.0,0.0,0.0,,,,0.8880000000000001,,,0.0,17.566666666666666,,,,,,,,,,,,0.75,0.0,,,3.5,0.2,,,,,,
limoncello,Limoncello,5,0.8215885758399963,412.2,57.60999999999999,,2.8400000000000003,39.029999999999994,,19.322,18.4,11.475999999999999,,,,3.432000000000001,,,0.0,1.8,,,,,,,,,,,,33.8,5.723999999999999,,,248.6,164.8,,,,,,
lingonberry,Lingonberry,5,0.7809077501296997,161.2,45.77,,3.3,32.96,,0.62,0.0,0.008400000000000001,0.0,0.0,,1.2959999999999998,1.5,0.7849999999999999,1.6666666666666667,8.35,0.35566666666666663,0.33166666666666667,3.392,,0.35799999999999993,75.0,0.9766666666666667,3.9,,10.7,,26.4,2.428,6.0,12.0,121.5,103.8,0.09,0.057999999999999996,,,,0.2
linguica,Linguica,5,0.7809324264526367,320.6,52.029999999999994,,2.84,1.442,,5.8500000000000005,45.0,1.6122,0.0,0.0,,13.578,0.0,0.3,0.13333333333333333,0.65,0.674,0.4306666666666667,7.171333333333334,,0.154,156.0,3.1,153.8,,1.2,,16.8,2.322,15.0,144.0,177.0,159.2,4.06,0.147,,,,13.1
lions_mane_mushroom,Lions Mane Mushroom,5,0.9608922004699707,33.89194975,7.1325875,,3.02125,2.33,,0.18275999999999998,0.0,0.0,,,,2.1990625,,,0.0304,0.0,0.14755833333333335,0.354225,3.249,,0.0921,31.689999999999998,,,,,,3.0,0.68668,12.909999999999998,101.60333333333334,320.96,60.22152,0.8134,0.17436666666666667,,0.18328333333333333,,2.7486666666666664
liqueur,Liqueur,3,0.9999999403953552,303.6666666666667,37.82666666666667,,0.0,35.016666666666666,,1.05,2.6666666666666665,0.539,0.0,0.0003333333333333333,,0.08333333333333333,8.0,0.023333333333333334,0.03333333333333333,0.0,0.004666666666666667,0.014666666666666666,0.05466666666666666,,0.0013333333333333333,0.0,0.0,0.6666666666666666,,0.06666666666666667,,2.0,0.04666666666666667,1.0,5.333333333333333,13.666666666666666,3.6666666666666665,0.03333333333333333,0.02366666666666667,,,,0.3333333333333333
liquid_smoke,Liquid Smoke,2,0.9999996423721313,0.0,0.0,,0.0,0.0,,0.0,0.0,0.0,,,,0.0,,,,0.0,,,,,,,,,,,0.0,0.0,0.0,,,,111.0,,,,,,
liquor,Liquor,5,0.8494898676872253,117.6,1.42,,0.0,0.0,,0.0,0.0,0.0,0.0,0.0,,0.254,0.0,0.0,0.0,0.0,0.010399999999999998,0.0196,0.2904,0.07666666666666667,0.0262,3.2,0.008,4.04,,0.0,,2.2,0.03,3.4,9.8,18.2,2.6,0.036000000000000004,0.011399999999999999,,0.007,,0.24
litsea_cubeba,Litsea Cubeba,5,0.7348403334617615,242.6,24.516,,1.1400000000000001,1.8980000000000001,,9.266,30.6,4.35,,,,13.134,,,0.0,0.0,0.0,0.387,3.6905,,,107.0,,,,,,234.2,1.658,24.0,,79.5,799.6,,,929.0,,,
liver,Liver,5,0.8600154519081116,133.4187380497132,1.316,,0.0,0.0,,5.06,379.6,1.7927999999999997,0.018,0.0036,0.022000000000000002,19.334,6078.2,0.46799999999999997,0.76,17.1,0.23959999999999998,2.2896,11.851600000000001,6.2565,0.961,557.6,31.017999999999994,249.46000000000004,,0.78,,12.4,8.396,21.6,326.6,247.2,157.6,3.4539999999999997,3.4364000000000003,,0.27549999999999997,,55.82000000000001
loach,Loach,1,0.7008529305458069,60.0,3.31,,1.0,1.82,,1.86,19.0,0.321,0.234,0.113,,7.55,30.0,0.53,4.8,8.9,0.035,0.084,2.623,,0.158,20.0,1.54,34.9,,23.1,,88.0,0.51,18.0,135.0,270.0,145.0,0.4,0.063,,,,11.7
lobster,Lobster,5,1.000000238418579,104.1751434034417,0.43200000000000005,,0.0,0.16,,2.306,142.4,0.4676,0.095,0.1285,,18.708000000000002,3.25,1.0875000000000001,0.05,0.65,0.0405,0.03425,1.5065,1.449,0.10049999999999999,9.5,1.1099999999999999,77.625,0.0,0.975,,92.4,0.682,37.25,172.25,191.75,557.2,3.3074999999999997,1.146,,0.056,,60.875
loganberry,Loganberry,5,0.8252573609352112,114.39426386233269,27.104000000000003,,3.12,12.206,,0.954,0.0,0.0021999999999999997,0.0,0.0,,2.8659999999999997,2.0,0.87,0.0,13.020000000000001,0.025,0.14450000000000002,2.42,0.244,0.065,53.0,0.0,8.5,,7.8,3.0,43.8,0.784,21.0,26.0,127.25,95.2,0.34,0.117,,1.247,,0.2
long_pepper,Long Pepper,5,0.8678199648857117,32.2,4.09,,0.64,3.22,,0.714,0.0,0.0,,,,0.65,,,,85.17999999999999,,,,,,,,,,,0.0,0.0,0.156,,,1217.0,94.2,,,,,,
longan,Longan,4,0.8036368489265442,164.02246653919696,35.050000000000004,,0.8333333333333334,8.85,,2.5475000000000003,7.75,1.46,,,,2.93,,,,37.699999999999996,0.035500000000000004,0.32,0.65,,,,0.0,,,,,30.25,1.56,28.0,108.5,334.3333333333333,39.5,0.135,0.48800000000000004,,0.15,,
longaniza,Longaniza,1,0.6904674172401428,60.0,15.14,,1.1,,,0.1,0.0,,,,,1.31,,,,84.0,0.031,0.14,0.3,,,,0.0,,,,,1.0,0.13,10.0,21.0,266.0,0.0,0.05,0.169,,0.052,,
loquat,Loquat,5,0.8490411639213562,56.59961759082218,13.644,,3.62,9.36,,0.46399999999999997,0.0,0.0652,0.0,0.0,,1.01,51.6,0.15,0.0,18.16,0.0262,0.0504,0.2796,0.208,0.0744,15.2,0.0,8.4,,0.0,,34.4,0.512,15.8,23.8,234.0,4.6,0.09800000000000002,0.062,,0.14475,,0.36
loquat_leaf,Loquat Leaf,5,0.7774032354354858,42.86730401529637,10.408,,2.06,0.0,,0.16,0.0,0.032,0.0,0.0,,0.866,76.0,,0.0,1.64,0.019,0.024,0.18,,0.1,14.0,0.0,,,,750.0,38.8,0.6940000000000001,13.0,27.0,298.0,54.8,0.05,0.04,,0.148,,0.6
lotus_flower,Lotus Flower,5,0.7498836517333984,131.3323135755258,26.344,,4.266666666666667,0.49,,1.0619999999999998,0.4,0.23280000000000003,0.0,0.0,,5.256,3.0,0.39,0.0,22.9,0.2508,0.128,0.624,0.45825,0.308,33.2,0.0,24.8,,2.2,,64.6,1.534,66.6,214.0,639.8,50.2,0.48600000000000004,0.23359999999999997,,0.8652500000000001,,0.6666666666666666
lotus_leaf,Lotus Leaf,5,0.7576921582221985,131.3323135755258,26.344,,4.266666666666667,0.49,,1.0619999999999998,0.4,0.23280000000000003,0.0,0.0,,5.256,3.0,0.39,0.0,22.9,0.2508,0.128,0.624,0.45825,0.308,33.2,0.0,24.8,,2.2,,64.6,1.534,66.6,214.0,639.8,50.2,0.48600000000000004,0.23359999999999997,,0.8652500000000001,,0.6666666666666666
lotus_root,Lotus Root,3,0.9251037240028381,78.55385595920968,16.656666666666666,,4.266666666666667,0.49,,0.9366666666666666,0.6666666666666666,0.24866666666666667,0.0,0.0,,2.2466666666666666,3.6666666666666665,0.39,0.0,38.166666666666664,0.14766666666666667,0.15,0.36366666666666664,0.377,0.24766666666666667,11.333333333333334,0.0,24.8,,2.2,,38.666666666666664,1.0633333333333332,22.333333333333332,92.0,488.0,81.66666666666667,0.3666666666666667,0.24133333333333332,,0.261,,0.6666666666666666
lotus_seed,Lotus Seed,5,0.8690342903137207,189.93231357552582,15.950000000000003,,6.325,0.245,,10.668000000000001,0.4,1.6667999999999998,0.0,0.0,,6.674000000000001,3.0,0.39,0.0,28.625,0.1535,0.1225,0.38,0.3273333333333333,0.22775,15.5,0.0,24.8,,2.2,,42.0,7.128,30.75,111.0,453.8,51.6,0.34500000000000003,0.2045,,0.381,,0.6666666666666666
lovage,Lovage,1,0.68635493516922,550.0,48.39,,5.0,30.0,,35.0,0.0,7.5,,,,12.9,,,0.0,,,,,,,,,,,,,0.0,3.0,,,258.0,75.0,,,,,,
lucuma,Lucuma,1,0.666951596736908,600.0,53.33,,6.7,46.67,,43.33,0.0,6.67,,,,13.33,,,,0.0,,,,,,,,,,,,67.0,4.8,267.0,500.0,,33.0,,1.0,,1.0,,
luffa,Luffa,1,0.6935546398162842,61.0,14.86,,2.7,8.78,,0.68,0.0,0.0,,,,1.35,,,,93.2,,,,,,,,,,37.8,,41.0,0.24,,,311.0,0.0,,,,,,
luncheon_meat,Luncheon Meat,5,0.9285882711410522,222.1564053537285,2.9,,0.3,2.0060000000000002,,16.934,55.2,5.882199999999999,0.0002,0.0,,14.184000000000001,18.2,0.282,0.6199999999999999,1.9600000000000002,0.36479999999999996,0.19039999999999999,4.0464,0.473,0.3252,10.0,0.62,58.379999999999995,,1.02,,27.0,0.834,18.4,169.6,308.4,1140.2,1.596,0.064,,0.024,,25.939999999999998
lychee,Lychee,1,0.9999999403953552,48.0,0.01,,,11.2,,0.0,,,,,,0.0,,,,,,,,,,,,,,,,,,,,,12.0,,,,,,
lye_water,Lye Water,5,0.7600352764129639,24.6,6.214,,1.02,2.678,,0.018,0.0,0.00625,0.0,0.0,,0.27599999999999997,10.666666666666666,0.8933333333333332,0.0,3.44,0.00425,0.012666666666666666,1.1847500000000002,2.083,0.29125,5.666666666666667,0.6875,9.633333333333333,,2.575,,8.0,0.29400000000000004,4.25,9.0,79.75,5.8,0.30666666666666664,0.057666666666666665,,,,0.3666666666666667
mac_khen,Mac Khen,1,0.6659388542175293,61.0,14.86,,2.7,8.78,,0.68,0.0,0.0,,,,1.35,,,,93.2,,,,,,,,,,37.8,,41.0,0.24,,,311.0,0.0,,,,,,
mac_mat_fruit,Mac Mat Fruit,5,0.8492854833602905,138.0,27.1575,,2.06,15.37,,2.828,0.0,1.755,,,,0.54,,,0.0,1.95,0.01,0.06,0.12,,0.045,0.0,,,,,,3.0,0.388,5.2,10.0,108.8,84.2,0.02,0.052,,0.034,,
maca,Maca,5,0.7837026119232178,375.0,75.0,,25.0,35.0,,0.0,0.0,0.0,,,,20.0,,,0.0,0.0,0.6,0.6799999999999999,10.0,,,,,,,,,438.0,6.4799999999999995,160.0,,640.0,0.0,3.75,0.9,,1.0,,
macadamia_nut,Macadamia Nut,5,0.9652596116065979,648.756,27.31172,3.57,7.725199999999999,13.799999999999999,,58.206,0.0,9.166666666666666,,,,9.27028,,,0.0,26.46666666666667,0.6666666666666666,0.375,4.412,2.941,0.588,,1.32,,,29.4,,128.28400000000002,2.6864,100.53333333333335,187.9333333333333,349.23999999999995,70.6,1.5366666666666664,0.3753333333333333,22.0,5.32,,25.08
mace,Mace,1,0.6969996690750122,231.0,0.0,,0.0,0.0,,0.0,0.0,0.0,0.0,0.0,,0.0,0.0,0.0,0.0,0.0,0.006,0.004,0.013,,0.001,0.0,0.0,0.0,,0.0,,0.0,0.04,0.0,4.0,2.0,1.0,0.04,0.021,,,,0.0
mache,Mache,2,0.7193722128868103,134.5,18.0,,1.0,1.0,,2.425,63.5,0.674,0.0,0.0,,9.8,0.0,0.09,0.0,0.0,0.0,0.067,0.828,,0.008,4.0,1.09,203.4,,0.0,,36.0,1.03,14.0,67.0,70.0,212.5,1.48,0.073,,,,13.1
mackerel,Mackerel,5,0.8451941013336182,270.9827915869981,2.3440000000000003,,0.1,0.04,,19.954,81.2,5.3344,2.0797999999999996,1.1356000000000002,,19.172,57.2,2.2359999999999998,17.979999999999997,0.42000000000000004,0.0634,0.2318,4.6861999999999995,,0.3356,15.2,9.196,89.49999999999999,,7.1,,94.2,1.6039999999999999,48.6,236.2,417.4,2827.6,0.9960000000000001,0.10900000000000001,,,,57.760000000000005
madeira_wine,Madeira Wine,5,0.745208740234375,350.6,13.719999999999999,,0.58,4.006,,29.238,30.8,8.44,0.0,0.0,,11.576,0.0,0.0,0.0,0.0,0.0,0.1505,1.7645,,0.02,57.5,0.0,5.0,,0.0,129.0,299.4,0.698,10.0,15.0,126.66666666666667,522.0,0.08,0.011,,,,0.2
maggi_seasoning,Maggi Seasoning,5,0.9598721265792847,60.0,8.0,,0.0,0.0,,0.0,0.0,0.0,,,,0.0,,,0.0,0.0,,,,,,,,,,,,0.0,0.0,,,0.0,10760.0,,,,,,
mahi_mahi,Mahi Mahi,5,0.8833985328674316,110.0,0.704,,0.0,0.564,,2.582,65.0,0.708,,,,17.976,,,11.0,0.2,,,4.93,,0.352,,,,,,,15.2,1.032,,,385.75,163.6,,,,,,
mahleb,Mahleb,1,0.6483567357063293,200.0,45.0,,0.0,35.0,,0.0,0.0,0.0,,,,0.0,,,,0.0,,,,,,,,,,,,100.0,3.6,,,211.0,0.0,,,,,,
maitake_mushroom,Maitake Mushroom,5,0.9681952595710754,33.6229907791587,7.178875,,2.4541999999999997,3.25,,0.189,0.0,0.02525,0.0,0.0,,2.166625,0.0,0.01,14.450000000000001,0.5,0.06837499999999999,0.28228,6.2501999999999995,0.27,0.061,22.333333333333332,0.01,38.833333333333336,0.0,0.0,,1.6,0.28378000000000003,9.76,74.345,228.2,190.269,0.6682250000000001,0.33337999999999995,,0.0588,,5.86725
mala_sauce,Mala Sauce,5,0.7802727222442627,102.6,20.916,,0.9800000000000001,16.860000000000003,,1.782,1.8,0.702,,,,0.6539999999999999,,,0.0,3.65,,,,,,,,,,,141.5,13.0,0.892,,,267.3333333333333,1083.0,,,,,,
malabar_spinach,Malabar Spinach,5,0.7515117526054382,23.183556405353727,3.63,,2.2,0.42000000000000004,,0.39,0.0,0.063,0.0,0.0,,2.86,469.0,2.03,0.0,28.1,0.078,0.189,0.724,0.065,0.195,194.0,0.0,19.3,,482.9,,99.0,2.71,79.0,49.0,558.0,79.0,0.53,0.13,,0.897,,1.0
malanga,Malanga,1,0.6897004842758179,336.0,39.66,,1.7,1.72,,17.24,0.0,9.48,,,,4.31,,,0.0,,,,,,,,,,,,,13.0,0.86,,,103.0,353.0,,,,,,
mallow,Mallow,1,0.7821875214576721,400.0,80.0,,3.3,43.33,,3.33,0.0,0.0,,,,6.67,,,,0.0,0.0,0.113,0.0,,0.0,27.0,0.0,,,,,333.0,2.4,,,200.0,667.0,1.0,,,,,
malt,Malt,5,0.8445159792900085,108.71395793499043,20.894,,1.42,5.3340000000000005,,0.41600000000000004,0.0,0.0868,0.0,0.0,,2.21,0.2,0.118,0.0,0.8800000000000001,0.0754,0.0908,1.6974,0.16799999999999998,0.15360000000000001,14.8,0.01,6.15,,0.44000000000000006,,11.6,0.9780000000000001,24.0,71.0,60.0,9.0,0.438,0.059800000000000006,,0.246,,8.08
malt_vinegar,Malt Vinegar,5,0.8324475288391113,20.106309751434033,0.5740000000000001,,0.0,0.25600000000000006,,0.0,0.0,0.0,0.0,0.0,,0.0,0.0,0.0,0.0,0.0,0.0,0.0,0.0,0.0,0.0,0.0,0.0,0.0,,0.0,,6.6,0.13200000000000003,3.4,6.4,44.6,3.8,0.028000000000000004,0.0072,,0.17140000000000002,,0.26
maltose,Maltose,5,0.7382927536964417,156.8,32.33,,0.08,28.774,,0.5900000000000001,1.6,0.23900000000000002,0.0,0.0,,0.9239999999999998,26.0,0.504,0.27999999999999997,7.279999999999999,0.0834,0.11820000000000001,0.7536,0.148,0.14640000000000003,16.6,0.11000000000000001,10.779999999999998,,9.040000000000001,,34.4,0.19,8.0,29.0,50.4,15.0,0.22200000000000003,0.022,,0.005,,1.16
manchego_cheese,Manchego Cheese,3,0.9999998807907104,429.0,0.0,0.0,0.3,0.0,,35.71,113.0,25.0,,,,23.810000000000002,,,0.0,0.0,,,,,,,,,,,,774.0,0.0,,,0.0,642.6666666666666,,,,,,
mandarin_fish,Mandarin Fish,5,0.8295825719833374,148.8130019120459,3.008,7.86,0.36,13.27,,7.648000000000001,52.8,1.8148,0.689,0.969,,15.812000000000001,30.5,,,17.04,0.10200000000000001,0.12,4.5,0.7949999999999999,0.305,4.5,5.65,,,0.1,0.0,42.4,0.8200000000000001,31.0,192.5,347.8,45.2,0.525,0.0615,,0.03,,36.5
mango,Mango,5,0.9999995827674866,119.4,29.634000000000004,,2.2,24.404000000000003,,0.286,0.0,0.05620000000000001,0.0,0.0,,1.052,44.0,0.79,0.0,39.019999999999996,0.0225,0.033,0.5605,,0.10200000000000001,31.0,0.0,6.65,,3.7,161.0,14.0,0.22999999999999998,9.0,12.0,194.5,35.8,0.08,0.094,,,,0.55
mangosteen,Mangosteen,5,0.8214524388313293,82.2,20.844,,1.08,20.486666666666668,,0.30999999999999994,0.0,0.04,,,,0.286,2.0,,0.0,13.780000000000001,0.054,0.054,0.286,0.032,0.018,31.0,0.0,,,,129.0,7.4,0.142,13.0,8.0,89.75,79.8,0.21,0.069,,0.102,,
mantis_shrimp,Mantis Shrimp,5,0.816813588142395,181.6,5.368,,0.05,0.6024999999999999,,3.556,130.8,0.735,0.0535,0.052,0.002,19.648000000000003,63.0,2.41,0.1,0.525,0.067,0.04,2.181,,0.172,24.0,1.03,90.5,,5.6,0.0,55.2,1.19,30.5,243.5,196.33333333333334,333.8,1.225,0.299,,0.033,,33.3
maple_syrup,Maple Syrup,5,0.9999998211860657,279.0,54.42800000000001,,0.0,48.98800000000001,,5.853999999999999,12.8,2.73275,0.0,0.0,,3.2959999999999994,0.0,0.0,0.0,0.0,0.066,1.27,0.081,0.036,0.002,0.0,0.0,1.6000000000000003,,0.0,,90.2,0.21800000000000003,21.0,2.0,215.25,205.4,1.2774999999999999,0.018,,2.756,,0.6
mapo_tofu_sauce,Mapo Tofu Sauce,5,0.8016805648803711,205.87189292543022,12.354,,1.58,3.476,,15.478,0.0,2.0363999999999995,0.0,0.0,,3.9840000000000004,2.0,2.4,0.0,5.08,0.03333333333333333,0.04,0.09,0.124,0.03933333333333333,10.666666666666666,0.0,26.2,,53.4,99.5,36.2,0.43600000000000005,52.0,49.0,140.0,667.0,0.4,0.09,,0.399,,1.6
maraschino_cherry,Maraschino Cherry,5,0.9561253190040588,133.0,40.394,40.0,0.64,35.754000000000005,,0.041999999999999996,0.0,0.0078,0.0,0.0,,0.044,2.0,0.05,0.0,0.0,0.0,0.0,0.004,,0.005,0.0,0.0,4.3,,1.5,,10.8,0.086,4.0,3.0,8.2,0.8,0.26,0.143,,,,0.2
maraschino_liqueur,Maraschino Liqueur,5,0.8125059008598328,161.7827915869981,39.428,40.0,1.28,38.162000000000006,,0.10600000000000001,0.0,0.0156,0.0,0.0,,0.088,1.3333333333333333,0.03333333333333333,0.0,0.0,0.0013333333333333333,0.0029999999999999996,0.005333333333333333,0.054,0.0036666666666666666,0.0,0.0,2.8666666666666667,,1.0,,21.6,0.18,2.6666666666666665,3.0,8.8,1.8,0.18333333333333335,0.10066666666666667,,0.012,,0.20000000000000004
margarine,Margarine,5,0.8796226382255554,458.68374760994266,1.1640000000000001,,0.0,0.0,,50.878,0.2,10.6472,0.0,0.0,2.2,0.22400000000000003,1132.8,14.094,9.22,0.06000000000000001,0.0058,0.014599999999999998,0.01,0.03,0.9054,2.0,0.05600000000000001,11.959999999999999,,83.62,,8.4,0.034,1.6,8.2,39.0,635.8,0.012,0.0048000000000000004,,0.005,,0.0
marinara_sauce,Marinara Sauce,5,0.9999999403953552,67.2,7.5680000000000005,2.4,1.5599999999999998,4.436,,2.18,7.0,0.168,,,,4.430000000000001,,,0.0,8.280000000000001,,,,,0.179,,,,,,75.66666666666667,18.0,0.676,,,329.5,414.8,,,,,,
marjoram,Marjoram,2,0.7715750336647034,271.51051625239006,60.56,,40.3,4.09,,7.04,0.0,0.529,0.0,0.0,,12.66,403.0,1.69,0.0,51.4,0.289,0.316,4.12,,1.19,274.0,0.0,43.6,,621.7,,1990.0,82.71,346.0,306.0,1522.0,77.0,3.6,1.133,,5.433,,4.5
marlin,Marlin,1,0.7018799781799316,533.0,0.86,,0.0,0.0,,59.81,1.0,12.086,0.0,0.0,,0.17,819.0,21.12,3.7,0.1,0.007,0.026,0.016,,3.75,1.0,0.0,10.2,,101.3,,21.0,0.0,2.0,16.0,30.0,674.0,0.0,0.0,,,,0.0
marmite,Marmite,4,0.7289069294929504,543.75,0.8999999999999999,,0.0,0.0,,60.86749999999999,0.5,12.1965,0.0,0.0,,0.20750000000000002,946.75,15.415,3.7,0.1,0.00775,0.024,0.015000000000000001,,1.6435,1.25,0.045,11.45,,92.025,,11.5,0.0275,2.0,10.0,30.0,676.25,0.005,0.0015,,,,0.0
marsala_wine,Marsala Wine,5,0.8223255276679993,140.2,8.760000000000002,,0.8400000000000001,1.984,,7.397999999999999,34.4,3.7512,0.0,0.001,,8.684000000000001,43.0,0.58,0.25,0.86,0.0495,0.267,5.331,0.588,0.23950000000000002,17.0,1.6,87.9,,16.7,0.0,18.2,0.65,20.0,110.0,132.33333333333334,269.4,0.875,0.123,,0.0,,14.45
marshmallow,Marshmallow,5,0.8930360078811646,294.0,67.70599999999999,,1.8399999999999999,40.534000000000006,,1.338,1.6,0.18640000000000004,0.0,0.0,,4.03,0.0,0.0,0.0,10.459999999999999,0.4004,0.3938,4.66,0.909,0.45179999999999987,154.2,1.39,0.1,,1.2,,97.6,8.42,2.0,30.666666666666668,89.6,214.8,2.9339999999999997,0.096,11.0,0.0,,2.8666666666666667
marzipan,Marzipan,3,0.8146835565567017,520.0,55.76333333333333,,3.4,48.68,,27.316666666666666,0.0,9.86,,,,8.386666666666667,,,0.0,0.0,,,,,,,,,,,,69.33333333333333,3.1266666666666665,,,356.6666666666667,22.666666666666668,,,,,,
masa_harina,Masa Harina,3,0.8547090888023376,221.0,46.455,,4.973333333333334,0.215,,2.813333333333334,0.0,0.071,0.0,0.0,,4.58,0.0,0.03,0.0,0.0,0.221,0.109,1.4665,,0.1525,18.0,0.0,2.2,,0.0,,74.66666666666667,1.6466666666666665,61.95,165.0,208.0,95.82333333333334,1.02,0.1005,,0.364,,2.8
mascarpone_cheese,Mascarpone Cheese,5,0.7825448513031006,389.0,1.55,,0.0,1.55,,31.139999999999997,116.0,19.196,0.0,0.0,,25.6,261.0,0.27,0.6,0.0,0.021,0.20400000000000001,0.15,,0.083,6.0,1.6800000000000002,15.4,,2.6,,550.0,0.23000000000000004,14.0,346.0,64.0,800.0,3.5,0.025,,,,14.5
masoor_dal,Masoor Dal,5,0.8751748204231262,251.4,60.848,,8.22,1.23,,0.8619999999999999,2.0,0.5016,0.0,0.0,,16.83,33.0,0.22,0.0,3.0,0.0805,0.07,0.505,,0.17,172.0,0.0,32.0,,2.0,,38.6,4.292,34.0,172.0,593.0,61.8,1.21,0.239,,,,2.7
mastic,Mastic,1,0.6687516570091248,0.0,0.0,,0.0,0.0,,0.0,0.0,0.0,,,,0.0,,,,0.0,,,,,,,,,,,,0.0,0.0,0.0,,0.0,0.0,,,,,,
matambre,Matambre,1,0.6901907324790955,16.0,3.23,,0.0,3.23,,0.0,0.0,0.0,,,,0.0,,,,0.0,,,,,,,,,,,,0.0,2.32,,,,1000.0,,,,,,
matcha_powder,Matcha Powder,5,0.9128034710884094,165.4,56.678,,10.16,18.752,,0.8140000000000001,0.0,0.1025,,,,6.638,,,0.0,15.8,,,,,,13.0,,,,,,197.75,5.4275,20.0,33.0,783.6,0.6,,,,,,
matsoni,Matsoni,1,0.7276390790939331,467.0,3.33,0.0,0.0,3.33,,43.33,33.0,16.67,,,,20.0,,,2.0,0.0,,,,,,,,,,,129.0,0.0,2.4,,,357.0,2033.0,,,,,,
matsutake_mushroom,Matsutake Mushroom,5,0.7818284034729004,208.5666029318037,52.51,,7.596000000000001,2.2666666666666666,,0.8233333333333333,0.0,0.225,0.0,0.0,,7.133333333333333,0.0,0.0,2.733333333333333,3.5,0.205,0.919,10.692333333333332,15.086,0.741,113.0,0.0,201.7,,0.0,,8.0,1.2833333333333334,94.66666666666667,233.33333333333334,1124.0,11.666666666666666,5.45,3.4906666666666664,,0.8606666666666666,,32.63333333333333
matzo,Matzo,5,0.8776517510414124,356.6,72.786,,2.02,2.074,,2.066,16.6,0.045200000000000004,0.0,0.0,,10.832,0.0,0.06,0.0,0.0,0.6935,0.3275,4.803,,0.115,187.0,0.0,10.8,,0.3,0.0,21.6,2.13,25.0,89.0,81.0,103.6,0.68,0.06,,,,36.9
mayonnaise,Mayonnaise,5,0.9094575643539429,344.2718929254303,5.831999999999999,0.0,0.8400000000000001,1.814,,34.352,21.8,4.175,0.00125,0.0,,2.612,5.5,2.654,0.05,0.0,0.029500000000000002,0.02475,0.0475,0.124,0.0125,6.25,0.03,23.900000000000002,,67.45,120.0,24.0,0.17,26.75,36.5,40.4,732.8,0.255,0.0545,,0.399,,2.025
mead,Mead,5,0.7420054078102112,365.0,72.244,,5.38,38.0,,7.522,0.0,4.200200000000001,0.0,0.0,,10.088,0.0,0.0,0.0,0.06,10.99,4.0,40.2,,1.5,2340.0,0.07,32.0,,0.4,,46.0,0.434,54.0,637.0,955.0,250.2,7.94,0.436,,,,7.9
meat,Meat,5,0.8985126614570618,154.2,1.718,,0.32,1.0939999999999999,,8.218,58.2,3.9496,0.001,0.002,,19.272,4.0,0.14,0.13333333333333333,0.38,0.1745,0.23299999999999998,5.2115,,0.44699999999999995,5.5,2.4050000000000002,84.7,,1.3,,9.4,3.048,21.0,208.0,305.0,307.2,7.29,0.0865,,,,33.7
meat_extract,Meat Extract,5,0.8100340366363525,192.0,28.709999999999997,,0.2,8.23,,1.156,4.0,0.5075,0.0,0.0,,0.9959999999999999,0.0,0.0,0.0,4.2,0.011000000000000001,0.09500000000000001,0.425,0.035,0.026,0.0,0.0,,,0.0,,12.25,0.305,12.0,6.0,148.0,79.0,0.11,0.072,,0.23,,0.0
meat_floss,Meat Floss,5,0.7669240832328796,84.3866156787763,7.704000000000001,,0.7,3.822,,3.25,10.6,1.4128,0.0,0.0002,,6.074,30.2,0.184,0.06,5.18,0.0782,0.08979999999999999,1.4362,0.3,0.12,15.4,0.338,33.720000000000006,,6.36,,22.6,0.792,19.6,78.0,224.2,5005.8,0.54,0.0414,,0.386,,7.980000000000001
meat_stock,Meat Stock,5,0.9273659586906433,5.6,0.49799999999999994,,0.0,0.33199999999999996,,0.0,0.8,0.0,,,,0.744,,,0.0,0.0,,,,,,,,,,,7.5,1.6,0.008,,,8.6,160.0,,,,,,
meat_tenderizer,Meat Tenderizer,4,1.0000003576278687,155.5,17.355,,8.75,0.0,,1.485,0.0,0.212,,,,20.855,2.0,,0.0,0.0,0.702,0.891,22.021,1.492,1.336,198.0,6.0,,,,,102.0,5.995,216.0,639.0,951.0,17789.0,2.21,0.304,,0.271,,7.4
mei_kuei_lu_wine,Mei Kuei Lu Wine,3,0.7268341779708862,288.0,11.19,,0.0,8.89,,17.856666666666666,77.33333333333333,7.1433333333333335,,,,19.046666666666667,,,0.0,1.8,,,,,,,,,,,,13.0,1.3333333333333333,,,700.0,1190.6666666666667,,,,,,
melinjo,Melinjo,1,0.6681137681007385,390.0,76.6,,6.3,0.94,,3.2,0.0,0.445,0.0,0.0,,12.1,0.0,0.43,0.0,0.0,0.413,0.273,4.113,,0.098,124.0,0.0,19.8,,0.9,,93.0,3.7,59.0,196.0,202.0,598.0,2.01,0.289,,,,34.8
melon,Melon,5,0.8470879793167114,32.935251,8.14995,7.028999999999999,,,,0.2163,,,,,,0.53125,,,,15.73,,,,,,,,,,,,6.578999999999999,0.0,9.504,11.74,208.9,21.15,0.05999,0.009075,,0.03545,,
melon_liqueur,Melon Liqueur,5,0.8321014642715454,82.75984703632885,13.167999999999997,7.88,0.64,33.27,,0.16599999999999998,0.0,0.0,0.0,0.0,,0.6559999999999999,185.6,0.0,0.0,8.72,0.04,0.023399999999999997,0.5568,0.085,0.0322,11.2,0.0,0.0,,2.16,,7.2,0.312,10.4,14.2,126.0,24.2,0.358,0.07120000000000001,,0.046,,1.4
melon_seed,Melon Seed,5,0.7850752472877502,534.0,28.880000000000003,,27.3,1.55,,42.16,0.0,3.6629999999999994,0.0,0.0,,18.29,0.0,0.31,0.0,0.6,1.6439999999999997,0.161,3.08,0.985,0.473,87.0,0.0,78.7,,4.3,,255.0,5.73,392.0,642.0,813.0,30.0,4.34,1.22,,2.482,,25.4
mentaiko,Mentaiko,1,0.6824888586997986,325.0,67.86,,0.4,3.21,,1.07,0.0,0.0,,,,10.36,,,0.0,,,,,,,,,,,,,34.0,8.21,,,279.0,1700.0,,,,,,
mentsuyu,Mentsuyu,1,0.6671172976493835,131.0,27.54,,,,,0.18,0.0,0.025,,,,4.0,0.0,,0.0,0.0,0.02,0.033,0.097,0.172,0.013,2.0,0.0,,,,,8.0,0.52,2.0,27.0,29.0,161.0,0.22,0.025,,0.251,,
merguez,Merguez,2,0.7456862330436707,366.5,44.0,,0.0,44.0,,16.585,36.5,7.25,,,,9.29,,,,0.0,,,,,,,,,,,,0.0,0.75,,,251.0,280.0,,,,,,
meringue,Meringue,5,0.8957896828651428,322.0,69.648,,0.16,66.454,,3.2239999999999993,0.8,1.5859999999999999,0.0,0.0,,3.6979999999999995,0.0,0.0,0.0,0.0,0.0006666666666666666,0.07066666666666667,0.017333333333333333,,0.003,2.0,0.04,0.5,,0.0,,1.0,0.274,6.0,8.0,88.0,131.6,0.02,0.018,,,,9.9
mesquite,Mesquite,5,0.8629381060600281,202.0,32.97,,6.8199999999999985,18.592,,0.274,5.0,0.118,,,,8.392,,,,3.3,,,,,,,,,,,,7.6,0.11200000000000002,,,109.5,3179.2,,,,,,
metaxa,Metaxa,1,0.6621255874633789,,82.98,,12.8,10.64,,2.13,0.0,0.0,,,,10.64,,,,12.8,1.0,0.904,,,1.064,,3.19,,,,,213.0,30.64,85.0,319.0,362.0,574.0,11.17,,,,,
mettwurst,Mettwurst,5,0.8045371770858765,269.8,3.846,,0.5,1.3699999999999999,,22.426000000000002,93.0,8.334999999999999,0.0,0.0,,11.796000000000001,4091.0,,,4.9799999999999995,0.272,1.03,4.3,2.95,0.19,30.0,13.46,,,,,41.0,3.7239999999999993,12.0,230.0,170.0,604.0,2.3,0.24,,0.155,,58.0
mezcal,Mezcal,1,0.6957618594169617,357.0,73.21,,1.8,1.79,,1.79,0.0,0.0,,,,14.29,,,,0.0,0.0,0.0,0.0,,,,,,,,,0.0,0.0,,,,0.0,,,,,,
microgreen,Microgreen,5,0.8586419820785522,56.54990439770554,6.640000000000001,,3.04,0.295,,1.478,0.0,0.1572,,,,4.804,9.0,,0.0,26.779999999999994,0.10875,0.19474999999999998,1.54425,0.22525,0.16725,106.4,0.0,,,213.075,,134.8,13.504,67.6,112.75,416.8,21.2,0.7200000000000001,0.4478,19.0,0.9094,,14.625
miiuy_croaker,Miiuy Croaker,1,0.6449291706085205,103.96749521988528,0.0,,0.0,0.0,,3.17,61.0,1.088,0.097,0.123,,17.78,12.0,1.29,0.7,0.0,0.075,0.095,4.2,0.75,0.3,15.0,2.5,67.0,,0.1,,15.0,0.37,40.0,210.0,345.0,56.0,0.42,0.042,,0.025,,36.5
milk,Milk,5,0.8766259551048279,60.28537284894837,5.702500000000001,,0.0,5.5075,,2.8600000000000003,10.8,1.6794,0.0,0.0002,0.009,3.2075,62.0,0.15600000000000003,1.275,0.85,0.059250000000000004,0.13625,0.2466,0.34199999999999997,0.067,2.4,0.47750000000000004,16.74,,0.25,,124.2,0.158,12.0,94.4,167.8,49.0,0.5239999999999999,0.023,,0.0026666666666666666,,1.8800000000000001
milk_bread,Milk Bread,5,0.8331115245819092,369.2,47.27399999999999,,2.24,14.088000000000003,,14.651999999999997,7.2,6.070600000000001,0.0,0.0,,9.501999999999999,23.0,1.0833333333333333,0.8500000000000001,0.0,0.60475,0.2915,3.4795000000000003,0.35,0.08333333333333333,105.5,0.18000000000000002,8.866666666666667,,22.099999999999998,0.0,115.0,2.4520000000000004,35.666666666666664,149.66666666666666,203.5,500.8,1.1133333333333333,0.17566666666666664,,0.366,,21.0
milk_chocolate,Milk Chocolate,5,0.9999998211860657,514.8,56.272000000000006,,0.96,52.89200000000001,,26.97,12.0,17.806000000000004,,,,4.356,,,,0.0,,,,,,,,,,,,163.8,1.568,,,,65.2,,,,,,
milk_tea,Milk Tea,5,0.8563005924224854,701.6,85.122,,2.52,51.482000000000006,,28.162,20.8,14.466800000000001,0.0,0.0,,19.696,27.0,2.01,0.5,39.78,3.009,3.430333333333333,43.777,16.3395,4.395333333333333,3.0,0.26,8.6,,0.1,,939.2,12.626000000000001,351.0,1167.6666666666667,1566.0,173.8,22.993333333333336,2.5879999999999996,,,,0.9
milk_tofu,Milk Tofu,5,0.8591733574867249,165.2336520076482,6.488000000000001,,2.38,0.53,,9.656,0.0,1.3414,0.0,0.0,,16.42,14.0,0.31,0.0,0.64,0.277,0.1685,0.7145,0.415,0.153,49.0,0.0,48.4,,3.5,0.0,190.2,3.098,49.5,260.5,75.4,13.4,2.605,0.627,,3.689,,33.65
milkfish,Milkfish,5,0.753347635269165,232.6604206500956,15.000000000000004,,0.5799999999999998,0.962,,10.306000000000001,48.8,2.4490000000000003,0.2894,0.1216,0.045,18.747999999999998,34.8,1.57,7.4399999999999995,0.0,0.2096,0.15860000000000002,7.1994,1.03,0.4524,41.6,2.5260000000000007,69.2,,3.6400000000000006,,38.2,1.5179999999999998,31.6,248.2,344.2,358.6,0.66,0.0744,,0.011,,35.760000000000005
millet,Millet,5,1.0000005960464478,267.221414913958,54.684000000000005,,5.42,0.2025,,2.5900000000000003,0.0,0.34720000000000006,0.0,0.0,,8.206,0.0,0.1875,0.0,0.0,0.25575000000000003,0.181,2.9485,0.5095,0.24,50.5,0.0,15.166666666666666,,0.725,0.0,4.4,2.016,77.0,187.75,119.8,37.4,1.27,0.44325,,0.952,,1.85
milo,Milo,1,0.6738067865371704,371.0,2.79,,0.0,0.51,,29.68,94.0,18.764,0.0,0.0,,23.24,292.0,0.26,0.5,0.0,0.014,0.351,0.118,,0.065,20.0,1.26,15.4,,2.5,,674.0,0.43,24.0,451.0,136.0,560.0,2.6,0.024,,,,14.5
milt,Milt,2,0.8173471093177795,242.5,48.45,,7.300000000000001,0.065,,2.165,0.0,0.0855,0.0,0.0,,6.75,0.0,0.02,0.0,0.0,0.106,0.082,1.324,,0.108,19.0,0.0,11.2,,0.3,0.0,1.5,1.815,44.0,100.0,151.0,87.5,0.91,0.16,,,,0.9
mincemeat,Mincemeat,5,0.7322827577590942,297.2,64.076,,2.5,19.759999999999998,,1.416,5.6,0.136,,,,7.606,,,0.0,0.0,0.5,0.442,5.202500000000001,,0.27,209.5,,,,,,179.0,1.258,91.0,233.0,160.75,152.8,,,,,,
mint,Mint,5,0.8475483655929565,346.2,55.910000000000004,,5.42,28.189999999999998,,10.446,2.0,5.75,0.0,0.0,,4.6240000000000006,0.0,0.0,0.0,0.0,0.003,0.003,0.0065,,0.0015,0.0,0.0,0.0,,0.0,0.0,37.6,2.366,1.0,41.666666666666664,148.2,87.4,0.025,0.0155,,,,0.3
mirasol_chile,Mirasol Chile,5,0.758965253829956,84.8,7.403999999999999,,0.7,11.82,,3.098,7.2,1.6780000000000002,,,,3.056,,,0.0,5.159999999999999,0.0,0.0,0.0,,,,,,,,43.0,77.4,0.614,,,0.0,506.6,,,,,,
mirepoix,Mirepoix,1,0.8284758925437927,41.0,9.06,,2.2,4.09,,0.19,0.0,0.044,0.0,0.0,,1.02,212.0,0.26,0.0,5.7,0.045,0.053,0.494,,0.11,26.0,0.0,7.5,,11.5,,34.0,0.16,12.0,33.0,230.0,51.0,0.19,0.039,,,,0.3
mirin,Mirin,1,0.7088673710823059,41.0,9.06,,2.2,4.09,,0.19,0.0,0.044,0.0,0.0,,1.02,212.0,0.26,0.0,5.7,0.045,0.053,0.494,,0.11,26.0,0.0,7.5,,11.5,,34.0,0.16,12.0,33.0,230.0,51.0,0.19,0.039,,,,0.3
miso,Miso,5,1.000000238418579,211.8,17.964,,5.220000000000001,12.644000000000002,,13.198000000000002,0.0,1.1262,0.0,0.0,,5.768000000000001,2.0,4.5,0.0,0.0,0.005,0.013,0.045,,0.01,1.0,0.0,7.2,,51.9,,5.0,1.934,2.0,41.0,81.0,3164.6,0.22,0.021,,,,1.8
mitsuba,Mitsuba,1,0.6616204380989075,390.0,76.6,,6.3,0.94,,3.2,0.0,0.445,0.0,0.0,,12.1,0.0,0.43,0.0,0.0,0.413,0.273,4.113,,0.098,124.0,0.0,19.8,,0.9,,93.0,3.7,59.0,196.0,202.0,598.0,2.01,0.289,,,,34.8
mixed_grains,Mixed Grains,5,0.864303708076477,395.8,36.06400000000001,,7.859999999999999,5.022,,21.746000000000002,0.0,1.7332,0.0,0.0,,15.979999999999999,0.0,5.2075000000000005,0.0,0.36000000000000004,0.2335,0.15375,4.62875,0.336,0.35424999999999995,104.25,0.0,30.775,,1.85,,75.0,2.474,117.0,461.0,381.0,365.8,2.7449999999999997,0.63425,,2.025,,40.125
mixed_herbs,Mixed Herbs,5,0.8578919768333435,140.0,9.870000000000001,,3.7000000000000006,2.526,,9.922,0.0,1.21,0.0,0.0,,5.1240000000000006,0.0,19.72,0.0,8.52,0.03233333333333333,0.09200000000000001,6.389,,0.628,64.0,0.0,57.1,,5370.75,,39.6,1.528,234.0,1160.0,316.75,137.2,5.88,1.691,,,,61.8
mixed_seeds,Mixed Seeds,5,1.0000007152557373,261.2,15.225999999999999,,4.22,3.47,,19.208,0.0,1.21,0.0,0.0,,8.284,0.0,19.72,0.0,12.080000000000002,0.03233333333333333,0.09200000000000001,6.389,,0.628,64.0,0.0,57.1,,3.2,,20.0,1.6040000000000003,234.0,1160.0,286.5,230.4,5.88,1.691,,,,61.8
mixed_sprouts,Mixed Sprouts,5,0.8894652724266052,148.8,10.790000000000001,,3.6199999999999997,2.322,,9.922,0.0,1.21,0.0,0.0,,5.316000000000001,0.0,19.72,0.0,2.9200000000000004,0.03233333333333333,0.09200000000000001,6.389,,0.628,64.0,0.0,57.1,,3.2,630.0,22.4,1.5900000000000003,234.0,1160.0,274.2,144.0,5.88,1.691,,,,61.8
mixed_vegetable,Mixed Vegetable,5,0.9812573194503784,38.4,7.703999999999999,,1.86,2.3720000000000008,,0.032,0.0,0.0068000000000000005,0.0,0.0,,1.068,489.0,0.72,0.0,3.78,0.018666666666666668,0.03666666666666667,0.353,,0.134,6.666666666666667,0.0,8.0,,22.4,630.0,16.2,0.662,12.0,32.0,163.0,159.0,0.14,0.023,,,,0.3
mizuame,Mizuame,2,0.7771233320236206,196.0,15.575,,2.3,3.375,,10.44,33.0,4.945,,,,11.105,,,,42.6,,,,,,107.0,,,,500.0,,191.0,1.58,,,358.0,701.5,,,,,,
mizuna,Mizuna,2,0.8514744639396667,46.5,6.1850000000000005,,1.85,3.51,,0.09,0.0,0.0035,0.0,0.0,,1.98,1.0,0.1,0.2,45.0,0.04,0.027,0.07,,0.046,61.5,0.0,5.3,,250.1,,70.0,0.6699999999999999,10.0,18.0,243.0,16.5,0.07,0.019,,,,0.1
mocha,Mocha,5,0.8758336305618286,116.8,9.474,,2.42,6.336,,3.064,3.8,0.773,0.0,0.0,,13.666000000000002,63.0,0.6733333333333333,0.8,17.9,0.5205,0.4412,7.925999999999999,7.143,0.49079999999999996,2.0,0.505,12.9,,28.650000000000002,,189.4,2.1719999999999997,58.0,470.5,333.0,154.2,0.38,0.037,,,,1.5
mochi,Mochi,5,0.8380847573280334,133.2,28.496000000000002,,0.96,18.526666666666667,,2.312,3.6,1.198,,,,1.766,,,0.0,0.0,0.0,,3.2,,,,,,,,,17.0,0.144,80.0,160.0,147.8,84.0,1.2,,,2.0,,
mojo,Mojo,5,0.8568825125694275,200.4,34.25,,1.72,9.940000000000001,,1.2440000000000002,0.0,0.2954,0.0,0.0,,3.6159999999999997,0.0,0.21,0.0,0.0,0.4443333333333333,0.3256666666666667,2.939333333333334,,0.0635,46.5,0.0,7.3,,0.4,0.0,34.4,1.332,27.0,91.0,83.6,346.4,0.76,0.154,,,,12.25
molasses,Molasses,5,1.000000238418579,320.0,63.6,,0.0,38.0,,6.0,12.0,3.6,,,,2.4,,,,0.0,,,,,,,,,,,,40.0,3.168,,,120.4,252.0,,,,,,
mole,Mole,5,0.8215269446372986,263.2,26.98,,3.16,10.854,,15.139999999999997,15.6,2.3562,0.0,0.0,,8.982000000000001,16.0,0.48,0.6666666666666666,2.9,0.061,0.144,5.415,,0.189,8.0,0.25,47.1,,0.9,,83.6,2.282,21.0,172.0,336.5,698.8,1.19,0.074,,,,16.9
monk_fruit,Monk Fruit,5,0.8699936270713806,105.6,72.856,,0.72,32.856,,0.0,0.0,0.0,0.0,0.0,,1.428,0.0,0.0,0.0,4.266666666666667,0.0,0.0,0.0,,0.0,0.0,0.0,0.0,,0.0,,42.8,0.0,0.0,0.0,85.6,15.6,0.0,0.0,,,,0.0
monkfish,Monkfish,5,0.7465333938598633,202.5942638623327,3.116,,0.12,0.05600000000000001,,11.678,75.2,3.1426,1.0084,0.41559999999999997,0.027,19.926,41.2,2.2559999999999993,13.679999999999998,0.0,0.0992,0.10819999999999999,6.5428,0.35,0.4732,13.4,3.878,75.94000000000001,,3.2,,23.4,0.8219999999999998,39.4,256.6,437.8,1056.4,0.7500000000000001,0.059800000000000006,,0.011,,58.14000000000001
montasio_cheese,Montasio Cheese,5,0.7834826707839966,325.8,2.7479999999999998,,0.0,0.0,,27.704,90.0,17.318,,,,17.75,,,0.0,0.0,,,,,,,,,,,,518.2,0.0,,,28.4,628.6,,,,,,
monterey_jack_cheese,Monterey Jack Cheese,5,0.999999463558197,342.8,2.142,,0.0,0.0,,28.212,85.6,15.716,,,,24.286,,,0.3333333333333333,1.72,,3.036,,,1.786,,5.36,,,,193.0,798.2,0.772,,,64.5,764.2,,,,,,
montreal_steak_seasoning,Montreal Steak Seasoning,5,0.9774570465087891,0.0,0.0,,0.0,0.0,,0.0,0.0,0.0,,,,0.0,,,0.0,0.0,,,,,,,,,,,,66.6,0.0,,,228.8,17394.8,,,,,,
mopping_sauce,Mopping Sauce,5,0.9246156811714172,153.6,23.642000000000003,,0.6599999999999999,19.060000000000002,,4.872,3.2,0.644,,,,1.9580000000000002,,,0.0,0.95,,,6.25,3.125,0.625,,1.88,,,,,30.6,1.334,,,643.0,566.8,,,,,,
morel_mushroom,Morel Mushroom,5,0.8806776404380798,35.24578248087954,6.3578125,,3.218,2.57,,0.406875,0.0,0.057,0.0,0.0,0.0,2.8846875,0.0,0.01,2.5601499999999997,1.5,0.062000000000000006,0.25295,3.3345000000000002,0.44,0.10797000000000001,26.535,0.03,14.3,,0.0,,23.0,6.312025,14.9775,137.81,352.9,248.032,1.288575,0.41485,,0.41984666666666665,,5.394750000000001
moringa,Moringa,5,0.8740519285202026,341.6,57.617999999999995,,29.82,10.574,,7.6659999999999995,0.0,0.0,,,,29.808,,,,40.0,10.0,1.457,,,,,,,,,,1947.6,144.058,250.0,,1425.8,89.2,,,,,,
mortadella,Mortadella,3,0.999999463558197,314.3333333333333,2.033333333333333,,0.0,0.0,,25.26,64.0,9.019999999999998,0.0,0.0,,18.05666666666667,0.0,0.22,1.0,0.0,0.119,0.153,2.673,0.44,0.13,3.0,1.48,72.2,,1.6,,24.0,1.1466666666666667,11.0,97.0,163.0,1164.0,2.1,0.06,,0.03,,22.6
moscatel_wine,Moscatel Wine,1,0.7123080492019653,57.0,13.93,,3.9,,,0.47,,,,,,0.81,3.0,,,6.5,,1.5,,,,2.0,,,,,,37.0,0.26,14.0,24.0,203.0,1.0,0.11,0.119,,1.973,,
mountain_pepper,Mountain Pepper,5,0.7938674688339233,266.2,34.62,,1.3800000000000001,26.918,,12.342,5.0,2.494,,,,6.508,,,,38.940000000000005,,,,,,,,,,,200.0,39.8,1.182,,,382.0,379.6,,,,,,
mozzarella_cheese,Mozzarella Cheese,5,1.0000004768371582,253.6,3.7600000000000002,0.0,0.0,1.428,,17.334000000000003,60.4,10.404,,,,24.0,,,0.0,0.0,,,,,,,,,,,129.0,633.4,0.0,,,122.6,604.6,,,,,,
msg,Msg,1,0.7037153840065002,96.0,6.24,,0.1,4.15,,0.14,0.0,0.098,0.0,0.0,,0.1,0.0,0.0,0.0,0.0,0.006,0.031,0.224,,0.056,1.0,0.0,5.6,,0.4,,9.0,0.47,12.0,23.0,125.0,4.0,0.15,0.016,,,,0.2
mudfish,Mudfish,5,0.7470139861106873,112.61453154875717,1.558,,0.06,0.028000000000000004,,2.9699999999999998,50.8,0.8173999999999999,0.2656,0.1238,0.01,18.7,26.6,0.89,3.9200000000000004,0.0,0.08580000000000002,0.15140000000000003,2.6136000000000004,0.5415,0.308,11.6,1.15,65.34,0.0,0.8399999999999999,,14.8,0.43,36.2,206.8,332.4,121.2,0.41200000000000003,0.033600000000000005,,0.012999999999999998,,47.86
mudskipper,Mudskipper,1,0.6973808407783508,272.0,27.2,,2.4,2.4,,13.6,28.0,4.8,,,,12.8,,,,,,,,,,,,,,,,160.0,2.88,,,,608.0,,,,,,
muenster_cheese,Muenster Cheese,5,0.9495155811309814,368.0,1.12,,0.0,1.12,,30.04,96.0,19.113,0.0,0.0,,23.41,298.0,0.26,0.6,0.0,0.013000000000000001,0.32,0.10300000000000001,,0.05600000000000001,12.0,1.47,15.4,,2.5,,717.0,0.41,27.0,468.0,134.0,628.0,2.81,0.031,,,,14.5
muffin,Muffin,5,0.9169259667396545,343.8,47.962,,1.8,21.407999999999998,,14.156,36.0,2.5048,0.0032,0.0,,6.24,26.2,1.986,0.31999999999999995,0.72,0.2542,0.1978,2.0660000000000003,,0.048400000000000006,52.2,0.158,59.1,,22.32,,118.6,2.1719999999999997,19.0,142.0,125.6,378.0,0.682,0.082,,,,12.200000000000001
mugwort,Mugwort,5,0.735822319984436,54.2,0.394,,0.04,0.094,,0.374,2.0,0.1412,0.0,0.0018,,0.79,2.0,0.026000000000000002,0.0,0.38,0.007400000000000001,0.030800000000000004,0.2274,,0.0126,5.0,0.057999999999999996,2.42,,0.54,,4.2,0.13199999999999998,3.2,8.2,28.4,66.4,0.16599999999999998,0.014800000000000002,,,,0.58
mulato_chile,Mulato Chile,5,0.767816424369812,148.4,8.528,,0.0,2.5319999999999996,,11.482000000000001,31.6,5.922,,,,6.491999999999999,,,0.0,6.933333333333333,,,,,,,,,,,43.0,212.4,0.6339999999999999,,,152.0,659.0,,,,,,
mulberry,Mulberry,2,0.7625524401664734,43.0,9.8,,1.7,8.1,,0.39,0.0,0.027,0.0,0.0,,1.44,1.0,0.87,0.0,36.4,0.029,0.101,0.62,,0.05,6.0,0.0,12.3,,7.8,,39.0,1.85,18.0,38.0,194.0,10.0,0.12,0.06,,,,0.6
mulberry_leaf,Mulberry Leaf,5,0.7721395492553711,61.8,8.564,,2.46,2.384,,1.934,0.0,0.16599999999999998,,,,2.3779999999999997,,,0.0,14.4,,,,,,,,,,272.0,750.0,128.0,1.4080000000000001,11.0,,17884.2,243.4,,,,,,
mullet,Mullet,3,0.7987996339797974,117.0,0.0,,0.0,0.0,,3.7900000000000005,49.0,1.116,0.108,0.217,,19.35,37.0,1.0,1.5,1.2,0.09000000000000001,0.08,5.2,0.7600000000000001,0.425,9.0,0.22,70.2,,0.10000000000000002,,41.0,1.02,29.0,221.0,357.0,65.0,0.52,0.051,,0.016,,36.5
mulling_spice,Mulling Spice,5,0.800311803817749,389.225621414914,56.202,,14.0,2.854,,17.865999999999996,0.0,6.8416,0.0,0.0,0.223,11.884,27.4,1.332,0.0,3.9599999999999995,0.3388,0.21020000000000003,5.939399999999999,0.477,0.45640000000000003,24.4,0.0,28.120000000000005,,2.4800000000000004,,454.8,35.072,268.6,309.4,1313.2,81.2,3.806,0.7442,,15.2332,,24.72
mung_bean,Mung Bean,5,0.8803083896636963,182.04588910133845,30.983999999999998,,8.66,4.664,,1.904,0.0,0.35300000000000004,0.0,0.0,,12.063999999999998,3.0,0.52,0.0,7.38,0.31100000000000005,0.15360000000000001,1.3017999999999996,1.145,0.19979999999999998,302.4,0.0,50.38000000000001,,18.6,,63.0,3.322,93.0,186.8,607.4,52.0,1.3920000000000001,0.471,,0.6115,,3.9800000000000004
mung_bean_jelly,Mung Bean Jelly,5,0.8717010617256165,320.6,71.156,,1.42,46.068,,1.572,0.0,0.1954,0.0,0.0,,6.104,1.0,1.38,0.0,5.22,0.145,0.054,0.509,,0.059,140.0,0.0,27.3,,9.0,0.0,31.0,1.4140000000000001,45.0,92.0,298.0,48.6,0.78,0.145,,,,2.3
mung_bean_paste,Mung Bean Paste,5,0.8711801767349243,277.2,54.104,,9.64,23.796,,1.9260000000000002,0.0,0.3449999999999999,0.0,0.0,,12.091999999999999,3.25,0.605,0.0,10.379999999999999,0.3755,0.14200000000000002,1.3565,1.91,0.22725,370.75,0.0,61.25000000000001,,8.25,,62.0,3.3840000000000003,113.75,232.0,757.25,74.4,1.7275,0.55075,,1.035,,4.949999999999999
mung_bean_starch,Mung Bean Starch,5,0.7955761551856995,225.84588910133843,44.924,,7.239999999999999,4.292,,0.532,0.0,0.15760000000000002,0.0,0.0,,10.76,3.5,0.30500000000000005,0.0,9.0,0.35250000000000004,0.17850000000000002,1.4999999999999998,1.145,0.235,343.0,0.0,56.150000000000006,,21.0,,60.4,3.06,105.0,210.5,558.0,8.4,1.5450000000000002,0.5525,,0.6115,,4.4
muscovado_sugar,Muscovado Sugar,5,0.7815349102020264,393.8,102.22200000000001,,0.0,101.55600000000001,,0.0,0.0,0.0,,,,0.0,,,0.0,0.0,,,,,,,,,,,0.0,2.4,0.0,,,4.4,0.0,,,,,,
mushroom,Mushroom,5,0.8933445811271667,85.86393000000001,10.24225,,2.13,3.6175,,3.2375,3.5,1.05625,0.0,0.00025,,4.35975,28.0,0.28500000000000003,0.10812,2.525,0.1004,0.40775999999999996,4.420800000000001,,0.090376,41.628,0.09999999999999999,18.75,,3.475,,32.6,0.6356200000000001,13.782,110.44800000000001,353.12,320.02560000000005,0.71086,0.30788000000000004,,0.08554,,16.7758
mushroom_soy_sauce,Mushroom Soy Sauce,5,0.9204810857772827,111.0,13.209999999999999,,0.8799999999999999,4.218,,3.272,12.8,1.2922,0.0005,0.001,,7.758,3.0,0.2,0.06666666666666667,0.5599999999999999,0.031,0.0825,2.1265,,0.15899999999999997,5.0,0.61,44.15,,2.5,60.0,9.2,0.984,16.0,91.5,232.0,1661.2,1.935,0.038,,,,11.649999999999999
mushroom_stock,Mushroom Stock,5,0.8443875312805176,5.2,0.744,,0.0,0.496,,0.0,0.4,0.0,,,,0.244,,,0.0,0.1,,,,,,,,,,,0.0,1.6,0.0,,,4.6,164.8,,,,,,
mussel,Mussel,5,0.8371614217758179,86.04206500956023,3.69,,0.0,0.0,,2.24,28.0,0.425,0.253,0.188,,11.9,48.0,0.55,0.0,8.0,0.16,0.21000000000000002,1.6,0.5,0.05,42.0,12.0,65.0,,0.1,,26.0,3.95,34.0,197.0,320.0,286.0,1.6,0.094,,3.4,,44.8
mustard,Mustard,5,0.9999998211860657,597.2,13.331999999999999,,0.0,33.33,,60.0,0.0,6.9492,,,,0.0,0.0,,0.0,2.68,0.0,0.0,0.0,0.0,0.0,0.0,0.0,,,,0.0,28.8,0.0,0.0,0.0,44.4,255.6,0.0,0.0,,0.0,,0.0
mustard_green,Mustard Green,5,0.9144387245178223,83.4,16.142,,1.98,14.095999999999998,,0.16799999999999998,0.0,0.004,0.0,0.0,,1.614,151.0,2.01,0.0,44.8,0.08,0.11,0.8,0.21,0.18,12.0,0.0,0.5,,257.5,51.0,98.4,0.994,32.0,58.0,275.6,267.2,0.25,0.165,,,,0.9
mustard_oil,Mustard Oil,5,0.9084333181381226,727.4,6.6659999999999995,,0.0,11.11,,78.666,0.0,10.7464,,,,0.0,0.0,,0.0,1.675,0.0,0.0,0.0,0.0,0.0,0.0,0.0,,,,0.0,18.0,3.215,0.0,0.0,27.75,127.8,0.0,0.0,,0.0,,0.0
mustard_root,Mustard Root,5,0.8456616401672363,569.2,7.728,,0.7,17.55,,60.0,0.0,6.9492,,,,0.53,0.0,,0.0,15.14,0.0,0.03,0.177,0.0,0.04425,44.25,0.0,,,495.6,0.0,32.0,0.318,8.75,8.75,93.0,133.2,0.0,0.0355,,0.0,,0.0
mustard_seed,Mustard Seed,5,0.8809619545936584,590.2,17.902,,4.88,15.636666666666665,,54.496,0.0,5.428400000000001,0.0,0.0,,10.431999999999999,1.0,5.07,0.0,4.18,0.4025,0.1305,2.3665,0.405,0.1985,81.0,0.0,122.7,,5.4,0.0,120.8,3.684,185.0,414.0,317.4,133.0,3.04,0.3225,,1.224,,104.05
mutton,Mutton,3,0.8061420917510986,184.0,8.216666666666667,,0.3333333333333333,1.7000000000000002,,10.81,62.666666666666664,4.357,0.0,0.0,,12.713333333333333,13.0,0.17333333333333334,0.2333333333333333,0.16666666666666666,0.11266666666666665,0.17400000000000002,3.4950000000000006,,0.079,26.666666666666668,1.1733333333333331,55.03333333333333,,5.266666666666667,,26.0,1.26,16.666666666666668,117.66666666666667,174.66666666666666,380.0,2.2166666666666663,0.081,,,,17.666666666666668
myoga,Myoga,1,0.6486246585845947,56.0,12.19,,2.0,0.41,,0.46,0.0,0.076,0.0,0.0,,2.12,0.0,0.11,0.0,0.0,0.046,0.027,0.601,,0.042,3.0,0.0,5.0,,0.6,,9.0,0.46,20.0,55.0,51.0,70.0,0.55,0.068,,,,5.3
myzithra_cheese,Myzithra Cheese,5,0.957927942276001,286.0,7.139999999999999,,0.0,0.0,,21.43,89.0,14.289999999999997,,,,14.289999999999997,,,,0.0,,0.24299999999999997,,,,,,,,,,143.0,0.0,,143.0,,1714.0,,,,,,
naan,Naan,5,0.8772605657577515,282.0,46.564,,3.04,6.2,,7.249999999999998,9.0,1.2,0.0,0.0,,7.9959999999999996,2.0,1.44,0.0,5.300000000000001,0.28825,0.259,3.9887499999999996,,0.139,183.5,0.0,11.0,,3.6,,80.6,2.238,74.0,204.0,135.66666666666666,478.6,1.35,0.172,,,,12.4
nameko_mushroom,Nameko Mushroom,5,0.7492610812187195,96.6920824,13.094130000000002,,2.1218,0.8125,,3.9195,2.25,2.12,,,,3.8292500000000005,,,0.035,0.4666666666666666,0.0031875,0.27595,3.885666666666667,,0.16726666666666667,24.0,0.0,,,,0.0,16.4,0.41562,18.755,98.43,202.9,132.75426,0.7626999999999999,0.16666666666666666,,0.045625,,4.6015
nanohana,Nanohana,1,0.6635047793388367,162.0,35.24,,1.0,0.0,,0.48,0.0,0.24,,,,4.76,,,,0.0,,,,,,,,,,,,0.0,1.71,57.0,167.0,114.0,0.0,1.07,,,1.0,,1.0
napa_cabbage,Napa Cabbage,5,0.7702938914299011,25.23900573613767,5.766,,2.62,2.84,,0.1,0.0,0.029800000000000004,0.0,0.0,,1.2440000000000002,13.8,0.124,0.0,29.28,0.0568,0.05,0.3312,0.2068,0.1592,48.8,0.0,12.860000000000003,,83.92,,45.4,0.516,12.6,26.2,185.2,157.8,0.20399999999999996,0.022000000000000002,,0.17160000000000003,,0.42000000000000004
narsharab,Narsharab,1,0.6304624080657959,73.0,17.45,,1.6,14.4,,0.22,0.0,0.047,0.0,0.0,,0.81,4.0,0.24,0.0,5.7,0.014,0.028,0.242,,0.02,4.0,0.0,5.5,,26.3,,73.0,0.2,11.0,13.0,233.0,4.0,0.09,0.018,,,,1.1
nasturtium,Nasturtium,1,0.6629984974861145,325.0,53.75,,2.3,17.79,,8.39,61.0,3.992,0.005,0.002,,9.76,73.0,0.43,0.5,0.7,0.736,0.375,4.125,,0.116,128.0,0.18,37.4,,0.9,,55.0,2.86,24.0,127.0,165.0,325.0,0.98,0.12,,,,18.7
natto,Natto,2,1.0000001192092896,211.0,12.68,,5.4,4.89,,11.0,0.0,1.591,0.0,0.0,,19.4,0.0,0.01,0.0,13.0,0.16,0.19,0.0,0.215,0.13,8.0,0.0,57.0,,23.1,,217.0,8.6,115.0,174.0,729.0,7.0,3.03,0.667,,1.528,,8.8
navy_bean,Navy Bean,5,0.9777848720550537,81.8,15.075999999999999,,5.08,0.462,,0.0,0.0,0.0,,,,5.38,,,0.0,0.0,0.0,0.052,0.308,,,25.0,,,,,,49.2,1.4,46.0,115.0,226.2,100.2,0.69,,,,,
nduja,Nduja,1,0.6572310328483582,44.0,9.94,,2.0,6.21,,0.25,0.0,0.008,0.0,0.0,,0.66,2.0,0.37,0.0,44.2,0.029,0.024,0.396,,0.04,7.0,0.0,5.8,,7.3,,16.0,0.28,11.0,20.0,138.0,0.0,0.1,0.038,,,,0.3
nectar,Nectar,5,0.8908550143241882,102.0,24.616000000000003,,1.1199999999999999,13.2275,,0.012,0.0,0.0028,0.0,0.0,,0.356,35.0,0.21,0.0,14.100000000000001,0.003,0.003,0.08,,0.015,7.0,0.0,1.5,,0.8,0.0,7.0,0.27199999999999996,3.0,2.0,197.4,11.0,0.02,0.015,,,,0.4
nectarine,Nectarine,5,0.8687546849250793,39.0,9.18,7.889999999999999,1.5,,,0.28,,0.0,0.0,0.0,,1.06,21.0,0.61,,2.9,0.034,0.027000000000000003,1.12,0.185,0.025,6.0,,,,2.0,,2.0,0.3,8.8,26.0,131.0,13.0,0.21000000000000002,0.082,,0.047,,0.0
needlefish,Needlefish,5,0.73158860206604,205.4,10.708,,0.48,1.2659999999999998,,9.646,55.8,2.2984,0.2455,0.13025,,17.854,36.5,3.37,3.6,0.72,0.15625,0.12225,5.39,,0.34650000000000003,24.25,1.2925,67.35,,4.175,0.0,30.6,1.044,34.5,239.25,297.4,363.0,0.5975,0.063,,,,39.625
nerikiri,Nerikiri,1,0.6285567879676819,378.0,0.72,,0.0,0.26,,31.65,108.0,11.418,0.007,0.004,,21.07,11.0,0.64,0.9,0.0,0.386,0.196,6.105,,0.441,0.0,1.15,72.6,,0.0,,24.0,1.36,20.0,192.0,363.0,1756.0,2.67,0.096,,,,33.6
nettle,Nettle,1,0.7001814246177673,109.0,12.72,,0.2,4.56,,5.67,13.0,2.612,0.0,0.001,,1.59,41.0,0.45,0.2,0.6,0.009,0.049,0.197,,0.021,3.0,0.04,3.8,,1.8,,39.0,0.19,7.0,34.0,56.0,968.0,0.23,0.023,,,,1.7
neufchatel_cheese,Neufchatel Cheese,4,1.0000001192092896,255.80353728489484,4.4125,,0.0,3.32,,21.747500000000002,71.5,13.299999999999999,,,0.117,8.0275,241.0,0.4,0.0,0.0,0.022,0.155,0.21,0.575,0.041,14.0,0.3,,9.3,1.7,129.0,93.0,0.065,10.0,138.0,76.0,361.0,0.82,0.027,,0.011,,3.0
new_mexico_chile,New Mexico Chile,5,0.7557337880134583,335.6,33.226,,0.8400000000000001,12.334,,18.71,8.2,4.398000000000001,,,,10.282,300.0,,0.0,2.15,0.0,0.0,0.0,,,,,,,,214.5,108.6,3.3200000000000003,,,251.66666666666666,512.0,,,,,,
nigari,Nigari,2,0.7279455065727234,114.27724665391969,2.7849999999999997,,0.8,0.71,,7.625,0.0,1.182,0.0,0.0,,11.33,0.0,0.01,0.0,0.15,0.045,0.0625,0.44,0.4405,0.061,15.5,0.0,33.0,,2.8,,313.5,2.395,44.0,171.0,138.0,3.0,1.365,0.264,,0.859,,14.9
nigella_seed,Nigella Seed,5,0.779811441898346,353.7885277246654,47.946000000000005,,18.1,1.5,,21.088,0.0,1.3599999999999999,0.0,0.0,,17.152,33.5,3.33,0.0,11.48,0.6184000000000001,0.3055,4.2878,,0.3425,10.0,0.0,24.7,,5.4,,978.8,33.076,315.4,470.4,1323.0,75.2,4.8,1.0054,,3.8664,,26.52
noodle,Noodle,5,0.9154155254364014,309.0,42.884,,1.36,4.266,,11.733999999999998,34.0,2.8994,0.0,0.0,,8.074000000000002,39.0,2.035,0.35,0.32,0.192,0.145,1.9785,,0.0455,34.5,0.11,37.9,,5.75,0.0,9.6,1.996,21.5,94.0,76.66666666666667,1544.0,0.685,0.11249999999999999,,,,27.450000000000003
nopal,Nopal,1,0.7533023953437805,15.774378585086042,3.33,,2.2,1.15,,0.09,0.0,0.016,0.0,0.0,,1.32,23.0,0.0,0.0,9.3,0.012,0.041,0.41,0.167,0.07,3.0,0.0,7.3,,5.3,,164.0,0.59,52.0,16.0,257.0,21.0,0.25,0.052,,0.457,,0.7
nora_chile,Nora Chile,4,0.7421985268592834,128.5,9.145,,1.775,14.9075,,9.05,24.25,4.75,,,,4.0575,,,0.0,7.633333333333333,,,,,,,,,,,64.5,198.75,0.75,,,76.0,557.25,,,,,,
nori,Nori,3,0.7523907423019409,61.333333333333336,26.930000000000003,,13.466666666666667,4.366666666666667,,0.47000000000000003,1.3333333333333333,1.6263333333333332,0.0,0.0,,14.306666666666667,3.0,3.15,0.0,56.800000000000004,0.37666666666666665,1.0066666666666666,1.473,0.7173333333333334,0.4283333333333333,610.5,25.546666666666667,16.7,,1300.5,,87.0,4.673333333333334,142.0,261.0,1651.5,16.666666666666668,1.7233333333333334,0.48300000000000004,708.0,0.79,80.0,0.7
nougat,Nougat,5,0.806733250617981,503.4,66.636,,0.8,41.315999999999995,,24.346,24.8,10.844,,,,4.734,,,0.0,0.0,,,,,,,,,,,144.0,24.0,1.098,,,95.75,114.2,,,,,,
nut,Nut,5,0.8496962189674377,474.8,54.676,,4.54,28.651999999999997,,25.826,10.0,6.6048,0.0,0.0,,10.681999999999999,19.0,5.215,2.4,2.46,0.86475,0.5497500000000001,5.1175999999999995,1.212,0.51125,157.0,1.9525000000000001,48.2,,12.100000000000001,213.0,153.0,6.29,92.25,221.75,297.0,387.2,3.4825,0.47700000000000004,,2.0,,31.7
nut_butter,Nut Butter,5,0.8979154229164124,670.6328871892925,24.077999999999996,,4.22,14.822,,61.786,2.4,42.296,0.0,0.0,,8.452,0.0,0.2,0.0,0.0,0.0,0.0,0.8889999999999999,0.0,0.0,17.666666666666668,0.0,,,,,66.0,1.5799999999999998,83.33333333333333,0.0,255.66666666666666,150.6,0.0,,,2.0,,0.0
nut_oil,Nut Oil,5,0.8500028848648071,884.0,0.0,,0.0,0.0,,100.0,0.0,8.559999999999999,0.0,0.0,,0.0,0.0,23.680000000000003,0.0,0.0,0.0,0.0,0.0,0.0,0.0,0.0,0.0,0.4,,10.2,,0.0,0.0,0.0,0.0,0.0,0.0,0.0,0.0,,,,0.0
nutmeg,Nutmeg,5,0.7999969720840454,644.2328871892926,29.648000000000003,,8.56,6.398000000000001,,58.544000000000004,10.0,46.962599999999995,0.0,0.0,,3.654,9.4,0.614,0.19999999999999998,1.22,0.1886,0.0654,0.8984,0.0,0.0816,39.4,0.036,19.533333333333335,,4.466666666666667,,105.8,1.6780000000000002,78.0,113.8,170.4,73.6,0.994,0.7306666666666666,,2.9,,2.5
nutritional_yeast,Nutritional Yeast,5,0.8487485647201538,239.09177820267686,27.914000000000005,,8.64,5.69,,7.006,6.4,2.1748,0.002,0.0,,19.701999999999998,1.25,0.48599999999999993,0.22000000000000003,5.3,11.6104,7.872400000000001,59.97860000000001,3.4139999999999997,0.349,2012.4,0.36,47.824999999999996,,4.040000000000001,43.0,73.8,2.9019999999999997,94.6,213.2,1083.0,1443.0,3.6980000000000004,0.2444,16.0,0.17400000000000002,1.0,17.160000000000004
oat,Oat,5,0.8955770134925842,453.6,16.848000000000003,,2.46,0.64,,42.296,0.6,8.278000000000002,0.0,0.0,,3.198,3.2,5.962000000000001,0.5666666666666667,0.0,0.10880000000000001,0.0372,0.2696,0.0,0.028600000000000004,7.6,0.1,16.466666666666665,,10.82,,43.8,1.026,34.0,99.0,87.4,26.0,0.8880000000000001,0.09820000000000001,,0.0,,7.039999999999999
oat_milk,Oat Milk,5,0.9999999403953552,214.58245,42.37008125,2.3216,2.65,22.363333333333333,,3.87225,0.0,0.289,0.0,0.0,,4.059218749999999,0.0,0.37,1.7,6.666666666666667,0.26575,0.5411750000000001,5.556062500000001,,0.487125,213.75,2.0021333333333335,2.0,0.0,1.1333333333333333,,226.625,4.4753,46.22725,168.79500000000002,230.1,300.995,4.260206666666666,0.10770666666666667,,0.1262,10.09,0.75
oaxaca_cheese,Oaxaca Cheese,3,0.9999997019767761,290.03796066666666,3.180673333333333,,0.0,1.785,,20.463333333333335,69.17666666666666,13.166666666666666,,,,20.478326666666664,,,0.0,0.0,,,,,,,,,,,129.0,534.7666666666667,0.0,21.58,380.4,50.576666666666675,649.4,3.506,0.0,45.72,0.02061,,
octopus,Octopus,5,0.9999997019767761,89.08107074569789,1.718,,0.0,0.0,,1.074,46.2,0.17939999999999998,0.081,0.076,,17.418,45.0,1.2,0.0,3.266666666666667,0.03,0.04,2.05,0.5,0.36,16.0,20.0,65.0,,0.1,27.0,51.2,4.966,30.0,172.0,369.0,386.75,1.555,0.40249999999999997,,0.023,,44.8
offal,Offal,1,0.6939840316772461,197.0,0.0,,0.0,0.0,,13.06,49.0,5.108,0.0,0.002,,18.58,0.0,0.49,1.3,0.0,0.113,0.28,5.52,0.67,0.446,3.0,2.28,96.5,,1.4,,12.0,1.37,31.0,197.0,198.0,103.0,2.51,0.088,,0.008,,13.1
oil,Oil,5,0.8580294251441956,884.0,0.0,,0.0,0.0,,100.0,0.0,7.246,0.0,0.0,7.45,0.0,0.0,26.060000000000002,0.0,0.0,0.0,0.0,0.0,0.0,0.0,0.0,0.0,0.4,,7.0,,0.0,0.0,0.0,0.0,0.0,0.0,0.0,0.0,,,,0.0
okara_powder,Okara Powder,5,0.8628981709480286,282.09636711281075,41.372,,16.025,17.9175,,7.425999999999999,0.0,0.41859999999999997,,,,16.044,0.0,0.0,0.0,1.675,0.34,0.414,6.3,3.169,0.5116666666666667,125.33333333333333,0.0,,,154.8,0.0,250.2,22.2425,227.0,524.3333333333334,1120.0,436.2,4.58,2.3000000000000003,,3.202,,10.6
okonomiyaki_sauce,Okonomiyaki Sauce,5,0.8293264508247375,146.8,29.552,,0.0,26.842000000000002,,0.606,0.0,0.0,,,,4.01,,,0.0,0.0,,,,,,,,,,,0.0,29.5,0.8274999999999999,,,257.3333333333333,2114.0,,,,,,
okra,Okra,5,0.8931729793548584,31.2,6.958,,2.6,2.374,,0.22599999999999998,0.0,0.0494,0.0,0.0,,1.786,25.2,0.30600000000000005,0.0,16.64,0.1334,0.087,0.8248000000000001,0.22759999999999997,0.11120000000000001,112.8,0.0,11.76,,42.160000000000004,,81.4,0.59,48.6,49.6,246.2,4.6,0.55,0.09340000000000001,,0.8390000000000001,,0.64
olive,Olive,5,0.8573824167251587,274.8,12.815999999999999,,1.04,0.0,,10.7,1.2,3.9876000000000005,0.0,0.0,,8.088000000000001,17.0,1.65,0.0,0.45,0.003,0.0,4.0184999999999995,,0.009,0.0,0.0,10.3,,1.4,,88.4,6.968000000000001,4.0,3.0,36.0,637.2,0.22,0.251,,,,0.9
olive_oil,Olive Oil,5,0.9999998807907104,652.4,0.0,,0.0,0.0,,61.538,1.2,11.074,,,,6.152,,,0.0,0.0,,,8.0,,,,,,,,,49.2,3.656,,,0.0,203.2,,,,,,
olluco,Olluco,1,0.7140893936157227,22.0,4.0,,0.0,3.0,,0.45,0.0,0.4,,,,0.35,,,,4.5,,,,,,,,,,,,15.0,0.0,8.0,14.0,210.0,20.0,,,,,,
onion,Onion,5,0.8581076860427856,39.67495219885277,9.34,,1.7,4.24,,0.1,0.0,0.042,0.0,0.0,,1.1,0.0,0.02,0.0,7.4,0.046,0.027000000000000003,0.11600000000000002,0.123,0.12,19.0,0.0,6.1,,0.4,,23.0,0.21000000000000002,10.0,29.0,146.0,4.0,0.17,0.039,,0.129,,0.5
oolong_tea,Oolong Tea,5,0.8504632711410522,62.4,12.568,0.0,4.0,0.394,,0.0,0.0,0.0,0.0,0.0,,4.0,0.0,0.0,0.0,3.925,0.0,0.0,0.06,0.0,0.0,0.0,0.0,0.0,,0.0,0.0,80.4,0.0,1.0,1.0,316.8,1.2,0.01,0.0,,0.21,,0.0
orange,Orange,5,0.8556225895881653,77.0,18.548000000000002,,0.44000000000000006,9.895000000000001,,0.28600000000000003,0.8,0.175,0.0,0.0,,0.518,11.0,0.18,0.0,28.1,0.078,0.046,0.354,,0.1405,28.0,0.0,8.4,,0.0,21.0,30.0,0.22400000000000003,14.5,18.0,209.6,14.6,0.09,0.054,,0.0,,0.2
orange_blossom_water,Orange Blossom Water,5,0.9033334255218506,94.6,23.096000000000004,,0.05,21.806,,0.052000000000000005,0.0,0.0025,0.0,0.0,,0.11399999999999999,1.0,0.575,0.09999999999999999,14.033333333333331,0.055,0.03,1.3675,0.846,0.17666666666666667,22.0,0.205,4.6,,0.0,,22.4,0.015,13.5,15.0,266.4,5.6,0.03,0.03,,0.0,,0.1
orange_liqueur,Orange Liqueur,5,0.8471001386642456,19.2,4.698,,0.0,4.247999999999999,,0.0,0.0,0.0,,,,0.0,,3.0,0.0,0.0,,,,,0.68,,0.96,,,,180.0,2.0,0.0,25.0,,40.4,103.6,,,,,,
orange_roughy,Orange Roughy,5,0.8251330256462097,51.696367112810705,8.416,,0.44000000000000006,8.496,,0.426,12.8,0.178,0.0075,0.002,0.003,3.466,16.0,0.69,0.0,18.740000000000002,0.0545,0.0455,0.942,0.051,0.061,27.0,0.19,8.4,,0.35,21.0,19.2,0.262,13.5,62.5,96.0,69.2,0.16,0.0645,,0.05,,33.45
oregano,Oregano,3,1.000000238418579,176.38623326959848,45.946666666666665,,28.333333333333332,2.7266666666666666,,2.8533333333333335,0.0,1.034,0.0,0.0,0.621,6.0,85.0,18.26,0.0,1.5333333333333332,0.177,0.528,4.64,0.921,1.044,237.0,0.0,32.3,,621.7,,1064.6666666666667,24.53333333333333,270.0,148.0,1173.3333333333333,16.666666666666668,2.69,0.633,,4.99,,4.5
orgeat,Orgeat,5,0.7255499958992004,62.0,3.4480000000000004,,0.3,1.2440000000000002,,0.8160000000000001,0.0,0.0004,0.0,0.0,,0.8299999999999998,0.0,0.05,0.0,5.46,0.0025,0.007,0.01075,,0.0025,0.5,0.0,1.2,,0.1,,0.6,0.01,0.5,6.0,93.0,5.6,0.05,0.022,,,,0.0
orris_root,Orris Root,1,0.6930645704269409,74.33078393881453,17.23,,4.9,,,0.1,0.0,0.03,,,,2.6,0.0,,0.0,44.0,0.16,0.22,0.4,0.377,0.258,13.0,0.0,,,,,45.0,1.16,23.0,100.0,556.0,40.0,0.39,0.257,,0.261,,0.7
osmanthus_flower,Osmanthus Flower,2,0.7957322597503662,49.0,4.66,,0.1,3.925,,0.13,0.0,0.005,0.0,0.0,,0.285,1.0,0.15,0.15,21.2,0.055,0.03,0.028,,0.031,22.0,0.0,4.6,,0.0,,21.0,0.03,8.0,15.0,67.5,1.0,0.03,0.03,,,,0.1
osmanthus_wine,Osmanthus Wine,1,0.7385020852088928,0.0,0.0,,0.0,0.0,,0.0,0.0,0.0,,,,0.0,,,0.0,,,,,,,,,,,,,0.0,0.0,,,0.0,0.0,,,,,,
ouzo,Ouzo,1,0.7468987107276917,375.0,78.57,,3.6,3.57,,1.79,0.0,0.0,,,,12.5,,,,0.0,1.0,0.455,7.143,,,179.0,,,,,,0.0,1.29,,,,0.0,,,,,,
oyster,Oyster,5,0.8408617973327637,40.33307839388145,4.741999999999999,,1.38,0.914,,0.93,16.0,0.22679999999999997,0.054400000000000004,0.0708,,4.2700000000000005,6.4,0.33999999999999997,0.41999999999999993,0.0,0.08220000000000001,0.2454,3.343600000000001,0.8656,0.0784,25.6,3.5,55.220000000000006,1.0,0.4,,25.4,2.6420000000000003,18.0,110.8,314.4,44.8,16.182,1.2896,,0.1862,,9.440000000000001
oyster_mushroom,Oyster Mushroom,5,0.904617428779602,32.797008393881455,5.86825,,2.29,1.3275000000000001,,0.3534999999999999,0.0,0.059,0.0,0.0,,3.1457500000000005,1.5,0.0025,0.42812,0.525,0.0996,0.34876,4.9064,1.294,0.102176,42.428,0.01,40.85000000000001,0.0,0.0,,2.8,0.9836200000000002,15.581999999999999,107.848,382.52,12.2256,0.69886,0.24047999999999997,,0.106135,,5.635800000000001
oyster_sauce,Oyster Sauce,5,1.0000001192092896,265.2,14.177999999999997,,0.0,9.464,,24.284,10.8,3.214,,,,0.0,,,,0.86,,,,,,,,,,,0.0,0.0,0.48,,,0.0,1911.2,,,,,,
pacific_saury,Pacific Saury,5,0.7640424966812134,142.4,19.062,,14.0,0.0,,0.974,29.4,0.2048,0.128,0.066,0.011,14.370000000000001,20.0,0.61,5.8,1.95,0.3666666666666667,0.2466666666666667,6.513,0.343,0.548,12.0,2.4,61.8,0.0,0.0,,369.4,7.565999999999998,290.3333333333333,290.6666666666667,1402.6,2798.4,5.843333333333333,0.023,,0.011,,45.6
padron_pepper,Padron Pepper,5,0.7880405783653259,152.6,25.246,,7.06,22.656,,0.576,0.0,0.0,0.0,0.0,,0.2,0.0,0.0,0.0,54.05,0.0,0.0,0.0,,0.0,0.0,0.0,0.3,,0.0,,115.5,6.013999999999999,0.0,9.0,433.6666666666667,1719.4,0.09,0.007,,,,0.1
paederia_foetida,Paederia Foetida,1,0.6463063359260559,266.0,33.25,,5.8,1.31,,9.73,0.0,1.309,0.0,0.0,,12.75,5.0,2.2,0.0,9.5,0.451,0.114,1.431,,0.305,247.0,0.0,50.1,,13.3,,24.0,3.57,27.0,147.0,373.0,315.0,1.7,0.4,,,,0.1
pagoda_tree_flower,Pagoda Tree Flower,4,0.7203201651573181,324.25,68.1225,,1.275,3.0525,,2.9075,5.75,1.3075,,,,6.272500000000001,,,0.5,0.0,,,,,,,,,,,,9.75,0.3625,27.0,100.0,89.25,155.5,1.0,,,1.0,,2.0
palm_oil,Palm Oil,5,0.8940107226371765,844.6374760994264,0.504,,0.0,0.0,,99.46000000000001,0.0,82.1,0.0,0.0,0.02,0.0,0.0,1.5900000000000003,0.0,0.0,0.0,0.0,0.0,0.0,0.0,0.0,0.0,0.2,0.0,10.24,,0.6,0.030000000000000006,0.0,0.0,0.0,0.0,0.012,0.0,,0.0,,0.0
palm_seed,Palm Seed,5,0.8013719320297241,730.8562141491395,11.552,,10.92,0.62,,76.86399999999999,0.0,50.3652,0.0,0.0,,7.316,0.0,2.41,0.0,0.24,0.6576,0.0644,1.232,0.394,0.18919999999999998,34.8,0.0,31.6,,16.54,,102.0,2.2920000000000003,156.8,256.8,325.2,12.0,1.736,0.488,,0.9928000000000001,,10.16
palm_sugar,Palm Sugar,5,0.8839773535728455,377.0,100.0,,0.0,92.5,,0.0,0.0,0.0,,,,0.0,,,0.0,4.8,0.0,,,,,,,,,,9.0,75.0,0.72,,,860.0,73.0,3.0,0.4,,,,
pan_drippings,Pan Drippings,5,0.780517041683197,378.24818355640537,27.156,,3.4799999999999995,4.069999999999999,,24.640000000000004,117.2,8.087399999999999,0.0,0.0,0.065,13.716,44.5,0.6775,2.35,1.06,0.1498,0.2704,3.9014,2.074,0.29860000000000003,26.75,2.1100000000000003,158.9,0.0,2.025,,62.0,2.586,44.25,207.2,217.0,317.4,2.3499999999999996,0.18925,,1.5065,,21.925
panang_curry_paste,Panang Curry Paste,5,0.8773568868637085,176.0,21.328000000000003,,8.64,5.7,,6.882,0.0,1.154,,,,2.664,,,,0.42000000000000004,,,,,,,,,,,0.0,93.8,3.71,,,389.0,2881.8,,,,,,
pancake,Pancake,5,0.9016100168228149,256.4,50.648,,3.38,4.566,,3.268,2.6,0.020399999999999998,0.0,0.0,,7.33,0.0,0.06,0.0,1.325,0.08733333333333333,0.247,2.9326666666666665,,0.21500000000000002,105.5,0.515,3.3,,0.1,0.0,134.4,2.186,15.0,209.33333333333334,286.0,665.4,0.62,0.123,,,,8.6
pancetta,Pancetta,5,0.8113632202148438,342.2,9.538,,0.72,4.236,,28.208000000000006,68.2,10.346,,,,11.059999999999999,,,,18.975,0.0,0.239,1.404,,,,,,,,26.0,21.4,0.718,,,181.66666666666666,1057.6,,,,,,
panch_phoran,Panch Phoran,1,0.6756575107574463,163.0,9.0,,2.0,0.0,,11.0,17.0,2.0,,,,7.0,,,,4.2,,,,,,,,,,,,530.0,1.8,,,,1138.0,,,,,,
pandan_leaf,Pandan Leaf,1,0.6900307536125183,313.0,74.97,,26.3,,,8.36,0.0,2.28,0.0,0.0,,7.61,309.0,,0.0,46.5,0.009,0.421,2.005,,1.74,180.0,0.0,,,,,834.0,43.0,120.0,113.0,529.0,23.0,3.7,0.416,,8.167,,2.8
paneer,Paneer,3,1.0000003576278687,261.0,11.676666666666668,,0.6666666666666666,8.966666666666667,,17.173333333333332,54.666666666666664,9.030333333333333,0.0,0.005,,14.763333333333334,155.0,0.24,5.3,1.4000000000000001,0.272,0.669,0.509,,0.296,0.0,2.62,86.3,,1.5,,613.6666666666666,0.6,58.0,490.0,399.5,447.0,2.04,0.006,,,,9.3
panela_cheese,Panela Cheese,5,0.9387121200561523,464.2,28.927999999999997,,0.6,29.166666666666668,,36.071999999999996,99.8,22.857999999999997,,,,5.358,,,0.0,0.0,0.0,0.304,3.571,,,,,,,,,202.66666666666666,0.10666666666666667,,,411.5,291.6666666666667,,,,,,
panettone,Panettone,5,1.000000238418579,349.0,52.403999999999996,,2.38,25.659999999999997,,9.985999999999999,113.2,7.8180000000000005,,,,6.004,,,0.0,0.0,0.0,0.239,1.404,,,,,,,,,40.2,1.8,,,166.2,166.4,,,,,,
pangasius,Pangasius,1,0.752938985824585,,0.0,,0.0,0.0,,5.36,60.0,1.79,,,,17.86,,,,0.0,,,,,,,,,,,,0.0,0.89,,,0.0,30.0,,,,,,
papad,Papad,1,0.9999998211860657,371.0,59.87,,18.6,0.0,,3.25,4.0,1.084,0.0,0.0,,25.56,13.0,0.05,0.0,0.0,0.277,0.258,1.472,0.917,0.285,219.0,0.0,0.4,,0.4,,143.0,7.8,271.0,385.0,1000.0,1745.0,3.4,0.998,,1.562,,8.3
papaya,Papaya,5,0.8460182547569275,45.60229445506692,11.558,,1.48,9.038,,0.238,0.0,0.0742,0.0,0.0,,0.41,41.2,0.288,0.0,49.32,0.0196,0.0224,0.3156,0.16360000000000002,0.0322,30.0,0.0,5.279999999999999,,2.24,,18.0,0.268,17.4,8.0,151.8,7.4,0.094,0.0386,,0.034600000000000006,,0.5399999999999999
papaya_leaf,Papaya Leaf,5,0.8050432801246643,54.353346080305926,13.758,,0.9199999999999999,12.258,,0.154,0.0,0.0472,0.0,0.0,,0.23199999999999998,28.25,0.25,0.0,24.9,0.012249999999999999,0.013750000000000002,0.2245,0.054,0.020749999999999998,14.5,0.0,3.675,,1.5499999999999998,,13.8,0.25000000000000006,10.75,4.5,91.75,6.4,0.11000000000000001,0.026,,0.013,,0.42500000000000004
paprika,Paprika,4,1.0000003576278687,141.13288718929255,26.995,,30.6,5.17,,6.445,0.0,1.07,0.0,0.0,0.453,7.07,2463.0,29.1,0.0,0.6,0.33,1.23,10.06,2.51,2.141,49.0,0.0,51.5,,80.3,9000.0,167.25,14.0075,178.0,314.0,1140.0,34.0,4.33,0.713,,1.59,,6.3
paratha,Paratha,1,0.8427519202232361,326.0,45.35,,9.6,4.15,,13.2,1.0,5.826,0.0,0.0,,6.36,2.0,1.35,0.0,0.0,0.088,0.076,1.83,,0.08,8.0,0.0,6.3,,3.4,,25.0,1.61,37.0,120.0,139.0,452.0,0.82,0.146,,,,7.1
parmesan_cheese,Parmesan Cheese,5,1.0000001192092896,374.2,2.142,,1.44,2.142,,27.0,82.6,16.574,,,,35.284000000000006,,,0.0,0.0,,,,,,,,,,,205.0,1262.6,0.0,,,69.8,1421.4,,,,,,
parsley,Parsley,5,0.8812885880470276,138.45391969407265,24.054,,12.66,3.418,,2.6660000000000004,0.0,0.6304000000000001,0.0,0.0,1.86,12.434000000000001,291.4,4.034000000000001,0.0,129.8,0.13,1.012,4.765,0.6648000000000002,0.414,163.2,0.0,46.519999999999996,,1527.8,,538.8,12.536,190.0,209.2,1405.6,214.4,2.818,0.4013999999999999,,4.0200000000000005,,5.7
parsley_root,Parsley Root,5,0.8138644099235535,53.48948374760994,10.906,,2.78,1.19,,0.774,0.0,0.16040000000000001,0.0,0.0,,2.5100000000000002,252.6,0.5539999999999999,0.0,81.8,0.06160000000000001,0.07240000000000002,1.0878,0.32120000000000004,0.11800000000000002,95.6,0.0,19.2,,984.0400000000002,,89.2,3.960000000000001,47.2,48.4,498.4,38.8,0.7779999999999999,0.1798,,0.1876,,0.33999999999999997
parsnip,Parsnip,5,0.8495463132858276,90.585086042065,18.554000000000002,,5.56,3.81,,0.8899999999999999,0.4,0.17300000000000001,0.0,0.0,,3.0260000000000002,2.75,1.21,0.0,11.120000000000001,0.084,0.050499999999999996,0.71225,0.592,0.0955,53.6,0.0,26.8,,6.9,0.0,35.0,1.1300000000000001,29.8,69.0,339.2,128.4,0.53,0.1325,,0.3826666666666667,,1.7000000000000002
partridge,Partridge,1,0.7157819271087646,294.0,0.0,,0.0,0.0,,22.8,88.0,6.593,0.005,0.005,,22.25,19.0,0.46,1.1,0.0,0.029,0.185,9.202,,0.516,5.0,1.45,77.0,,0.0,,13.0,0.59,25.0,217.0,217.0,485.0,1.31,0.054,,,,24.2
pasilla_chile,Pasilla Chile,1,0.9857886433601379,0.0,0.0,,0.0,0.0,,0.0,0.0,0.0,,,,0.0,,,,0.0,,,,,,,,,,,0.0,0.0,0.0,,,,0.0,,,,,,
passion_fruit,Passion Fruit,5,0.9480975270271301,67.37782026768642,16.654,,2.2199999999999998,14.088,,0.23399999999999999,0.0,0.019,0.0,0.0,,0.818,41.6,0.01,0.0,21.619999999999997,0.0,0.1036,1.6048000000000002,,0.057999999999999996,8.0,0.0,4.24,,0.41999999999999993,,5.4,0.532,17.4,27.2,258.8,10.0,0.057999999999999996,0.05299999999999999,,,,0.19999999999999998
pasta,Pasta,5,0.9032297730445862,233.0,44.164,,3.8800000000000003,2.24,,2.414,1.6,0.315,0.0,0.0,,8.562,0.0,2.53,0.0,6.7,0.7573333333333334,0.2776666666666667,4.726333333333334,,0.47100000000000003,131.33333333333334,0.0,6.4,,0.0,0.0,12.2,1.964,62.5,163.0,117.25,175.75,0.51,0.099,,,,26.2
pasta_sauce,Pasta Sauce,5,1.0,111.8,21.485999999999997,,2.02,4.608,,1.568,0.0,0.0,,,,3.6340000000000003,,,0.0,12.05,,,,,,,,,,,70.75,23.8,1.4700000000000002,,,183.0,457.6,,,,,,
pastila,Pastila,1,0.6856806874275208,536.0,64.29,,0.0,21.43,,28.57,18.0,8.93,,,,3.57,,,,,0.0,0.243,2.857,,,143.0,,,,,,36.0,2.14,,,71.0,250.0,3.21,,,,,
pastis,Pastis,1,0.6850735545158386,147.0,0.36,,0.0,0.1,,5.82,68.0,2.681,0.0,0.0,,21.8,2.0,0.12,0.1,0.3,0.052,0.161,4.26,,0.221,6.0,1.87,81.6,,0.7,,10.0,2.22,17.0,175.0,210.0,1078.0,4.98,0.091,,,,17.7
pastrami,Pastrami,4,0.9999997615814209,146.3116634799235,1.7599999999999998,,0.05,1.6949999999999998,,5.9,68.75,1.8152499999999998,0.013333333333333334,0.0,,20.7425,3.3333333333333335,0.18666666666666665,0.16666666666666666,4.125,0.054,0.22033333333333335,3.771333333333333,0.58,0.25366666666666665,5.333333333333333,0.7833333333333335,71.66666666666667,,0.2333333333333333,,8.0,3.2975000000000003,15.0,191.66666666666666,394.75,1023.0,3.1,0.06366666666666666,,0.013,,16.633333333333333
pastry,Pastry,5,0.9123958349227905,408.8175908221798,37.294000000000004,,1.1199999999999999,6.432,,25.436,44.8,6.756399999999999,0.003,0.0012000000000000001,,8.166,56.4,1.0859999999999999,0.34,0.24000000000000005,0.283,0.255,2.7858,0.304,0.05600000000000001,56.8,0.22799999999999998,29.919999999999998,,9.8,,43.0,2.072,15.6,103.4,115.0,310.4,0.774,0.08659999999999998,,0.351,,17.22
pate,Pate,5,0.7481353878974915,305.40152963671125,5.798,,0.0,0.0,,25.396,294.6,8.18,0.0,0.0,,12.629999999999999,530.6,0.98,0.0,6.0,0.06639999999999999,0.9602000000000002,5.5142,1.9100000000000001,0.18000000000000002,216.6,8.602,228.80000000000004,,0.0,,34.0,7.714,13.0,185.0,112.2,510.4,1.652,0.268,,0.14100000000000001,,45.260000000000005
pea,Pea,5,0.9262959361076355,140.20458891013385,21.176,,7.1,5.336,,3.25,1.6,0.4544,0.0005,0.0,,6.960000000000001,55.0,0.46,0.0,15.36,0.21000000000000002,0.10250000000000001,1.4775,0.104,0.127,51.5,0.01,25.1,,38.4,32.0,34.6,1.73,23.5,79.0,336.0,229.4,0.8200000000000001,0.119,,0.41,,1.35
pea_shoot,Pea Shoot,5,0.8033965826034546,135.2,20.717999999999996,,6.3,4.11,,3.09,1.6,0.44020000000000004,0.001,0.0,,6.514,72.0,0.79,0.0,7.360000000000001,0.154,0.073,0.865,,0.085,38.0,0.02,21.8,,52.0,21.333333333333332,28.6,1.6039999999999999,14.0,50.0,279.2,305.6,0.4,0.062,,,,0.9
peach,Peach,5,1.0000001192092896,170.2,30.982,,2.38,19.962,,4.826,14.4,1.0262,0.0,0.0,,2.9200000000000004,66.0,0.45999999999999996,0.0,2.84,0.006500000000000001,0.13179999999999997,1.90875,0.244,0.07566666666666667,14.0,0.06666666666666667,9.399999999999999,,8.933333333333332,,72.4,1.424,17.666666666666668,96.25,427.6666666666667,85.8,0.7733333333333333,0.18099999999999997,18.0,0.0,,2.533333333333333
peach_gum,Peach Gum,5,0.8125354051589966,151.6,20.99,,0.44000000000000006,14.203999999999999,,6.572,21.0,2.1740000000000004,,,,3.5380000000000003,,,0.5,2.94,0.0,0.133,1.227,0.135,0.135,36.0,0.2,,,8.1,22.0,75.2,0.502,3.0,68.0,122.66666666666667,99.0,1.52,0.101,18.0,0.0,,5.0
peanut,Peanut,5,0.9325358867645264,440.8,29.436,,4.859999999999999,19.018,,32.458,2.4,9.8696,0.0,0.0,,14.296000000000001,13.333333333333334,4.786666666666666,0.0,2.2,0.28099999999999997,0.12766666666666668,8.8495,,0.31133333333333335,120.33333333333333,0.0,43.5,,6.933333333333334,,69.8,1.8960000000000001,125.33333333333333,266.3333333333333,475.75,229.0,2.1633333333333336,0.5529999999999999,,1.0,,5.666666666666667
peanut_butter,Peanut Butter,5,0.9999997615814209,504.2,44.903999999999996,,4.9399999999999995,23.895999999999997,,32.572,4.8,9.59,,,,12.656,,5.0,,0.0,,0.106,12.5,,,125.0,,,,,0.0,54.0,2.304,188.0,,512.6666666666666,270.4,,,,,,
peanut_oil,Peanut Oil,5,0.9999994039535522,677.4,21.904,,1.5999999999999999,28.573333333333334,,65.904,4.8,12.622,,,,1.904,,,,0.0,,,,,,,,,,,,32.0,1.14,,,0.0,95.2,,,,,,
peanut_sauce,Peanut Sauce,5,0.9999996423721313,237.4,26.091999999999995,,1.78,19.804000000000002,,13.189999999999998,2.0,2.5100000000000002,,,,6.696,,,,0.5,,,,,,,,,,,0.0,29.2,0.53,,,96.0,745.0,,,,,,
pear,Pear,5,0.8457963466644287,57.0,15.23,,3.1,9.75,,0.14,0.0,0.022,0.0,0.0,,0.36,1.0,0.12,0.0,4.3,0.012,0.026000000000000002,0.161,0.049,0.029000000000000005,7.0,0.0,5.1,,4.4,,9.0,0.18,7.0,12.0,116.0,1.0,0.1,0.082,,0.048,,0.1
pearl_mushroom,Pearl Mushroom,5,0.7917332649230957,32.36137667304015,6.442,,2.46,1.4940000000000002,,0.32199999999999995,0.0,0.0492,0.0,0.0,,2.7619999999999996,1.2,0.004,11.66,0.0,0.13340000000000002,0.30619999999999997,5.607600000000001,0.8844000000000001,0.0884,31.2,0.0,49.660000000000004,0.0,0.0,,2.2,0.9179999999999999,14.8,101.6,333.6,11.2,0.762,0.2472,,0.09140000000000001,,2.44
pecan,Pecan,5,0.88108229637146,694.2,13.982,3.3,9.66,3.7980000000000005,,71.85400000000001,0.0,6.364,0.0,0.0,,9.398,3.0,1.3999999999999997,0.0,0.66,0.796,0.0975,1.7085000000000001,0.64725,0.24075000000000002,20.0,0.0,40.5,,3.5,0.0,74.6,2.382,125.2,277.0,429.0,0.0,4.456,1.4866,,4.5,29.0,3.7999999999999994
pecorino_cheese,Pecorino Cheese,5,0.9236183762550354,289.6,10.506,,0.82,0.266,,18.964000000000002,55.0,13.684000000000001,,,,19.174,,,0.0,0.75,,,,,,,,,,,64.5,582.8,0.254,5.0,536.0,109.5,1356.6,0.1,0.053,,0.0,,
pectin,Pectin,5,0.9092977046966553,481.7988527724665,26.815999999999995,,7.9,2.9775,,43.242000000000004,0.0,3.718,0.0,0.0,,5.562,1.8,1.0499999999999998,0.0,0.66,0.3976,0.09,0.7012,0.67475,0.128,13.4,0.0,30.375,,2.625,,43.4,2.0599999999999996,72.8,166.6,247.4,40.0,2.8120000000000003,0.8039999999999999,,3.3925,,2.28
pennywort,Pennywort,1,0.6993586421012878,168.0,30.97,,1.8,0.0,,2.21,0.0,0.0,,,,6.19,,,,0.0,,,,,,,,,,,,18.0,0.0,,,,230.0,,,,,,
peperomia_pellucida,Peperomia Pellucida,1,0.6606729030609131,18.0,3.57,,3.6,0.0,,0.0,18.0,6.0,,,,0.0,,,,3.0,0.0,0.911,,,0.286,,1.71,,,,,48.0,2.57,,357.0,268.0,1286.0,2.14,,,,,
pepino_melon,Pepino Melon,5,0.7962992787361145,352.45583173996175,76.204,,3.6,1.7874999999999999,,1.698,0.0,0.0,,,,10.964,0.0,,0.0,0.35,0.9652,0.3842,5.9214,21.477,0.95,177.8,102.68,,,,0.0,33.4,3.476,146.0,116.0,364.0,17.6,7.52,5.07,,1.151,,45.3
peppadew_pepper,Peppadew Pepper,5,0.8198199272155762,130.2,10.075999999999999,,1.08,4.872,,9.114,17.75,4.435,,,,5.1259999999999994,,,0.0,64.0,,,,,,,,,,,32.0,36.25,0.8880000000000001,,,214.33333333333334,416.8,,,,,,
pepper_jelly,Pepper Jelly,5,0.9999998807907104,238.4,49.976000000000006,,0.0,43.976000000000006,,3.572,7.2,2.5,,,,2.8579999999999997,,,0.0,8.0,,,,,,,,,,,0.0,14.2,0.0,,,15.5,157.2,,,,,,
peppercorn_sauce,Peppercorn Sauce,5,0.8943924307823181,268.0,19.753999999999998,,0.0,13.016,,20.419999999999998,31.0,4.2325,,,,1.718,,,0.0,8.0,,,,,,,,,,,0.0,33.5,0.0,,,19.5,768.6,,,,,,
peppermint,Peppermint,5,0.8788996338844299,229.0114722753346,29.244,,3.2,33.943333333333335,,10.779999999999998,15.2,9.136399999999998,,,,4.116,212.0,,0.0,12.72,0.082,0.266,1.706,0.338,0.129,114.0,0.0,,,,81.0,173.0,2.032,80.0,73.0,352.8,54.2,1.11,0.329,,1.176,,
pepperoncini,Pepperoncini,5,0.9999999403953552,32.4,5.712,,0.72,2.142,,0.0,0.0,0.0,,,,0.0,,,0.0,25.920000000000005,,,,,,,,,,,0.0,35.6,2.052,,,28.5,1550.0,,,,,,
pepperoni,Pepperoni,5,0.9999997019767761,360.0,12.658,0.0,0.41999999999999993,2.2199999999999998,,28.538,46.6,11.101600000000001,0.004,0.004,,14.684000000000001,0.0,1.03,1.65,1.6799999999999997,0.271,0.257,4.987,,0.362,5.0,1.3,51.2,,5.8,129.0,112.6,1.534,18.0,158.0,315.5,1040.0,2.44,0.091,,,,29.0
perch,Perch,5,0.8010414838790894,83.8244741873805,0.0,,0.0,0.0,,1.292,67.2,0.2378,0.16140000000000002,0.0688,0.015,16.942,10.8,0.536,1.92,0.6799999999999999,0.052000000000000005,0.0688,1.2109999999999999,0.46319999999999995,0.0918,7.4,1.6600000000000001,65.0,0.20000000000000004,0.1,,48.8,0.4920000000000001,25.8,228.8,219.8,197.0,0.6180000000000001,0.07260000000000001,,0.2865999999999999,,22.2
perilla,Perilla,1,0.6710333824157715,0.0,0.0,,0.0,,,0.0,0.0,0.0,0.0,0.0,,0.0,0.0,,,0.0,0.0,0.0,0.0,0.0,0.0,0.0,0.0,,,,,14.0,0.0,0.0,0.0,0.0,1.0,0.0,0.0,,0.0,,0.0
perilla_oil,Perilla Oil,5,0.7285526990890503,807.6,0.0,,0.0,0.0,,94.666,20.0,8.284,,,,0.0,,1230.6666666666667,0.0,0.0,,,,,,,,,,,,0.0,0.0,,,0.0,166.6,,,,,,
periwinkle,Periwinkle,1,0.7122980952262878,282.0,54.12,,4.7,18.82,,7.06,6.0,2.35,,,,4.71,,,,17.6,,,,,,,,,,,,118.0,6.35,,,82.0,306.0,,,,,,
persimmon,Persimmon,5,0.9061174988746643,232.6057361376673,55.977999999999994,,6.9799999999999995,26.727500000000003,,0.6839999999999999,0.0,0.02325,0.0,0.0,,3.6739999999999995,77.0,1.1333333333333333,0.0,4.75,0.279,0.09659999999999999,1.5166,,0.14633333333333332,37.25,41.072,11.799999999999999,,4.033333333333333,,12.6,0.6140000000000001,18.25,40.0,349.8,1.4,0.235,0.24275000000000002,,0.8724999999999999,,1.0333333333333334
pesto,Pesto,5,1.0000003576278687,432.8,9.734,,0.9199999999999999,3.8579999999999997,,39.977999999999994,14.2,6.9,,,,7.858,,,0.0,33.53333333333333,,,,,,,,,,,302.5,278.8,1.366,,,318.75,695.8,,,,,,
petai_bean,Petai Bean,5,0.7643108367919922,63.2,10.452,,3.2,2.2700000000000005,,1.566,0.0,1.03,,,,2.34,,,0.0,54.7,0.0,0.052,0.6155,,,18.5,,,,,23.333333333333332,31.0,0.674,37.333333333333336,93.33333333333333,140.4,206.4,2.5925,,,,,
petis,Petis,1,0.7391561269760132,112.0,27.23,,0.4,0.39,,0.14,0.0,0.029,0.0,0.0,,0.38,3.0,2.3,0.0,4.0,0.13,0.04,1.1,0.293,0.273,21.0,0.0,16.7,,1.0,,16.0,0.88,24.0,39.0,183.0,12.0,0.22,0.166,,0.37,,0.7
pheasant,Pheasant,2,0.8629748821258545,238.26386233269596,0.0,,0.0,0.0,,12.075,89.0,3.9,0.0,0.0,,32.33,57.0,0.27,0.2,2.3,0.07,0.1795,7.5145,,0.7484999999999999,5.0,0.72,85.6,,4.9,,16.0,1.4249999999999998,22.0,241.5,270.5,124.0,1.3650000000000002,0.084,,,,20.65
phyllo_dough,Phyllo Dough,2,1.0,300.0,61.43,,1.4,4.29,,2.14,0.0,0.0,,,,8.57,,,0.0,,,,,,,,,,,,,11.0,2.86,,,117.0,386.0,,,,,,
picada,Picada,5,0.7890879511833191,43.2,8.496,,2.4200000000000004,4.392,,0.0,0.0,0.0,,,,0.0,,,0.0,7.0,,,,,,,,,,,60.0,0.0,0.18,,,80.8,606.8,,,,,,
pickapeppa_sauce,Pickapeppa Sauce,5,0.7906161546707153,115.2,17.65,,0.82,6.064,,3.378,0.0,0.75,,,,4.202,,,0.0,15.125,0.0,,,,0.714,,,,,,64.0,63.2,1.9260000000000002,214.0,143.0,255.66666666666666,2751.6,,,,,,
pickle_juice,Pickle Juice,5,0.8285548686981201,62.4,12.48,,0.36,7.843999999999999,,1.072,0.0,0.0,,,,1.064,,1.0,,13.460000000000003,0.0,,,,0.714,42.0,,,,63.2,0.0,35.6,0.898,214.0,143.0,121.0,602.2,2.67,,,,,
pickle_relish,Pickle Relish,5,0.9504827260971069,84.4,23.682,,1.3,22.2825,,0.186,0.0,0.049,0.0,0.0,,0.374,34.5,0.58,0.0,1.0,0.02,0.036500000000000005,0.3665,0.007,0.015,1.0,0.0,4.9,,83.8,,4.0,1.06,12.0,27.0,51.5,940.2,0.175,0.0835,,0.015,,0.0
pickled_cucumber,Pickled Cucumber,5,0.9679501056671143,92.2,10.33,,0.4800000000000001,4.6899999999999995,,4.566000000000001,18.8,1.1576,0.0,0.0,,4.12,101.0,0.33499999999999996,0.0,14.940000000000001,0.02366666666666667,0.074,0.5075000000000001,,0.325,24.5,0.0,11.350000000000001,,7.7,0.0,79.4,1.8,79.66666666666667,68.0,203.0,1193.4,0.225,0.0385,,,,0.2
pickled_ginger,Pickled Ginger,5,0.9999997615814209,154.4,13.225999999999999,,2.2800000000000002,5.306,,8.654,37.6,2.3893999999999997,0.0,0.0,,6.714,0.0,0.18,0.0,3.4200000000000004,0.01,0.015,0.022,,0.3755,1.0,0.0,10.5,,2.2,73.0,75.0,1.6119999999999997,109.0,72.5,89.66666666666667,1246.2,0.04,0.018,,,,0.4
pickled_mustard_green,Pickled Mustard Green,5,0.8660451769828796,38.8,7.9159999999999995,,2.38,5.029999999999999,,0.29599999999999993,0.0,0.022399999999999996,0.0,0.0,,1.8299999999999996,71.8,0.96,0.0,39.08,0.05960000000000001,0.07339999999999999,0.5508,0.21,0.1234,16.4,0.0,5.8,,121.82000000000001,,62.8,0.8619999999999999,21.4,39.2,270.0,579.2,0.20600000000000002,0.0978,,,,0.6199999999999999
pickled_onion,Pickled Onion,5,0.9072895646095276,138.2,10.014,,1.1,4.838000000000001,,8.675999999999998,37.6,2.3936,0.0,0.0,,7.186,194.0,0.57,0.0,17.880000000000003,0.0185,0.073,0.66,,0.4265,37.0,0.0,14.8,,37.5,26.0,71.4,1.7259999999999998,112.0,86.0,156.75,1244.0,0.18,0.032,,,,0.2
pickled_radish,Pickled Radish,5,0.9270648956298828,31.792734225621416,6.813999999999998,,1.6,4.746,,0.172,0.0,0.048799999999999996,0.0,0.0,,0.7380000000000001,42.2,0.15799999999999997,0.0,13.620000000000001,0.0188,0.044000000000000004,0.33520000000000005,0.195,0.0804,21.8,0.0,8.680000000000001,,7.8,,27.2,0.21600000000000003,9.0,23.0,239.8,762.6,0.198,0.05940000000000001,,0.057,,0.44000000000000006
pickled_sakura_blossom,Pickled Sakura Blossom,5,0.7760615944862366,41.6,9.248000000000001,,1.8800000000000001,5.356,,0.22199999999999998,0.0,0.06219999999999999,0.0,0.015,,1.3980000000000001,20.2,0.31799999999999995,0.0,10.48,0.0248,0.06920000000000001,0.38,0.202,0.0718,39.6,0.0,16.98,,33.02,,51.6,0.6359999999999999,19.8,29.0,275.4,874.4,0.26,0.0632,,0.238,,0.64
pickled_vegetable,Pickled Vegetable,5,0.9468299150466919,47.8,10.584,,1.6,8.27,,0.246,0.0,0.06179999999999999,0.0,0.0,,1.1440000000000001,49.4,0.302,0.0,20.98,0.03380000000000001,0.06080000000000001,0.4718,,0.10600000000000001,23.8,0.0,15.200000000000003,,13.6,,19.6,0.31799999999999995,13.4,29.0,205.6,960.8,0.21200000000000002,0.048799999999999996,,,,0.44000000000000006
pickling_spice,Pickling Spice,5,0.8672611117362976,79.0,15.307999999999998,,2.7600000000000002,6.65,,1.1760000000000002,0.0,0.0218,0.0,0.0,,1.008,56.0,0.855,0.0,28.6,0.024000000000000004,0.057499999999999996,0.49850000000000005,,0.3413333333333333,18.5,0.0,6.75,,13.5,120.0,49.4,0.9540000000000001,76.0,58.0,179.0,808.2,0.115,0.0435,,,,0.25
pie_crust,Pie Crust,5,0.9180644750595093,441.0,49.922,,0.6,1.2333333333333334,,23.418,7.6,7.4396,0.0,0.0,,5.994,0.0,,0.0,0.0,0.196,0.16949999999999998,2.104,0.268,0.064,104.0,0.0,,,,0.0,24.4,1.7760000000000002,15.0,86.0,55.25,607.4,0.4,0.075,,0.315,,22.9
pie_filling,Pie Filling,5,0.9275345206260681,168.6,38.818000000000005,,1.04,32.946,,1.386,31.75,0.4165,0.0,0.0,,1.178,91.0,0.75,0.9,3.6333333333333333,0.079,0.169,0.463,,0.035,27.0,0.26,85.0,,4.2,,8.25,0.31399999999999995,7.0,66.0,82.6,41.0,0.46,0.02,,,,11.1
pigeon,Pigeon,5,0.754324734210968,220.39770554493307,9.552,,2.04,1.2,,11.39,57.6,3.0307999999999997,0.028399999999999998,0.005200000000000001,,19.086000000000002,16.8,0.404,0.04,15.6,0.1912,0.18480000000000002,4.3374,0.68,0.18800000000000003,73.2,2.624,75.88000000000001,,10.68,,24.2,2.764,39.8,162.4,377.4,168.8,1.486,0.1308,,0.574,,15.24
pigeon_egg,Pigeon Egg,5,0.7813774943351746,231.8,29.641999999999996,,0.58,22.618000000000002,,8.374,74.6,2.6919999999999997,,,,9.239999999999998,,2.0,0.6666666666666666,0.0,0.0,1.135,,2.1956666666666664,0.19366666666666665,51.0,653.36,294.0,,,0.0,42.0,1.25,,238.0,127.8,185.2,1.2733333333333334,,52.0,,17.0,30.0
pigeon_pea,Pigeon Pea,5,0.8604663014411926,110.8,20.704,,4.98,1.9625,,0.6060000000000001,0.0,0.066,,,,6.611999999999999,1.0,,0.2,5.279999999999999,0.643,0.187,2.965,1.266,0.283,456.0,0.0,,,,16.0,39.8,1.846,183.0,367.0,419.4,163.6,2.76,1.057,,1.791,,8.2
pike,Pike,5,0.8057368993759155,104.21223709369023,0.0,,0.0,0.0,,2.6999999999999997,60.0,0.5174000000000001,0.11000000000000001,0.1242,,18.714000000000002,13.8,0.372,11.48,2.4999999999999996,0.08320000000000001,0.0672,1.8799999999999997,0.75,0.1468,13.0,1.7920000000000003,65.0,,0.1,,55.2,0.8960000000000001,30.0,294.0,290.6,47.6,1.0820000000000003,0.0732,,0.2528,,12.6
piloncillo,Piloncillo,5,0.7158569693565369,85.0,6.7459999999999996,,1.52,3.502,,5.574,3.4,1.702,0.0,0.0,,1.546,133.0,0.69,0.0,84.9,0.017,0.06,0.615,0.01,0.215,6.0,0.0,6.3,,8.3,,30.8,1.3439999999999999,6.0,17.0,140.4,204.6,0.19,0.049,,0.092,,0.2
pimento,Pimento,5,0.8746982216835022,93.4,4.426,,1.5399999999999998,2.292,,6.4799999999999995,18.8,3.9686,0.0,0.0,,5.306,155.2,0.61,0.1,68.38000000000001,0.019,0.11879999999999999,0.5075999999999999,0.10500000000000001,0.18619999999999998,6.4,0.13999999999999999,11.98,,7.220000000000001,,127.6,1.428,9.2,162.4,158.8,194.2,0.748,0.0458,,0.07680000000000001,,3.06
pina_colada_mix,Pina Colada Mix,5,0.9502014517784119,249.8,57.864,,0.4800000000000001,56.258,,2.558,0.0,2.2866,0.0,0.0,,0.094,0.0,0.04,0.0,13.125,0.048,0.024,0.158,,0.081,16.0,0.0,3.6,,0.2,0.0,2.2,0.052000000000000005,12.0,10.0,29.0,44.8,0.18,0.092,,,,1.0
pine_nut,Pine Nut,5,0.9540303945541382,656.6240917782027,15.568000000000001,3.33,6.42,2.154,,65.58200000000001,0.0,6.4474,0.0,0.0,0.112,13.126,1.0,9.197999999999999,0.0,0.4800000000000001,0.6184,0.227,4.387,0.313,0.09400000000000001,34.0,0.0,55.79999999999999,,53.9,,13.2,4.722,250.6,575.0,609.4,29.2,6.45,1.2227999999999999,,6.8812,,0.6999999999999998
pine_pollen,Pine Pollen,5,0.7992115616798401,535.2,22.754,3.33,6.959999999999999,6.63,,46.706,3.6,7.134,,,,9.708,,10.333333333333334,0.0,0.0,0.6666666666666666,0.119,1.404,,,42.0,,,,,,32.4,3.022,243.66666666666666,175.0,504.0,194.4,,0.8329999999999999,,2.6666666666666665,25.0,
pineapple,Pineapple,5,0.999999463558197,179.0279576,35.4528775,11.42,1.04076,53.47,,4.128780000000001,9.0,3.957,0.0,0.0,,1.2225625,4.0,0.05,0.0,41.385999999999996,0.06205000000000001,0.10200000000000001,0.5263,,0.148325,33.0,0.0,14.6,,1.9,,34.9,0.3164,18.785,7.3149999999999995,194.075,84.2,0.155025,0.1355875,,0.866,0.0,0.5
pink_pepper,Pink Pepper,5,0.8373660445213318,98.4,14.534,,0.4,8.134,,4.0,20.75,2.9175,,,,1.534,,,0.0,48.0,,,,,,,,,,,,4.25,0.738,0.0,,15.0,19917.2,,,,,,
pink_sauce,Pink Sauce,5,0.831805944442749,81.0,19.652,,1.6799999999999997,14.442000000000002,,0.08,0.0,0.0,,,,3.016,,,0.0,4.5600000000000005,,,,,,,,,,,360.0,6.4,0.6279999999999999,,,291.6666666666667,1487.0,,,,,,
pinto_bean,Pinto Bean,5,0.9733495116233826,118.8,17.178000000000004,,5.8999999999999995,0.29800000000000004,,3.112,2.2,0.4295999999999999,0.0,0.0,,6.311999999999999,0.5,1.975,0.025,0.25999999999999995,0.11566666666666665,0.09566666666666666,1.2263333333333333,,0.2195,113.2,0.11,36.7,,9.15,0.0,35.0,1.152,44.5,144.5,316.8,248.0,1.2,0.197,,,,7.800000000000001
pionono,Pionono,1,0.6970023512840271,23.0,5.1,,1.9,2.71,,0.3,0.0,0.045,0.0,0.0,,1.1,133.0,0.69,0.0,84.9,0.017,0.06,0.615,0.01,0.215,6.0,0.0,6.3,,8.3,,6.0,1.68,6.0,17.0,158.0,14.0,0.19,0.049,,0.092,,0.2
piquante_sauce,Piquante Sauce,5,0.80245041847229,290.6,18.258,,3.7800000000000002,9.786,,20.528,15.6,3.214,,,,11.169999999999998,,,0.0,34.63333333333333,,,,,,,,,,,17.0,112.4,2.2560000000000002,,,144.0,660.6,,,,,,
piquillo_pepper,Piquillo Pepper,4,0.9651905298233032,111.25,9.065,,2.4,6.86,,7.3275,0.0,0.8625,,,,2.25,,,0.0,88.5,,,,,,,,,,,0.0,21.5,0.4575,,,314.3333333333333,282.75,,,,,,
piri_piri,Piri Piri,1,0.659693717956543,375.0,1.73,,0.1,0.62,,31.2,94.0,19.663,0.0,0.0,,22.13,244.0,0.29,0.5,2.3,0.027,0.354,0.078,0.485,0.071,8.0,0.7,34.7,,2.9,,614.0,0.42,22.0,744.0,162.0,915.0,2.98,0.033,,0.016,,14.5
pisco,Pisco,5,0.7036482691764832,375.0,1.73,,0.1,0.62,,31.2,94.0,19.663,0.0,0.0,,22.13,244.0,0.29,0.5,2.3,0.027000000000000003,0.354,0.078,0.485,0.071,8.0,0.7,34.7,,2.9,,614.0,0.42000000000000004,22.0,744.0,162.0,915.0,2.98,0.033,,0.016,,14.5
pistachio,Pistachio,5,0.9999999403953552,498.6,27.362000000000002,,7.56,10.314,,39.54600000000001,4.4,5.349,0.0,0.0,,17.38,13.0,1.585,0.3333333333333333,0.75,0.8983333333333333,0.6835,1.373,,1.1255,53.5,0.0,71.4,,13.2,60.0,111.2,3.248,147.25,456.5,842.0,313.8,2.23,1.347,,1.3333333333333333,,10.0
pistachio_oil,Pistachio Oil,5,0.8566504716873169,726.8,10.99,,6.766666666666667,4.803333333333334,,75.83,0.0,9.035,0.0,0.0,,8.209999999999999,13.0,1.585,0.0,1.0,0.8474999999999999,0.6835,1.373,,1.2275,53.5,0.0,71.4,,13.2,60.0,80.0,2.5433333333333334,121.0,484.5,680.0,47.8,2.23,1.313,,1.0,,10.0
pita_bread,Pita Bread,5,0.9550707340240479,267.98011472275334,56.576,,4.62,4.304,,1.476,0.0,0.1888,0.0,0.0,,9.331999999999999,0.0,0.48,0.0,0.06,0.4264,0.172,3.4295999999999998,0.831,0.1768,60.4,0.0,21.619999999999997,,1.02,,42.6,2.858,52.2,146.8,167.8,450.6,1.232,0.24359999999999998,,1.74,,36.38
pizza_crust,Pizza Crust,5,0.9999994039535522,330.0,61.827999999999996,,2.4,4.618,,5.214,0.0,1.41,,,,8.536,,,0.0,1.8333333333333333,0.75,0.5115,6.1745,,,234.0,,,,,,10.8,3.386,,,146.25,669.0,,,,,,
pizza_sauce,Pizza Sauce,5,0.9999998211860657,54.8,8.370000000000001,,1.78,5.444,,1.614,0.0,0.078,,,,2.546,,,0.0,8.24,,,,,,,,,,,122.5,14.6,0.9800000000000001,,,304.8,362.6,,,,,,
plant_based_cheese,Plant Based Cheese,5,0.951593279838562,134.4,9.852,0.0,0.6199999999999999,1.0919999999999999,,8.474,2.8,6.3660000000000005,,,,4.775,,,1.0,52.1,,,,,,,0.96,,,,46.0,364.6,2.374,,,88.4,350.4,,,,,,
plant_based_cream,Plant Based Cream,5,0.8108784556388855,108.6,7.392,,0.8600000000000001,2.094,,7.194,0.0,3.4620000000000006,,,,3.7739999999999996,,,1.0,6.35,,0.2,,,0.211,,0.47666666666666674,,,,,202.8,2.1525,81.5,212.0,75.0,250.4,2.26,,,,,
plant_based_ham,Plant Based Ham,5,0.8471347093582153,174.2,5.736,,3.15,1.2959999999999998,,9.654,20.2,5.2428,0.0,0.0,,17.302,13.0,0.2,0.2333333333333333,17.65,0.0905,0.4265,4.24375,0.9693333333333335,0.365,1.0,0.925,74.2,,0.0,,15.75,2.9379999999999997,19.0,194.0,317.25,811.8,3.4175,0.124,,,,34.2
plant_based_milk,Plant Based Milk,5,0.9167401194572449,54.0,3.9159999999999995,,0.48,3.082,,2.5839999999999996,0.0,0.294,,,,3.3299999999999996,,,2.0,,,0.14679999999999999,,,,,0.4600000000000001,23.0,,,61.25,172.6,0.484,10.8,188.6,193.4,52.6,,,,,,
plantain,Plantain,5,0.9095230102539062,201.95717017208412,39.593999999999994,,2.0599999999999996,14.610000000000003,,5.858000000000001,0.0,2.2196000000000002,0.0,0.0,0.0,1.746,55.0,0.1375,0.0,20.48,0.06,0.07450000000000001,0.6585000000000001,0.3,0.23424999999999999,21.0,0.0,13.4,0.0,29.3,,2.4,0.43800000000000006,35.75,31.75,529.2,61.4,0.1875,0.0735,,0.144,,1.5
plum,Plum,5,0.8623285889625549,123.53346080305928,32.404,,3.6799999999999997,21.204,,0.32,0.0,0.0454,0.0,0.0,,1.2919999999999998,25.8,0.32799999999999996,0.0,5.94,0.0372,0.09,1.003,0.24979999999999997,0.0994,4.6,0.0,5.18,,27.639999999999997,,20.8,0.47400000000000003,20.6,37.2,387.0,0.8,0.236,0.1466,,0.1508,,0.12
plum_sauce,Plum Sauce,5,0.8385299444198608,172.41376673040153,39.465999999999994,,0.5599999999999999,31.37666666666667,,1.524,1.8,0.7666,0.0,0.0,,0.496,7.0,0.26,0.0,2.1,0.021333333333333333,0.06466666666666666,0.815,0.059,0.06166666666666667,5.666666666666667,0.0,1.9,,6.4,,6.0,0.606,10.333333333333334,20.0,168.75,248.8,0.16,0.071,,0.114,,0.26666666666666666
plum_wine,Plum Wine,5,0.8157584071159363,47.733460803059266,11.844000000000001,,1.3199999999999998,10.422,,0.27,0.0,0.0162,0.0,0.0,,0.664,15.8,0.248,0.0,8.74,0.0258,0.024599999999999997,0.38980000000000004,0.135,0.0274,4.4,0.0,1.8,,6.08,,5.8,0.16200000000000003,6.6,15.2,146.8,0.2,0.096,0.0538,,0.052,,0.0
pluot,Pluot,1,0.6774018406867981,,0.0,,0.0,0.0,,6.25,62.0,2.23,,,,22.32,,,,0.0,,,,,,,,,,,,24.0,1.61,,,348.0,54.0,,,,,,
poblano_pepper,Poblano Pepper,5,0.8679724335670471,63.6,7.414,,1.0,1.818,,2.868,12.5,1.8075,,,,1.8579999999999999,,,,40.22,,,,,,,,,,,,28.25,1.52,,,27.0,205.2,,,,,,
pokeweed,Pokeweed,4,0.7495843172073364,67.7557361376673,11.2875,,6.1,1.55,,2.2075,0.5,0.755,0.0,0.0,,3.565,306.75,1.2,0.0,54.949999999999996,0.053500000000000006,0.21150000000000002,2.9032500000000003,0.9203333333333333,0.38350000000000006,62.25,0.0,0.5,,106.6,,240.75,1.915,86.0,73.0,352.0,57.25,1.435,0.22974999999999998,,4.608666666666667,,0.9
polenta,Polenta,5,0.9099501967430115,292.8,65.688,,2.68,0.0,,0.366,0.8,0.0,,,,5.3759999999999994,,,0.0,0.0,0.5,0.2825,3.9355,,,,,,,,,3.2,1.706,,,78.0,43.2,,,,,,
pollock,Pollock,5,0.8674547672271729,81.0,0.0,,0.0,0.0,,0.742,57.4,0.0796,0.27199999999999996,0.06366666666666666,0.001,17.735999999999997,10.333333333333334,0.31666666666666665,0.8,0.22000000000000003,0.04133333333333333,0.15,2.3976666666666664,0.31766666666666665,0.21433333333333335,3.0,2.67,75.8,0.0,0.06666666666666667,5.0,27.0,0.356,50.03333333333333,242.0,253.2,312.4,0.4166666666666667,0.043666666666666666,,0.013666666666666666,,29.633333333333336
pomegranate,Pomegranate,5,0.8979305624961853,131.07839388145317,27.868000000000002,,2.4,9.732,,0.702,0.0,0.072,0.0,0.0,,1.002,0.0,0.6,0.0,309.64,3.8402000000000003,5.352250000000001,26.352200000000003,31.80625,5.3392,1034.6,501.282,7.599999999999999,,16.4,,6.0,0.18,12.0,36.0,236.0,8.8,0.3499999999999999,0.158,,0.119,,0.5
pomegranate_molasses,Pomegranate Molasses,5,0.8857371211051941,252.0,53.05,,0.32,23.990000000000002,,0.764,1.6,0.3432,0.0,0.001,,1.582,27.0,0.21,0.0,300.0,9.7535,10.749,64.352,125.0,12.594,2539.0,1252.5,8.9,,0.4,,70.4,2.948,68.0,79.0,250.0,62.8,0.7,0.204,,,,20.9
pomelo,Pomelo,5,0.7445224523544312,290.4,12.563999999999998,,1.1,5.0440000000000005,,17.747999999999998,48.2,6.6088000000000005,0.35459999999999997,0.15819999999999998,,19.062,41.4,2.724,9.959999999999999,0.0,0.4726,0.15760000000000002,3.0408,,0.1892,20.4,1.1380000000000001,48.940000000000005,,4.699999999999999,,33.0,0.9019999999999999,32.6,217.6,385.2,297.6,0.8620000000000001,0.0846,,,,36.5
pomfret,Pomfret,1,0.6939164996147156,244.0,0.01,,0.0,0.01,,16.3,66.0,5.544,0.488,0.218,,22.96,62.0,0.9,13.7,0.0,0.591,0.142,3.726,,0.253,17.0,1.45,64.4,,3.9,,28.0,0.75,34.0,243.0,474.0,296.0,0.9,0.047,,,,45.3
pompano,Pompano,5,0.7948656678199768,188.6,0.002,,0.0,0.002,,11.334,55.8,4.1008000000000004,0.43260000000000004,0.1928,,20.35,45.0,0.33399999999999996,12.120000000000001,0.0,0.5744,0.1292,3.3031999999999995,0.75,0.21599999999999997,15.8,1.3659999999999999,56.8,,0.8599999999999998,,24.4,0.662,29.8,214.8,419.6,134.2,0.7939999999999999,0.041800000000000004,,0.013,,40.18
ponzu,Ponzu,1,0.6341387033462524,112.0,27.23,,0.4,0.39,,0.14,0.0,0.029,0.0,0.0,,0.38,3.0,2.3,0.0,4.0,0.13,0.04,1.1,0.293,0.273,21.0,0.0,16.7,,1.0,,16.0,0.88,24.0,39.0,183.0,12.0,0.22,0.166,,0.37,,0.7
poolish,Poolish,5,0.7494652271270752,252.18279158699806,6.410000000000001,,0.22000000000000003,0.196,,19.006,75.2,5.190199999999999,1.779,0.9714,,13.201999999999998,70.0,1.832,15.38,0.0,0.07600000000000001,0.17319999999999997,2.4622,,0.25579999999999997,20.6,7.26,74.22,,8.379999999999999,,49.0,1.35,39.2,178.4,337.6,2761.8,0.796,0.0722,,,,47.160000000000004
poppy_seed,Poppy Seed,5,0.8831053376197815,473.8,32.734,,13.24,7.880000000000001,,34.234,6.6,4.2128,0.0,0.0,0.273,13.222,0.0,1.77,0.0,0.5,0.5693333333333334,0.06666666666666667,0.8873333333333333,0.324,0.247,82.0,0.0,8.8,,0.0,0.0,838.0,6.359999999999999,350.3333333333333,870.0,556.5,210.8,7.646666666666666,1.627,,6.707,,13.5
porcini_mushroom,Porcini Mushroom,5,0.9338093400001526,322.2,46.826,,7.18,1.69,,1.2079999999999997,0.0,1.582,,,,15.669999999999998,,,0.0,3.2,,,,,,,,,,,,56.4,10.662,,,45491.5,28934.6,,,,,,
pork,Pork,5,0.8953341245651245,259.0,0.916,,0.0,0.0,,17.291999999999998,81.0,6.2126,0.0006000000000000001,0.0,,23.518,2.4,0.24400000000000005,0.8,0.02,0.5913999999999999,0.2932,6.656599999999999,,0.5094,1.0,0.642,80.61999999999999,,0.26,,18.2,0.9380000000000001,22.4,217.8,377.0,575.2,2.566,0.0934,,,,37.279999999999994
pork_stock,Pork Stock,5,0.8470891714096069,6.0,0.58,,0.0,0.414,,0.0,0.8,0.0,,,,0.736,,,0.0,0.0,,,,,,,,,,,7.5,1.6,0.008,,,26.4,195.8,,,,,,
port_wine,Port Wine,5,0.7668337821960449,351.5774378585086,0.57,,0.0,0.57,,28.2,123.0,16.691,0.0,0.0,,23.78,315.0,0.24,0.5,0.0,0.014000000000000002,0.24,0.06,0.21000000000000002,0.053000000000000005,18.0,1.5,15.4,,2.4,,650.0,0.43,24.0,360.0,136.0,534.0,2.6,0.022,,0.011,,14.5
portobello_mushroom,Portobello Mushroom,5,0.9178154468536377,121.50620325,12.012075,,2.2718,2.1933333333333334,,6.677924999999999,23.666666666666668,3.5833333333333335,,,,4.4725,,,0.0,0.35,0.005167,0.465,3.898,,0.09692,,,,,,,29.80875,0.44975,9.037,87.48,245.1,265.328,0.3888,0.2033,,0.04873,,14.67
potato,Potato,5,0.8710572719573975,183.6,29.341999999999995,,1.56,4.508000000000001,,4.606,8.4,1.7646000000000002,0.0,0.001,,5.658,59.666666666666664,0.4000000000000001,0.20000000000000004,5.1,0.0474,0.165,2.0212,,0.19266666666666668,34.8,0.06666666666666667,11.933333333333332,,2.533333333333333,,77.8,1.154,19.666666666666668,79.33333333333333,283.3333333333333,314.4,0.5266666666666667,0.125,,,,2.766666666666666
poultry_seasoning,Poultry Seasoning,5,0.9494190812110901,202.8,40.236000000000004,,4.5200000000000005,0.72,,5.0120000000000005,0.0,1.316,0.0,0.0,,5.836,132.0,1.32,0.0,4.8,0.264,0.191,2.97,,1.32,138.0,0.0,30.3,,805.4,90.0,398.4,14.12,224.0,171.0,515.4,6600.8,3.14,0.843,,6.857,,7.2
praline,Praline,5,0.8494932651519775,504.4,45.982000000000006,,4.5600000000000005,36.516000000000005,,33.89,1.4,4.692,,,,5.712,,,0.6666666666666666,0.0,,,32.941,,1.765,18.0,3.53,,,,0.0,41.2,1.182,,,168.8,223.2,,,,,,81.0
preserved_cabbage,Preserved Cabbage,5,0.8035592436790466,24.617590822179732,5.8,,2.5,3.2,,0.1,0.0,0.034,0.0,0.0,,1.28,5.0,0.15,0.0,36.6,0.061,0.04,0.23400000000000004,0.21200000000000002,0.124,43.0,0.0,10.7,,76.0,,40.0,0.4699999999999999,12.0,26.0,170.0,18.0,0.18,0.019,,0.16,,0.3
preserved_lemon,Preserved Lemon,5,0.8054248094558716,26.535755258126194,8.58,,2.38,2.306,,0.254,0.0,0.0366,0.0,0.0,,0.9700000000000001,1.2,0.16599999999999998,0.0,45.260000000000005,0.036199999999999996,0.0194,0.11600000000000002,0.19,0.07139999999999999,10.6,0.0,5.1,,0.02,,22.8,0.492,7.8,14.6,132.2,6.4,0.086,0.03319999999999999,,0.03,,0.34
preserved_plum,Preserved Plum,5,0.7866846919059753,123.53346080305928,32.404,,3.6799999999999997,21.204,,0.32,0.0,0.0454,0.0,0.0,,1.2919999999999998,25.8,0.32799999999999996,0.0,5.94,0.0372,0.09,1.003,0.24979999999999997,0.0994,4.6,0.0,5.18,,27.639999999999997,,20.8,0.47400000000000003,20.6,37.2,387.0,0.8,0.236,0.1466,,0.1508,,0.12
pretzel,Pretzel,5,0.9684872627258301,403.0,66.604,,3.88,3.122,,9.854,0.0,2.8642,0.0,0.0,,10.806000000000001,0.0,0.47,0.0,3.5800000000000005,0.2848,0.4328,5.324800000000001,,0.074,157.0,0.0,29.5,,2.8,,8.6,3.9560000000000004,29.0,128.0,202.8,1277.6,1.04,0.156,,,,4.4
prickly_pear,Prickly Pear,5,0.7922412157058716,11.8,3.036,,0.62,1.9460000000000002,,0.03,0.0,0.004399999999999999,0.0,0.0,,0.074,1.0,0.12,0.0,0.86,0.0024000000000000002,0.0052,0.0324,0.0,0.0056,1.4,0.0,5.1,,0.8400000000000001,,1.8,0.036,1.4,2.2,20.8,0.6,0.018,0.0154,0.0,0.0,0.0,0.02
prosciutto,Prosciutto,5,1.000000238418579,257.0,0.418,,0.0,0.0,,15.95,75.0,7.876,0.0,0.0,,28.060000000000002,0.0,0.28,0.225,0.0,0.7835,0.242,3.881,,0.42,5.0,0.88,105.5,,0.0,0.0,107.0,0.8620000000000001,25.0,318.0,334.0,2071.2,2.81,0.108,,,,25.8
prosecco,Prosecco,5,0.8612769842147827,138.2,23.933999999999997,,1.6400000000000001,1.474,,2.026,1.2,0.542,,,,3.724,,,0.0,12.6,0.5,0.455,7.143,,,57.0,,,,,,26.4,0.968,,,97.75,232.8,6.17,,,,,
provolone_cheese,Provolone Cheese,5,0.9300903081893921,357.0,2.45,,0.0,0.56,,28.130000000000003,85.0,16.2,0.0,0.0,,23.45,200.0,0.23000000000000004,0.0,0.0,0.019,0.321,0.156,,0.073,10.0,1.46,15.4,,2.2,,749.0,0.0,30.0,494.0,95.0,601.0,3.8899999999999997,0.0,,,,14.5
prune,Prune,5,0.905383288860321,110.6,27.95,,2.56,20.352,,0.13400000000000004,0.0,0.0234,0.0,0.0,,1.002,8.4,0.268,0.0,2.84,0.0238,0.1212,0.9914,0.107,0.1938,1.0,0.0,4.38,,18.360000000000003,,20.0,0.974,20.0,34.8,373.2,3.0,0.254,0.1298,,0.151,,0.5800000000000001
psyllium_husk,Psyllium Husk,5,0.7508344650268555,428.2,23.574,,7.56,9.054,,34.036,4.4,4.856,,,,16.696000000000005,,1.0,0.5,0.0,1.0,0.627,0.0,0.0,1.202,56.0,4.78,,,,90.0,129.0,2.7920000000000003,106.0,327.5,783.6,330.4,2.13,0.929,,0.6666666666666666,,10.0
pu_erh_tea,Pu Erh Tea,5,0.7754511833190918,40.6,11.898,0.0,0.0,10.344,,0.0,0.0,0.0,,,,0.0,,,0.0,13.966666666666667,1.0,0.394,,,,,,,,0.3,,1.0,0.0,,,8.333333333333334,8.0,,,,,,
pudding,Pudding,5,0.90667325258255,123.8,21.318,,0.26,15.252,,3.062,16.8,1.2062,0.0,0.0,,2.924,36.666666666666664,0.25333333333333335,0.62,0.6,0.050333333333333334,0.14766666666666667,0.37800000000000006,,0.04366666666666666,9.0,0.15333333333333332,21.23333333333333,,1.0666666666666667,,82.0,0.656,14.666666666666666,85.66666666666667,148.8,122.6,0.4633333333333334,0.05433333333333334,,,,4.066666666666666
puff_pastry,Puff Pastry,5,0.8833783268928528,555.2470363288719,45.46,,1.5,0.7460000000000001,,38.339999999999996,0.0,7.1584,0.0,0.0,,7.360000000000001,0.0,0.546,0.0,0.0,0.35300000000000004,0.26799999999999996,3.9471999999999996,0.0,0.0198,64.2,0.0,6.279999999999999,,16.22,,10.0,2.5840000000000005,16.0,60.0,61.6,251.4,0.5360000000000001,0.11460000000000001,,0.49219999999999997,,24.380000000000003
puffer_fish,Puffer Fish,5,0.8216947913169861,274.2,36.41199999999999,,1.26,19.644,,10.4,26.4,1.3034,0.118,0.14950000000000002,,8.972,32.0,1.755,2.15,6.7749999999999995,0.062,0.17466666666666666,3.187,,0.2295,18.0,1.815,78.1,,3.95,0.0,32.0,1.112,33.5,274.5,296.2,327.6,0.47000000000000003,0.043,,,,36.65
pumpkin,Pumpkin,5,0.8863587975502014,266.8,39.844,,1.3799999999999997,19.48,,10.572000000000001,23.2,2.5758,0.0,0.0,,4.388,212.25,1.565,0.25,2.8000000000000003,0.18225,0.1765,1.51375,0.298,0.056749999999999995,36.25,0.075,22.35,,9.775,,82.4,1.766,20.25,99.5,197.0,261.4,0.5025000000000001,0.10075,,0.125,,6.375
pumpkin_leaf,Pumpkin Leaf,5,0.8570181131362915,129.2229445506692,5.220000000000001,,3.8,1.38,,10.128,0.0,1.8521999999999998,0.0,0.0,,6.956,179.25,1.06,0.0,15.2,0.05700000000000001,0.097,0.725,0.16999999999999998,0.134,42.5,0.0,8.2,,1.1,,27.6,2.67,137.4,61.5,388.6,4.4,2.316666666666667,0.13,,0.24,,0.6499999999999999
pumpkin_pie_spice,Pumpkin Pie Spice,5,0.9554716944694519,426.8,61.576,,9.540000000000001,21.857999999999997,,21.936,2.0,9.032,0.0,0.0,,8.326,13.0,7.215,1.25,12.28,0.5655,0.696,7.87075,,0.875,178.66666666666666,2.025,20.8,,28.4,220.0,357.8,14.669999999999998,162.0,118.0,381.2,239.2,2.37,0.799,,10.896,,9.3
pumpkin_seed,Pumpkin Seed,5,0.9549917578697205,545.6,18.276000000000003,,5.24,5.828,,45.144000000000005,0.0,8.0168,0.0,0.0,,25.919999999999998,0.0,0.56,0.0,1.04,0.07,0.15,4.43,,0.1,57.0,0.0,63.0,,4.5,60.0,35.2,9.228,503.0,1031.5,745.0,148.4,6.894,1.0945,,3.3333333333333335,,9.4
pumpkin_seed_oil,Pumpkin Seed Oil,5,0.9077573418617249,592.6,17.466,,6.9,4.258,,49.95400000000001,0.0,10.4448,0.0,0.0,,26.444000000000006,0.0,0.56,0.0,1.22,0.535,0.8079999999999999,10.8355,,0.912,57.0,2.585,63.0,,4.5,,38.0,9.744,499.25,1105.3333333333333,570.6666666666666,208.4,6.7325,1.275,,,,9.4
punch,Punch,5,0.8541256189346313,99.8,23.674,,0.0,23.212,,0.0,0.0,0.0,,,,0.0,,,,81.25,,,,,0.211,,,,,,,10.4,0.0,18.0,,20.4,25.4,,,,0.0,,
purple_gynura,Purple Gynura,2,0.7352079749107361,116.5,20.655,,3.6,1.385,,0.31,0.0,0.0,,,,8.015,,,,0.0,,,,,,,,,,,,29.0,2.2750000000000004,,,333.0,177.0,,,,,,
purple_sweet_potato,Purple Sweet Potato,5,0.923848569393158,87.6,18.794,,2.1399999999999997,4.652,,0.906,0.6,0.2212,0.0,0.0,,1.5559999999999998,684.0,0.88,0.0,12.379999999999999,0.02,0.04,0.7435,,0.13566666666666669,12.5,0.0,12.5,,3.6,,18.4,0.7020000000000001,17.5,39.0,414.0,48.4,0.27,0.1195,,,,0.0
purple_yam,Purple Yam,5,0.865871012210846,178.81376673040154,34.242,,2.7600000000000002,4.074,,2.1599999999999997,0.0,0.7133999999999999,0.0,0.0,,5.506,7.0,0.35,0.0,11.766666666666666,0.056,0.0275,0.8165,0.314,0.214,19.5,0.0,16.5,,2.3,0.0,36.6,2.5980000000000003,18.5,48.0,333.2,179.8,0.14666666666666667,0.11599999999999999,,0.397,,0.7
purslane,Purslane,3,0.898993730545044,19.333333333333332,3.4433333333333334,,,,,0.3033333333333333,0.0,,,,,1.8499999999999999,93.0,,0.0,17.5,0.041666666666666664,0.10466666666666667,0.47333333333333333,0.036,0.072,11.0,0.0,12.8,,,,69.33333333333333,1.5833333333333333,67.66666666666667,41.666666666666664,492.0,123.33333333333333,0.17,0.11333333333333334,,0.30433333333333334,,0.9
puzi_leaf,Puzi Leaf,1,0.7027561664581299,25.0,2.48,,2.5,0.0,,0.41,0.0,0.0,,,,2.48,,,,1.0,,,,,,,,,,,,83.0,1.19,,,174.0,50.0,,,,,,
qingbu_liang,Qingbu Liang,1,0.5911533236503601,319.0,74.47,,2.1,0.0,,0.0,0.0,0.0,,,,6.38,,,,0.0,0.0,,3.404,,,,,,,,,0.0,3.06,,,,0.0,,,,,,
qingjiang_fish,Qingjiang Fish,2,0.7007984519004822,90.0,0.0,,0.0,0.0,,1.31,67.0,0.247,0.131,0.093,,18.31,30.0,0.3,1.4,0.0,0.056,0.046,1.3,0.216,0.156,13.0,2.3,65.0,,0.1,,48.0,0.34,21.0,222.0,249.0,72.0,0.88,0.031,,0.104,,32.1
qingtou_mushroom,Qingtou Mushroom,5,0.7802127003669739,165.17495219885276,41.1475,,6.828,2.2875,,0.6174999999999999,0.0,0.15,0.0,0.0,,5.9375,0.0,0.0,2.733333333333333,3.5,0.205,0.76425,9.19575,15.086,0.644,113.0,0.0,201.7,,0.0,,6.0,1.0675000000000001,94.66666666666667,233.33333333333334,904.75,11.75,5.45,2.70625,,0.8606666666666666,,32.63333333333333
quail,Quail,5,0.8406527042388916,199.2,0.16399999999999998,,0.0,0.16,,12.878,388.6,3.7902,0.0,0.007200000000000001,,20.252000000000002,104.4,0.852,0.6799999999999999,1.38,0.1786,0.48740000000000006,4.8024,1.761,0.4298,26.6,0.784,134.18,,2.6400000000000006,,34.6,4.112,18.4,257.4,182.2,143.0,2.446,0.37960000000000005,,0.038,,25.839999999999996
quail_egg,Quail Egg,5,0.8859063982963562,148.4,1.9460000000000002,,0.02,0.17,,9.45,456.6,2.9398,0.0,0.003,,13.236,104.5,0.7700000000000001,0.875,0.45999999999999996,0.1016,0.4868,2.131,1.761,0.22079999999999997,39.4,0.8720000000000001,151.65,,1.2249999999999999,108.0,39.4,2.752,13.5,195.2,130.8,190.8,1.52,0.184,,0.038,,23.4
quark,Quark,3,0.8139481544494629,79.0,3.0666666666666664,,0.0,3.213333333333333,,2.8366666666666664,11.666666666666666,1.89,,,,9.886666666666667,,,0.0,0.0,,,,,,,,,,,,104.33333333333333,0.06999999999999999,,,81.66666666666667,93.33333333333333,,,,,,
queso_anejo,Queso Anejo,5,0.8578301668167114,347.4,3.972,,0.0,2.778,,26.694,94.0,16.8178,0.0,0.0,,22.292,81.75,0.255,0.375,0.0,0.02025,0.2125,0.06925,0.252,0.0485,2.75,1.285,15.4,,2.475,,660.2,0.282,26.5,428.0,94.2,1125.4,3.0825,0.006,,0.037,,14.5
queso_blanco,Queso Blanco,5,1.0,235.29369024856595,7.1,,0.025,2.9219999999999997,,17.668,49.8,9.3062,0.002,0.009,0.105,14.186000000000002,78.5,0.47,0.2333333333333333,0.0,0.048,0.23,0.035,0.397,0.086,,1.75,15.4,5.8,1.6,95.0,516.2,0.036,29.0,467.0,66.75,870.6,3.06,0.025,,0.021,,13.8
queso_fresco,Queso Fresco,5,1.0000001192092896,297.83480603441683,3.3294399999999995,,0.0,1.4725,,24.436,78.81800000000001,15.02,0.003,0.008,0.099,18.824959999999997,224.0,0.37,0.54,0.0,0.042,0.173,0.027,0.358,0.076,7.0,1.68,12.5,3.6,1.0,,609.36,0.04,25.82,387.4,116.67999999999999,604.1,2.7439999999999998,0.0165,79.89,0.007,,19.3
quince,Quince,4,0.876956582069397,216.2208413001912,46.005,,0.475,40.0,,1.6275,0.0,0.0025,0.0,0.0,,3.305,2.0,,0.0,13.5,0.02,0.03,0.2,0.081,0.04,3.0,0.0,,,,,5.25,0.815,8.0,17.0,88.66666666666667,186.25,0.04,0.13,,,,0.6
quince_paste,Quince Paste,5,0.8262882232666016,398.57399617590823,60.422000000000004,,3.7600000000000002,51.056,,15.779999999999998,0.0,1.5648,0.0,0.0,,5.749999999999999,70.0,9.053333333333333,0.0,11.15,0.059000000000000004,0.28633333333333333,0.9906666666666667,0.113,0.035666666666666666,49.666666666666664,0.0,20.266666666666666,,0.03333333333333333,,95.6,1.134,88.66666666666667,176.0,195.5,4.4,1.0233333333333332,0.3236666666666667,,0.856,,2.9333333333333336
quinoa,Quinoa,5,0.9999999403953552,261.12278005544937,45.08293,,3.6390000000000002,1.5050000000000001,6.953,4.4562,0.0,0.05775,0.015,0.0,,9.35247,0.0,0.63,0.0,0.0,0.22599999999999998,0.21315,0.8115,,0.1727,127.5,0.0,23.0,,0.0,,26.512,3.1755999999999998,132.6,280.09999999999997,304.98,132.26420000000002,2.1366666666666667,0.3666333333333333,,1.2153333333333334,17.55,3.4499999999999997
quorn,Quorn,1,0.6592386364936829,360.0,70.0,,4.0,4.0,,2.0,60.0,0.0,,,,14.0,,,,0.0,,,,,,,,,,,0.0,20.0,1.08,,,,20.0,,,,,,
rabbit,Rabbit,2,1.0000003576278687,227.0,23.075,,0.95,1.925,,6.095,42.5,1.245,0.0,0.0,,18.915,0.0,0.44,0.0,0.0,0.53,0.248,6.436,,0.337,40.0,6.46,120.2,,1.6,,29.0,2.56,20.0,224.0,215.5,403.0,2.35,0.175,,,,38.2
raclette_cheese,Raclette Cheese,5,0.7737931609153748,360.6,28.804000000000002,,0.0,24.774,,21.228,77.33333333333333,12.133999999999999,,,,12.123999999999999,,,0.3333333333333333,0.0,,,,,,,,,,,32.0,505.3333333333333,0.0,,,88.66666666666667,415.8,,,,,,
radicchio,Radicchio,5,0.8994388580322266,19.4,3.7399999999999998,,1.1,0.6,,0.19,0.0,0.048,0.0,0.0,,1.298,0.6,2.26,0.0,16.4,0.0216,0.024800000000000003,0.273,0.23500000000000001,0.06420000000000001,41.6,0.0,10.9,,255.19999999999996,,22.2,0.6619999999999999,11.4,35.2,293.2,19.6,0.42399999999999993,0.24420000000000003,,0.09600000000000002,,0.8200000000000001
radish,Radish,5,0.8134716749191284,15.774378585086044,3.4,,1.6,1.86,,0.1,0.0,0.032,0.0,0.0,,0.68,0.0,0.0,0.0,14.8,0.012,0.039,0.254,0.165,0.071,25.0,0.0,6.5,,1.3,,25.0,0.34,10.0,20.0,233.0,39.0,0.28,0.05,,0.069,,0.6
radish_cake,Radish Cake,5,0.8393769264221191,300.2,45.124,29.13,6.2,30.004,,11.485999999999999,19.6,4.4744,0.0,0.0,,3.9319999999999995,0.0,0.0,0.0,3.7,0.006,0.091,0.627,,0.071,25.0,0.0,6.5,,1.3,20.0,94.8,2.38,33.5,153.0,147.8,186.2,1.2833333333333332,0.05,,,,0.6
ragi,Ragi,1,0.7185993194580078,72.0,13.56,,0.0,12.71,,1.27,4.0,0.85,,,,2.54,,,,6.4,0.0,0.18,2.119,1.059,0.212,,0.64,,,,,85.0,1.14,42.0,64.0,,38.0,0.95,,16.0,0.0,,
raisin,Raisin,5,0.9527943730354309,319.4,60.227999999999994,,3.6199999999999997,32.30800000000001,,8.542,2.8,3.402,0.0005,0.0005,,5.618,12.5,1.26,1.7,1.24,0.34175,0.2985,3.6617500000000005,1.639,0.3323333333333333,140.33333333333334,0.8566666666666666,9.0,,3.45,153.0,42.6,4.51,57.0,156.33333333333334,262.0,354.2,2.3800000000000003,0.2793333333333333,,,,4.65
raita,Raita,5,0.7285234928131104,273.0,5.58,,0.0,1.6299999999999997,,19.08,58.0,11.2,0.0,0.0,,19.71,147.0,0.18,0.0,0.0,0.05600000000000001,0.44400000000000006,0.264,,0.038,32.0,1.69,15.4,,1.8,,371.0,0.07,18.0,328.0,105.0,1034.0,2.35,0.032,,,,15.0
rakkyo,Rakkyo,1,0.6927228569984436,20.0,4.0,,2.0,2.35,,0.0,0.0,0.0,,,,2.0,,,,24.0,,,,,,,,,,,0.0,0.0,0.0,,,,20.0,,,,,,
rambutan,Rambutan,3,0.7988580465316772,81.97896749521988,20.87,,0.9,,,0.21,0.0,,,,,0.65,0.0,,,4.9,0.013,0.022000000000000002,1.352,0.018,0.02,8.0,0.0,,,,,22.0,0.3499999999999999,7.0,9.0,42.0,11.0,0.08,0.066,,0.343,,
ramen_noodle,Ramen Noodle,5,0.9388402104377747,323.2,46.174,,2.12,4.234,,11.748000000000001,22.2,5.3352,0.0,0.0,,7.491999999999999,78.0,0.78,0.7,0.875,0.189,0.11149999999999999,1.437,,0.051500000000000004,52.0,0.22,67.7,,5.2,,22.2,2.694,22.0,101.0,353.3333333333333,1055.6,0.74,0.103,25.0,,,22.8
ramp,Ramp,1,0.6838330626487732,250.0,65.0,,0.0,45.0,,0.0,0.0,0.0,,,,0.0,,,,0.0,,,,,,,,,,,,0.0,0.0,,,50.0,25.0,,,,,,
ranch_dressing,Ranch Dressing,5,0.9999999403953552,257.8,25.962,,0.8,3.4159999999999995,,21.09,13.2,3.07,,,,1.274,,,0.0,0.0,,,,,,,,,,,0.0,25.4,0.22000000000000003,,,222.33333333333334,2050.0,,,,,,
rapeseed,Rapeseed,5,0.776941180229187,534.0,28.880000000000003,,27.3,1.55,,42.16,0.0,3.6629999999999994,0.0,0.0,,18.29,0.0,0.31,0.0,0.6,1.6439999999999997,0.161,3.08,0.985,0.473,87.0,0.0,78.7,,4.3,,255.0,5.73,392.0,642.0,813.0,30.0,4.34,1.22,,2.482,,25.4
ras_el_hanout,Ras El Hanout,1,0.7032567858695984,0.0,0.0,,0.0,0.0,,0.0,0.0,0.0,,,,0.0,,,,0.0,,,,,,,,,,,,0.0,216.0,,,,12000.0,,,,,,
raspberry,Raspberry,5,0.8675645589828491,51.12994,12.7515,2.6759,6.4,4.29,,0.292,0.0,0.0,,,,1.0924999999999998,,,0.0,23.572,,,,,,,,,,8.6,,18.928,0.46208,19.15,27.47,154.64000000000001,0.0,0.2213,0.05289,,0.5948,,
ravioli,Ravioli,5,1.0000001192092896,189.2,30.5,,2.18,1.9580000000000002,,3.572,17.2,1.574,,,,8.294,,,0.0,0.0,,,,,,,,,,,,102.6,1.372,,,154.2,190.2,,,,,,
ray,Ray,1,0.7153266072273254,513.0,57.69,,3.2,54.49,,28.85,32.0,16.03,,,,6.41,,,,0.0,,,,,,,,,,,,128.0,0.0,,,,176.0,,,,,,
razor_clam,Razor Clam,5,0.8116381764411926,40.8,3.306,,0.24000000000000005,0.562,,1.332,7.2,0.20139999999999997,0.064,0.043,,3.7399999999999998,90.0,0.68,0.0,0.58,0.015,0.04,0.35,,0.01,5.0,11.28,65.0,,0.2,19.333333333333332,14.2,0.586,19.0,198.0,75.2,222.4,0.51,0.053,,,,10.200000000000001
red_bean,Red Bean,5,0.9665433764457703,92.2,13.746,0.0,3.3600000000000003,0.6900000000000001,,1.9640000000000004,0.0,0.348,,,,4.220000000000001,,,0.0,0.35,0.0,,1.538,,0.154,,0.46,,,,0.0,23.8,1.354,,,336.5,297.2,,,,,,
red_bean_paste,Red Bean Paste,5,0.9021943807601929,183.6,18.998,,3.7600000000000002,7.9319999999999995,,7.652000000000001,0.0,0.6764,0.0,0.0,,6.723999999999999,0.0,0.02,0.0,0.18,0.115,0.048,0.415,,0.086,93.0,0.0,21.9,,6.0,,31.8,1.238,32.0,102.0,285.25,1448.2,0.77,0.176,,,,1.1
red_currant,Red Currant,5,0.887870192527771,106.6,27.174,,4.125,18.655000000000005,,0.308,0.0,0.027200000000000002,0.0,0.0,,1.938,6.0,0.4033333333333333,0.0,54.11999999999999,0.0625,0.06625,0.774,0.231,0.14175,11.333333333333334,0.0,9.1,,7.633333333333333,,43.8,1.1320000000000001,22.25,60.75,388.6,9.2,0.2675,0.13625,,0.48066666666666663,,0.6499999999999999
red_curry_paste,Red Curry Paste,5,1.0,155.2,18.779999999999998,,8.46,4.992,,5.465999999999999,0.0,0.534,,,,2.134,,,0.0,0.0,,,,,,,,,,,0.0,93.8,3.646,,,365.3333333333333,3198.0,,,,,,
red_date,Red Date,5,0.8156878352165222,342.2493307839388,69.424,,7.9,58.362,,8.5,0.0,2.5965,0.0,0.0,,3.595999999999999,1.75,0.05000000000000001,0.0,0.24000000000000005,0.0412,0.15160000000000004,1.3216,0.64275,0.17240000000000003,19.2,0.0,7.199999999999999,,2.7,,48.0,1.216,41.4,61.4,600.4,1.4,0.614,0.24299999999999997,,0.20500000000000002,,3.0
red_drum,Red Drum,5,0.7460985779762268,91.917017208413,1.706,,0.64,0.0,,0.8280000000000001,58.0,0.2098,0.005,0.002,,18.54,2.8,0.195,0.0,28.2,0.28179999999999994,0.37,5.9436,2.2283999999999997,0.5448000000000001,16.4,3.6719999999999997,,,,,8.8,3.964,31.0,191.6,347.4,89.2,3.622,0.17839999999999998,,0.073,,27.22
red_hots,Red Hots,5,0.8712681531906128,493.0,46.428,,5.740000000000001,4.284,,29.998,0.0,6.07,,,,7.139999999999999,,,0.0,23.540000000000003,0.0,,4.761666666666668,,0.286,,,,,,3536.0,28.6,2.318,47.666666666666664,119.0,1117.6666666666667,785.8,,,,,,
red_leicester_cheese,Red Leicester Cheese,5,0.8608644008636475,400.2,2.142,,0.0,0.0,,32.854,103.4,21.43,,,,24.286,,,0.0,,,,,,,,,,,,,583.2,0.0,,,45.0,814.4,,,,,,
red_onion,Red Onion,5,0.8222312927246094,39.67495219885277,9.34,,1.7,4.24,,0.1,0.0,0.042,0.0,0.0,,1.1,0.0,0.02,0.0,7.4,0.046,0.027000000000000003,0.11600000000000002,0.123,0.12,19.0,0.0,6.1,,0.4,,23.0,0.21000000000000002,10.0,29.0,146.0,4.0,0.17,0.039,,0.129,,0.5
red_pepper,Red Pepper,5,1.0,17.8,3.588,,0.72,1.834,,0.16,0.0,0.0,,,,0.36,,,,48.9,,,,,,,,,,,,4.0,0.188,,,1206.5,179.2,,,,,,
red_rice,Red Rice,5,0.8948702216148376,291.39999,64.6489,,4.9996,1.1625,,1.7919999999999998,0.0,0.05,,,,7.0625,,,,0.125,0.1694,,6.676,,0.1368,,,,,,0.0,14.4448,1.5076,139.625,319.975,329.025,140.6875,2.0315000000000003,0.269,,2.5429999999999997,,4.0
red_snapper,Red Snapper,5,0.8100947737693787,114.6,1.558,,0.06,0.028000000000000004,,2.316,37.4,0.3102,0.272,0.054,,20.836000000000002,51.0,1.7,10.45,1.7000000000000002,0.138,0.052,0.979,,0.433,21.0,2.9566666666666666,73.0,,4.0,16.0,36.2,0.292,37.0,223.0,424.2,118.8,0.48,0.048,,,,39.36666666666667
red_wine,Red Wine,5,0.9216636419296265,51.0,1.566,,0.0,0.62,,0.0,0.0,0.0,0.0,0.0,,0.042,0.0,0.0,0.0,0.0,0.005,0.031,0.224,0.03,0.057,1.0,0.0,5.7,,0.4000000000000001,,8.0,0.46,12.0,23.0,127.0,2.4,0.14,0.011000000000000001,,0.132,,0.20000000000000004
red_wine_vinegar,Red Wine Vinegar,5,0.9999998211860657,0.0,0.0,,0.0,0.0,,0.0,0.0,0.0,,,,0.0,,,0.0,0.0,,,,,,,,,,,0.0,0.0,0.0,,,0.0,0.0,,,,,,
red_yeast,Red Yeast,5,0.8344057202339172,234.49177820267687,28.71,,8.4,7.506,,6.422,6.0,2.0907999999999998,0.002,0.0,,18.979999999999997,1.25,0.3575,0.02,6.24,11.6104,9.79625,74.4525,3.1229999999999998,0.32439999999999997,2007.8,0.295,47.824999999999996,,2.975,,55.2,2.594,88.8,240.5,1078.0,1431.6,4.232500000000001,0.2198,,0.5073333333333334,,19.700000000000003
reed_leaf,Reed Leaf,5,0.7497994899749756,53.3602294455067,6.43,,3.2600000000000002,0.5566666666666666,,2.0580000000000003,0.0,0.27666666666666667,,,,2.7219999999999995,94.0,,0.0,2.96,0.13,0.144,0.531,0.221,0.176,177.0,0.0,,,,750.0,113.0,1.9759999999999998,32.0,54.0,417.8,271.8,0.71,0.137,,0.943,,0.3
refried_beans,Refried Beans,5,1.0000003576278687,85.12695984703632,12.913999999999998,,4.54,0.6299999999999999,,1.24,2.75,0.3872,0.0,0.0,0.16066666666666665,5.678,0.3333333333333333,0.0675,0.025,1.9000000000000004,0.0386,0.035,0.7252000000000001,0.18833333333333332,0.127,41.333333333333336,0.17,23.733333333333334,,1.9666666666666668,0.0,31.4,1.504,36.75,112.5,316.4,385.6,0.8125,0.15575000000000003,,0.328,,6.7
remoulade_sauce,Remoulade Sauce,5,1.000000238418579,254.4,18.954,,1.38,11.428,,18.63,14.2,3.536,,,,1.548,,,0.0,6.88,,,7.5,,1.5,,,,,16.7,51.0,3.4,0.352,,,55.75,779.0,,,,1.0,,
rhubarb,Rhubarb,4,0.9999998807907104,57.72944550669216,14.4325,,1.8,11.325,,0.16750000000000004,0.0,0.04175,0.0,0.0,,0.75,4.5,0.2425,0.0,6.25,0.018000000000000002,0.027749999999999997,0.2605,0.07333333333333335,0.022000000000000002,5.75,0.0,5.525,,26.5,,97.5,0.2125,11.75,12.25,226.25,3.25,0.09250000000000001,0.02175,,0.155,,1.05
rice,Rice,5,0.8757485151290894,226.2,44.454,,1.8800000000000001,7.614,,3.2560000000000002,0.0,0.8904000000000002,0.0,0.0015,,3.786,0.0,0.31,0.0,0.0,0.4836666666666667,0.6643333333333333,7.087,,0.61,20.0,1.7233333333333334,6.85,,0.15,,48.4,3.13,8.5,36.5,85.0,310.4,1.9566666666666668,0.064,,,,1.95
rice_bran_oil,Rice Bran Oil,5,0.8618698120117188,248.4019120458891,57.367999999999995,,30.52,2.13,,7.044000000000001,0.0,1.2697999999999998,0.0,0.0,,11.012,0.8,1.6260000000000001,0.0,0.0,0.9183999999999999,0.3122,12.785599999999999,2.3518,1.2122,63.6,0.0,32.42,,1.22,,62.0,7.824,323.2,623.6,628.2,110.4,3.4979999999999998,0.4683999999999999,,5.804,,33.42
rice_cake,Rice Cake,5,0.9999997019767761,377.0,75.744,,4.14,11.376000000000001,,2.2119999999999997,0.0,1.096,0.0,0.0,,8.315999999999999,0.0,0.07,0.0,0.06,1.0115,0.006,0.52,,0.017,5.0,0.0,2.9,,0.0,0.0,4.6,4.424,16.0,55.0,269.25,249.0,0.49,0.124,,,,3.2
rice_milk,Rice Milk,3,1.000000238418579,152.66666666666666,20.243333333333336,,0.8333333333333334,4.510000000000001,,6.836666666666667,3.0,5.487666666666667,0.0,0.0,,2.9933333333333336,40.333333333333336,0.22333333333333336,0.7000000000000001,0.43333333333333335,0.11866666666666666,0.10099999999999999,1.0793333333333333,,0.062,38.666666666666664,0.3133333333333333,7.7,,0.16666666666666666,,90.0,1.19,20.666666666666668,96.33333333333333,143.0,192.66666666666666,0.5366666666666666,0.11366666666666665,,,,5.466666666666666
rice_noodle,Rice Noodle,5,0.8723779916763306,270.6045889101339,53.998000000000005,,1.7399999999999998,0.702,,3.1919999999999997,0.0,1.5397999999999998,0.0,0.0,,5.0,0.0,0.056666666666666664,0.0,0.0,0.022333333333333334,0.008333333333333333,0.12166666666666666,0.024333333333333332,0.009,1.6666666666666667,0.0,2.9,,0.0,,12.4,0.924,6.0,64.33333333333333,81.75,407.4,0.41333333333333333,0.051333333333333335,,0.242,,8.033333333333333
rice_paddy_herb,Rice Paddy Herb,5,0.8085790276527405,305.0,63.564,,1.98,10.11,,1.9060000000000001,0.0,0.6900000000000001,,,,7.25,,,0.0,10.82,0.25,0.46625,6.865,,1.724,,5.17,,,,0.0,33.0,2.982,,,201.5,797.2,5.17,,,,,
rice_paper,Rice Paper,1,1.0000001192092896,323.0,72.26,,0.5,0.27,,1.11,0.0,0.328,0.0,0.0,,5.91,0.0,0.09,0.0,0.0,0.077,0.0,1.062,,0.045,14.0,0.0,5.0,,0.0,,7.0,0.27,20.0,80.0,64.0,314.0,1.02,0.179,,,,4.5
rice_tofu,Rice Tofu,5,0.8410279750823975,190.2336520076482,35.8,,1.54,3.124,,2.52,0.0,0.1698,0.0,0.0,,6.648000000000001,32.5,0.39,0.3333333333333333,0.5,0.02175,0.101,1.9429999999999998,,0.0295,4.0,0.315,25.25,,1.85,,95.2,1.5980000000000003,25.5,47.0,122.6,416.0,0.22,0.055999999999999994,,,,7.6
rice_vinegar,Rice Vinegar,5,1.0000001192092896,33.4,8.0,,0.0,6.6659999999999995,,0.0,0.0,0.0,,,,0.0,,,0.0,0.0,,,,,,,,,,,0.0,0.0,2.4,,,0.0,240.0,,,,,,
rice_wine,Rice Wine,5,0.878986120223999,213.4,31.046000000000003,,5.18,2.3899999999999997,,3.4240000000000004,0.0,0.0,0.0,0.0,,4.33,21.0,0.15666666666666665,0.3333333333333333,0.0,0.25675,0.09525,1.506,,0.013,0.6666666666666666,0.21,0.7000000000000001,,0.06666666666666667,0.0,67.8,4.88,239.0,470.0,75.5,11.4,0.05666666666666667,0.01833333333333333,,,,1.6666666666666667
ricotta_cheese,Ricotta Cheese,5,0.9999997615814209,143.4,6.806,,0.0,4.3740000000000006,,8.632000000000001,39.2,5.3856,0.0,0.002,,9.584,117.0,0.17,0.04,0.0,0.032,0.256,0.123,,0.06,8.0,0.54,16.9,,0.6,58.0,202.0,0.054000000000000006,18.0,172.0,221.6,152.0,0.95,0.017,,,,11.1
ricotta_salata,Ricotta Salata,5,0.8043606877326965,139.2,6.684,,0.0,4.574,,8.344,40.0,5.2216000000000005,0.0,0.002,,8.692000000000002,117.0,0.17,0.04,0.0,0.032,0.256,0.123,,0.06,8.0,0.54,16.9,,0.6,58.0,268.8,0.054000000000000006,18.0,172.0,243.0,110.8,0.95,0.017,,,,11.1
robiola_cheese,Robiola Cheese,5,0.8169996738433838,331.8,3.2260000000000004,0.0,0.13999999999999999,1.136,,28.328000000000003,85.8,19.734,,,,23.91,,,0.0,10.42,,,,,,,,,,,129.0,580.2,0.564,,536.0,78.5,948.6,,,,,,
rock_sugar,Rock Sugar,5,0.8012459874153137,229.0,59.00600000000001,,0.0,55.652,,1.088,0.0,1.4866666666666666,0.0,0.0,,0.05,0.0,0.0,0.0,0.0,0.025,1.417,8.333,,0.833,0.0,2.5,0.0,,0.0,,4.333333333333333,0.006666666666666667,3.0,0.0,7.0,11.2,0.0,0.005,,,,0.2
rock_tripe,Rock Tripe,1,0.8575588464736938,89.0,0.0,,0.0,0.0,,3.85,127.0,1.348,0.0,0.0,,12.6,0.0,0.09,0.0,0.0,0.0,0.067,0.828,,0.008,4.0,1.09,203.4,,0.0,,72.0,0.62,14.0,67.0,70.0,425.0,1.48,0.073,,,,13.1
rockfish,Rockfish,5,0.8071308732032776,130.12045889101339,1.558,,0.06,0.028000000000000004,,4.57,58.6,1.163,0.35419999999999996,0.079,0.02,19.669999999999998,19.6,1.19,7.840000000000001,0.0,0.065,0.11839999999999999,5.052199999999999,0.37575000000000003,0.33499999999999996,12.4,1.536,62.1,0.0,1.1,,11.6,0.504,28.8,223.6,389.4,125.8,0.5,0.04820000000000001,,0.017499999999999998,,57.48
rocoto_pepper,Rocoto Pepper,5,0.9564193487167358,24.6,3.844,,0.6599999999999999,0.8,,0.0,0.0,0.0,,,,0.466,,,0.0,68.3,,,,,,,,,,,,1.0,0.40800000000000003,,,80.25,898.2,,,,,,
romanesco,Romanesco,3,0.730946958065033,172.66666666666666,35.10333333333333,,3.3666666666666667,0.6333333333333333,,0.4766666666666666,0.0,0.0,,,,6.8,,,0.0,0.0,0.0,0.061,1.429,,,,,,,,0.0,35.0,1.4033333333333333,,107.0,211.0,211.0,,,,,,
romano_cheese,Romano Cheese,5,1.0000003576278687,359.4,2.0940000000000003,,0.72,0.0,,25.427999999999997,77.6,15.168000000000001,,,,30.95,,,0.0,0.0,,,,,,,,,,,193.0,916.4,0.12,,,82.33333333333333,1206.4,,,,,,
romesco_sauce,Romesco Sauce,4,1.0,164.5,6.5575,,3.1,4.047499999999999,,14.975000000000001,0.0,3.9066666666666667,,,,3.6375,,,0.0,7.166666666666667,,,,,,,,,,,43.0,49.666666666666664,0.5833333333333334,,,248.5,471.5,,,,,,
rompope,Rompope,5,0.7534118294715881,113.2,21.764000000000003,,0.9400000000000001,11.887999999999998,,1.936,30.0,0.8324,0.0,0.0003333333333333333,,2.21,46.0,0.13,0.5666666666666667,10.8,0.119,0.13233333333333333,0.844,,0.043800000000000006,23.8,0.16666666666666666,33.93333333333333,,2.38,,24.6,0.778,8.666666666666666,61.666666666666664,83.66666666666667,70.0,0.44333333333333336,0.021333333333333333,,0.0,,6.099999999999999
rooibos_tea,Rooibos Tea,5,0.8742148876190186,19.8,18.192,0.0,13.5,5.297499999999999,,0.0,0.0,0.0,,,,0.0,,,0.0,43.4,27.0,,,,,,,,,,,573.4,9.436,,,0.0,8.4,,,,,,
root_beer,Root Beer,5,0.9999998807907104,306.4,47.262,,0.0,28.186,,9.714,3.5,5.715,0.0,0.0,,0.572,0.0,0.0,0.0,0.0,0.0,0.0,0.0,,0.0,0.0,0.0,0.3,,0.0,,29.75,0.0125,1.0,0.0,0.3333333333333333,34.8,0.07,0.007,,,,0.1
roquefort_cheese,Roquefort Cheese,5,0.8646179437637329,401.8,38.068,,2.08,9.18,,22.468,60.6,12.2362,0.0016,0.0016,,11.64,202.8,1.202,0.1,0.16,0.4242000000000001,0.3364,1.9312,0.842,0.0916,66.4,0.5,34.120000000000005,,9.2,,148.0,1.782,23.8,181.4,156.8,518.0,1.284,0.08800000000000001,,0.34,,24.339999999999996
rose_syrup,Rose Syrup,5,0.8286749720573425,234.8,56.794,,0.52,52.422000000000004,,0.004,0.0,0.0,0.0,0.0,,0.526,0.0,0.0,0.0,0.0,0.007,0.011,3.125,,0.0,0.0,0.0,0.0,,0.0,0.0,0.0,0.574,1.0,0.0,73.0,14.0,2.375,0.007,,,,0.4
rose_wine,Rose Wine,5,0.9090505838394165,75.03479923518164,2.738,,0.0,2.074,,0.0,0.0,0.0,0.0,0.0,,0.18600000000000003,0.0,0.0,0.0,0.0,0.0098,0.016999999999999998,0.122,0.148,0.03899999999999999,1.0,0.004,3.0200000000000005,,0.13999999999999999,,9.2,0.312,10.4,18.2,81.4,5.2,0.10999999999999999,0.0073999999999999995,,0.131,,0.18000000000000002
rosehip,Rosehip,1,0.6676781177520752,79.0,19.23,,0.0,13.66,,0.24,0.0,0.013,0.0,0.0,,0.0,0.0,0.0,0.0,0.7,0.0,0.0,0.0,,0.0,0.0,0.0,0.0,,0.0,,0.0,0.54,1.0,0.0,15.0,7.0,0.15,0.0,,,,0.2
rosemary,Rosemary,5,0.8770607709884644,220.25,40.484,,7.2,1.3766666666666667,,5.138000000000001,0.0,1.1352,,,,7.1240000000000006,146.0,,0.0,8.72,0.268,0.21675,2.11025,0.804,0.336,136.0,0.0,,,,0.0,143.4,4.6240000000000006,91.0,66.0,445.3333333333333,462.8,0.93,0.301,,0.96,,
rosewater,Rosewater,1,0.712462842464447,49.0,11.31,,,,,0.64,0.0,,,,,0.96,14.0,,,12.0,0.011,0.028,0.31,,,,0.0,,,,,215.0,1.48,51.0,37.0,208.0,6.0,,,,,,
roti,Roti,5,0.8485376238822937,209.2,35.926,,2.6599999999999997,3.7620000000000005,,4.282,5.4,1.7502,0.0,0.0,,7.2379999999999995,0.0,2.775,0.0,6.359999999999999,0.4533333333333333,0.27,4.594666666666666,1.059,0.40199999999999997,126.0,0.32,7.8,,3.3,,48.8,1.9520000000000004,49.0,111.0,205.0,165.4,1.245,0.229,16.0,0.0,,26.6
rouille,Rouille,5,0.8032305836677551,99.6,15.610000000000003,,0.28,6.578,,1.9759999999999998,6.6,0.2656,0.064,0.037,,2.38,19.0,0.91,0.05,5.4750000000000005,0.027,0.045,1.081,,0.09,8.0,1.93,39.8,,3.6,887.0,16.8,0.4779999999999999,14.0,145.0,114.0,9207.6,0.35,0.045,,,,14.8
roux,Roux,1,0.674423098564148,0.0,0.0,,0.0,0.0,,0.0,0.0,0.0,,,,0.0,,,,6.3,,,1.057,,0.106,,0.32,,,,,,,2.0,,18.0,8.0,,,,,,
rowan_berry,Rowan Berry,3,0.7196057438850403,117.33333333333333,24.735,,1.8666666666666665,7.636666666666666,,5.226666666666667,4.333333333333333,1.7836666666666667,0.0,0.0005,,1.2733333333333334,22.0,0.7350000000000001,0.05,21.600000000000005,0.081,0.05450000000000001,2.1823333333333332,1.057,0.39966666666666667,25.0,0.33666666666666667,7.9,,10.75,,14.333333333333334,0.59,14.0,33.5,82.66666666666667,89.33333333333333,0.21000000000000002,0.066,,,,1.65
royal_icing,Royal Icing,5,0.855753481388092,398.6,74.116,,0.225,65.732,,10.854000000000001,0.0,3.3912,0.0,0.0,,0.22000000000000003,0.0,1.56,0.0,0.0,0.013,0.017,0.119,,0.005,1.0,0.0,6.9,,0.0,,2.0,0.355,21.0,79.0,49.0,90.0,0.29,0.2,,,,0.8
rum,Rum,4,1.0000003576278687,135.0,3.2425,,0.025,3.0325,,1.17,3.0,0.62925,0.0,0.00025,,0.04,9.75,0.0,0.0,0.0,0.00425,0.0062499999999999995,0.009500000000000001,,0.001,0.25,0.0,0.325,,0.1,,2.75,0.055,0.75,6.0,5.75,3.5,0.045,0.015,,,,0.05
rusk,Rusk,1,0.6619833111763,407.0,72.3,,,,,7.2,78.0,1.376,0.008,0.013,,13.5,12.0,,,0.0,0.404,0.399,4.625,0.605,0.047,87.0,0.18,,,,,27.0,2.72,36.0,153.0,245.0,253.0,1.1,0.245,,0.439,,20.1
rutabaga,Rutabaga,5,0.9238597750663757,37.41912045889101,8.62,,2.3,4.46,,0.16,0.0,0.027000000000000003,0.0,0.0,,1.08,0.0,0.3,0.0,25.0,0.09,0.04,0.7,0.16,0.1,21.0,0.0,14.1,,0.3,,43.0,0.44000000000000006,20.0,53.0,305.0,12.0,0.24,0.032,,0.131,,0.7
ryazhenka,Ryazhenka,1,0.625851035118103,238.0,52.38,,2.4,2.38,,2.38,0.0,0.0,,,,7.14,,,,0.0,0.0,0.243,3.81,,,95.0,,,,,,48.0,2.57,,,,500.0,,,,,,
rye,Rye,5,0.9224643707275391,274.86577437858506,53.812,,7.659999999999999,3.276,,2.966,0.0,0.5401999999999999,0.0,0.0,,8.868,0.2,0.434,0.0,0.32,0.4104,0.3182,3.8979999999999997,0.6432,0.11879999999999999,95.6,0.0,17.759999999999998,,2.1399999999999997,,63.2,2.79,54.0,166.4,234.8,482.8,1.4419999999999997,0.22219999999999995,,1.1745999999999999,,27.5
rye_bread,Rye Bread,5,0.9550808072090149,259.08221797323137,48.3,,5.8,3.85,,3.3,0.0,0.626,0.0,0.0,,8.5,0.0,0.33,0.0,0.4,0.434,0.335,3.8050000000000006,0.44000000000000006,0.075,110.0,0.0,14.6,,1.2,,73.0,2.83,40.0,125.0,166.0,603.0,1.14,0.186,,0.8240000000000001,,30.9
sachima,Sachima,1,0.6796291470527649,85.08604206500955,0.0,,0.0,,,0.7,73.0,0.188,0.088,0.02,,18.5,54.0,,,0.0,0.02,0.07,6.1,0.75,0.4,5.0,0.6,,,,,15.0,1.13,30.0,143.0,416.0,88.0,0.46,0.041,,0.015,,36.5
safflower,Safflower,5,0.9059748649597168,402.28565965583175,33.672000000000004,,2.775,1.665,,30.029999999999994,0.0,2.7988,0.0,0.0,,7.808,19.0,,0.0,33.92,0.4643333333333333,0.3163333333333333,1.7346666666666666,4.03,1.0633333333333332,115.33333333333333,0.0,,,,0.0,74.0,6.308,293.6666666666667,382.6666666666667,860.4,179.8,2.4099999999999997,0.801,,19.61,,5.6
safflower_oil,Safflower Oil,2,1.0,785.5,0.0,,0.0,0.0,,89.285,18.0,7.14,,,,0.0,,21.0,0.0,0.0,,,,,,,,,,,,35.0,2.22,,,0.0,285.5,,,,,,
saffron,Saffron,5,0.8628794550895691,337.0917782026769,72.308,,2.64,1.7766666666666666,,2.69,0.0,0.6344000000000001,0.0,0.0,,8.831999999999999,27.0,,0.0,40.4,0.3075,0.19833333333333333,2.5,,1.01,133.33333333333334,0.0,,,,,63.2,6.6240000000000006,264.0,252.0,1203.0,794.0,1.09,0.328,,28.408,,5.6
sage,Sage,5,0.7428197264671326,286.30822179732314,29.891999999999996,,17.72,1.218,,14.796000000000001,32.6,7.5486,0.0,0.0,,16.494,196.66666666666666,5.1000000000000005,0.0,12.959999999999999,0.5323333333333333,0.4256666666666667,5.119666666666666,,1.7933333333333332,149.0,0.3933333333333333,64.26666666666667,,1143.3999999999999,,817.6,12.468,247.25,127.0,583.0,268.2,4.157500000000001,0.605,,3.133,,6.366666666666667
sago,Sago,5,0.7035898566246033,381.0,91.27,,0.9,,,0.05,0.0,0.01,,,,0.26,,,,0.0,0.0,0.0,,0.0,0.0,0.0,0.0,,,,,2.0,0.4699999999999999,3.0,13.0,3.0,9.0,0.06,0.05,,0.0,,
sake,Sake,5,0.8562201261520386,172.0,6.082000000000001,,0.6,0.9120000000000001,,2.9979999999999998,7.4,1.3692,0.0,0.0,,1.682,2.75,0.14,0.0,1.7399999999999998,0.0165,0.044000000000000004,0.1015,,0.05725,3.75,0.0,6.325,,0.6,,38.2,0.27,5.75,17.0,75.75,115.8,0.09749999999999999,0.029750000000000002,,,,0.5
salad_cream,Salad Cream,5,0.8339058756828308,223.0,17.504,,0.6599999999999999,8.594,,16.72,8.8,2.7748,0.0004,0.0,,1.0640000000000003,13.0,1.1059999999999999,0.02,2.42,0.040600000000000004,0.0342,0.4192,0.108,0.0928,6.6,0.044,13.38,,33.0,,18.4,0.21800000000000003,9.2,34.8,134.4,559.0,0.17400000000000002,0.06560000000000002,,0.131,,0.78
salad_dressing,Salad Dressing,5,0.9059334993362427,569.6,9.302,,0.0,8.834,,58.722,41.6,9.159,0.0054,0.0008,4.1822,0.916,16.4,3.1999999999999997,0.12000000000000002,0.24,0.0196,0.0334,0.024399999999999998,0.1496,0.0076,4.6,0.10800000000000001,26.360000000000003,0.0,124.24000000000001,,8.4,0.258,1.8,29.4,26.0,721.0,0.154,0.0186,,0.0106,,3.3
salad_greens,Salad Greens,5,0.9016183018684387,89.8,12.084,,2.7,3.748,,3.914,0.0,0.4428000000000001,0.0,0.0,,2.504,298.0,0.54,0.0,23.44,0.02266666666666667,0.27666666666666667,0.369,,0.089,57.0,0.0,12.3,,135.175,,70.8,1.084,23.75,26.0,226.6,315.2,0.3,0.174,,0.0,,0.5
salam_leaf,Salam Leaf,5,0.7206226587295532,27.233652007648182,4.576,,3.766666666666667,,,0.458,0.0,0.09766666666666667,,,,2.8259999999999996,133.8,,0.0,20.080000000000002,0.094,0.1898,0.7016,0.15899999999999997,0.18519999999999998,131.0,0.0,,,860.7333333333332,,148.4,2.042,48.8,57.8,572.8,56.4,0.8049999999999999,0.14950000000000002,,0.914,,0.6599999999999999
salami,Salami,5,0.9127514958381653,337.6,1.922,,0.0,0.052000000000000005,,28.284,83.4,10.421600000000002,0.007,0.004,,19.102,11.0,0.64,877.45,0.0,0.386,0.196,6.105,,0.441,0.0,1.15,72.6,,0.0,10.666666666666666,5.8,1.516,20.0,192.0,364.8,1534.8,2.67,0.096,,,,33.6
salep,Salep,1,0.6484414935112,250.0,0.0,,0.0,0.0,,14.29,71.0,5.36,,,,28.57,,,0.0,,,,,,,,,,,,,0.0,1.07,,,1821.0,2429.0,,,,,,
salmon,Salmon,5,0.8421909213066101,129.4604206500956,0.0,,0.0,0.0,,4.574000000000001,49.0,0.8124,0.41580000000000006,0.2234,0.0462,21.55,43.4,0.658,12.819999999999999,0.0,0.11120000000000001,0.1662,8.3022,1.054,0.6829999999999999,5.2,4.474000000000001,94.6,0.3,0.22000000000000003,,8.2,0.41,28.8,258.6,366.6,76.8,0.43200000000000005,0.0636,,0.011,,30.439999999999998
salmon_roe,Salmon Roe,5,0.8224186301231384,155.33154875717017,1.584,,0.0,0.0,,6.781999999999999,395.0,1.5379999999999998,1.4398,1.0384,,23.580000000000002,90.2,7.0,12.1,16.080000000000002,0.2474,0.7817999999999999,1.8783999999999998,1.0308,0.16499999999999998,82.4,10.308,335.4,,0.2,,23.2,0.634,21.2,424.6,233.4,96.2,1.056,0.1056,,0.0106,,42.58
salsa,Salsa,5,1.0000001192092896,68.4,7.731999999999999,,1.08,2.652,,3.566,6.0,1.1802,0.0,0.0,,1.464,24.0,1.22,0.0,3.8,0.035,0.032,1.12,,0.1505,4.0,0.0,12.8,,4.2,116.0,36.4,0.34199999999999997,15.0,32.0,247.33333333333334,635.8,0.2,0.065,,,,0.9
salsa_verde,Salsa Verde,5,1.0000001192092896,112.6,7.99,,1.02,2.032,,6.606,17.8,3.572,0.0,0.0,,4.512,11.0,0.43,0.0,12.5,0.046,0.036,1.615,,0.083,13.5,0.0,7.9,,13.6,0.0,123.2,0.594,19.5,48.5,128.2,867.4,0.25,0.081,,,,0.8
salsify,Salsify,5,0.8228065371513367,168.37552581261951,9.768,,1.8800000000000001,1.4275,,10.904,30.4,6.728666666666666,0.0,0.0,,8.478,3.6666666666666665,0.375,438.5,4.275,0.06333333333333334,0.18699999999999997,0.424,0.3235,0.24066666666666667,18.666666666666668,0.0,25.6,,1.3499999999999999,0.0,31.6,0.966,19.333333333333332,61.666666666666664,310.8,592.4,0.3233333333333333,0.07566666666666667,,0.239,,0.6666666666666666
salt,Salt,5,1.0,0.0,0.0,,0.0,0.0,,0.0,0.0,0.0,0.0,0.0,,0.0,0.0,0.0,0.0,0.0,0.0,0.0,0.0,0.0,0.0,0.0,0.0,0.0,,0.0,0.0,19.2,0.264,1.0,0.0,6.4,38873.0,0.1,0.03,5357.0,0.1,,0.1
salt_cod,Salt Cod,5,0.8129206299781799,206.79158699808795,0.0,,0.0,0.0,,1.6900000000000002,108.4,0.3296,0.30179999999999996,0.0322,,44.816,30.0,1.9600000000000002,2.7600000000000002,2.5,0.19119999999999998,0.16999999999999998,5.3252,1.0661999999999998,0.6164000000000001,17.8,6.364,200.86000000000004,,0.2800000000000001,,102.4,1.652,92.6,651.2,1040.0,4237.8,1.1340000000000001,0.11680000000000001,,0.03600000000000001,,101.92000000000002
salt_pork,Salt Pork,5,0.8714009523391724,503.585086042065,4.276000000000001,,0.0,0.15,,49.498,68.4,17.8482,0.0014,0.0004,,9.756,2.4,0.38,0.4,0.06,0.29900000000000004,0.18760000000000002,4.450799999999999,0.22199999999999998,0.196,14.2,0.384,31.025,,6.4799999999999995,,3.4,0.6900000000000001,13.8,117.6,293.0,1221.8,1.2739999999999998,0.12340000000000002,,0.005333333333333333,,12.819999999999999
salted_duck_egg,Salted Duck Egg,5,0.8725536465644836,219.32198852772467,1.436,,0.0,0.404,,17.65,784.6,5.2208,0.054000000000000006,0.0,0.06633333333333334,12.776,235.0,1.7599999999999998,2.2,0.0,0.1226,0.41180000000000005,0.09980000000000001,2.364,0.30760000000000004,85.8,2.772,433.46000000000004,,1.44,,81.0,3.192,11.2,288.0,156.0,2209.4,1.954,0.0852,,0.05025,,42.9
sambal,Sambal,3,0.78110671043396,107.33333333333333,17.296666666666667,,1.7666666666666668,9.910000000000002,,3.813333333333334,0.0,2.372333333333333,0.0,0.0,,1.8933333333333333,7.0,0.63,0.0,1.0666666666666667,0.092,0.047,0.654,,0.11,86.0,0.0,16.8,,7.5,,12.0,0.88,23.0,90.0,111.66666666666667,77.66666666666667,0.64,0.134,,,,1.7
sambal_oelek,Sambal Oelek,1,0.6810235381126404,58.0,12.08,,0.4,10.0,,1.25,0.0,0.21,,,,0.42,,,,0.0,,,,,,,,,,,,17.0,0.3,,,23.0,17.0,,,,,,
sambar_powder,Sambar Powder,5,0.7866084575653076,299.6,47.010000000000005,,19.04,2.16,,4.636,0.0,0.1222,0.0,0.0,0.098,17.726,7.0,0.315,0.0,45.77499999999999,0.061,0.0605,10.3185,,1.262,64.5,0.0,16.8,,7.5,0.0,208.0,26.808,240.33333333333334,250.0,1379.0,271.6,0.78,2.2670000000000003,,,,0.85
sambuca,Sambuca,1,0.7509204745292664,310.0,33.16,,1.8,1.28,,17.47,14.0,4.406,0.0,0.002,,5.14,54.0,2.38,0.1,0.4,0.309,0.199,2.578,,0.067,44.0,0.1,11.8,,14.0,,33.0,2.16,16.0,73.0,166.0,388.0,0.43,0.063,,,,6.1
sand_ginger,Sand Ginger,5,0.7989593148231506,340.825621414914,53.98,,8.040000000000001,9.356,,14.361999999999998,0.0,4.0396,0.0,0.0,0.223,7.5920000000000005,2.0,0.0,0.0,0.35,0.046,0.17,9.62,0.477,0.626,13.0,0.0,41.2,,0.8,,75.0,8.786000000000001,214.0,168.0,723.4,270.8,3.64,0.48,,33.3,,55.8
sand_worm,Sand Worm,5,0.7641212940216064,315.0,74.47999999999999,44.12,0.0,53.364,,0.0,0.0,0.0,,,,5.574,,,0.0,37.5,,,,,,,,,,,0.0,2.0,0.72,,,15.4,52.0,,,,,,
sangria,Sangria,4,0.9072719216346741,145.75,7.005,,0.225,3.8475,,5.955,35.75,2.343,0.0,0.0,,9.82,0.0,0.0,0.0,1.9249999999999998,0.003,0.013499999999999998,0.0895,,0.027999999999999997,1.0,0.0,2.65,,0.2,371.0,15.25,0.59,6.5,11.0,500.3333333333333,562.75,0.10500000000000001,0.008,,,,0.1
sansho_pepper,Sansho Pepper,5,0.7666236162185669,16.6,3.918,,1.06,3.4339999999999997,,0.05,0.0,0.0,0.0,0.0,,0.2,0.0,0.0,0.0,40.72,0.0,0.0,0.0,,0.0,0.0,0.0,0.3,,0.0,,0.25,0.076,0.0,9.0,1176.75,329.6,0.09,0.007,,,,0.1
sanzi,Sanzi,1,0.6792718768119812,444.0,61.11,,5.6,0.0,,13.89,0.0,0.0,,,,16.67,,,,0.0,1.0,0.378,4.444,,,,,,,,,0.0,4.0,,,,611.0,,,,,,
sardine,Sardine,5,0.8617401719093323,629.6,4.3740000000000006,,0.2,1.185,,63.88199999999999,470.2,18.483600000000003,6.552,6.2296,,8.498000000000001,10.0,1.635,6.4799999999999995,0.0,0.07,0.092,2.0548,0.0,0.06020000000000001,13.0,2.782,61.6,,2.05,,137.6,1.208,14.6,162.4,134.0,135.6,0.48600000000000004,0.0688,,0.0,,18.46
saskatoon_berry,Saskatoon Berry,5,0.7374671101570129,70.6,20.766000000000002,,2.35,7.49,,2.006,5.75,1.19625,0.0,0.001,,0.9720000000000001,40.5,30.0375,0.0,213.78000000000003,0.0695,0.041999999999999996,92.65174999999999,105.2235,10.6205,67.66666666666667,31.5025,10.4,,10.1,73.5,23.5,0.5475,22.333333333333332,61.0,645.0,1777.8,0.87,0.0945,,,,3.1999999999999997
sau_fruit,Sau Fruit,5,0.7780230045318604,171.8,18.806,,1.8,3.96,,8.986,32.0,7.7438,0.0,0.0,,5.432,4.0,1.3,0.0,37.739999999999995,0.6756666666666667,0.025,2.028,,0.061,26.0,0.0,7.8,,39.05,,31.0,0.9179999999999999,16.0,34.0,310.25,247.2,0.14,0.134,67.0,,,0.2
sauerkraut,Sauerkraut,5,0.9999999403953552,13.6,3.378,0.0,3.3600000000000003,2.664,,0.0,0.0,0.0,,,,0.0,,,0.0,8.86,,,,,,,,,,,0.0,0.0,0.48,,,179.6,643.4,,,,,,
sausage,Sausage,5,0.9082082509994507,313.2,2.992,,0.0,1.386,,26.088,73.8,9.4132,0.003,0.002,,15.24,28.0,0.9,1.4,0.0,0.256,0.176,6.119,,0.195,1.0,0.98,62.3,,0.0,,20.6,1.478,16.0,149.0,342.0,942.0,2.45,0.071,,,,20.7
sauternes,Sauternes,1,0.6696078181266785,0.0,0.0,,6.2,0.0,,0.0,0.0,0.0,,,,0.0,,,0.0,,,,,,,,,,,,,44.0,0.0,,,19.0,2667.0,,,,,,
savory,Savory,5,0.8552988171577454,159.4,14.572000000000003,,2.18,4.444,,9.044,12.8,2.54,,,,5.970000000000001,,,0.0,12.066666666666668,,0.455,8.929,,0.357,129.5,5.36,,,,400.0,70.4,1.936,71.0,,234.5,385.2,6.7,,,,,
sazon,Sazon,4,0.8379946947097778,125.0,12.5,,0.0,0.0,,0.0,0.0,0.0,,,,12.5,,,,0.0,,,,,,,,,,,,1900.0,33.333333333333336,,,2550.0,18704.5,,,,,,
scad,Scad,2,0.7010211944580078,459.0,52.94,,2.4,30.59,,25.88,35.0,15.29,,,,3.53,,,,0.0,,,,,,,,,,,,47.0,1.69,,,113.0,165.0,,,,,,
scallion,Scallion,5,0.7481237053871155,162.2,8.998,,0.72,1.328,,9.098,36.0,2.8482,0.0115,0.00875,,10.931999999999999,71.0,1.1124999999999998,0.225,3.78,0.10300000000000001,0.14775,2.2504999999999997,,0.13775,20.0,0.5349999999999999,37.95,,9.275,,61.0,0.6220000000000001,20.0,164.0,247.8,321.2,1.3025,0.09924999999999999,,,,8.850000000000001
scallion_oil,Scallion Oil,5,0.7519643902778625,788.8,0.0,,0.0,0.0,,82.024,142.6,14.8524,10.656,10.137,,3.076,0.0,,8.3,0.0,0.0,0.0,4.0,0.0,0.0,0.0,0.0,,,,,30.75,2.285,0.0,0.0,0.0,101.6,0.0,0.0,,0.0,,0.0
scallop,Scallop,5,0.882556676864624,136.6,4.359999999999999,,0.18,0.508,,6.441999999999998,39.8,1.3112,0.023,0.016,,14.63,56.0,1.815,0.16666666666666666,1.0400000000000003,0.0985,0.188,3.455,,0.1305,24.5,0.95,64.6,,13.7,,22.6,0.514,20.5,227.0,248.75,272.0,1.89,0.0955,,,,12.5
scamorza,Scamorza,1,0.7078412175178528,459.0,52.94,,2.4,30.59,,25.88,35.0,15.29,,,,3.53,,,,0.0,,,,,,,,,,,,47.0,1.69,,,113.0,165.0,,,,,,
schisandra_berry,Schisandra Berry,5,0.7334263920783997,263.6,39.402,,2.925,10.74,,8.808,22.0,4.01975,0.0,0.004,,4.236,161.0,0.1,0.5,303.42,5.08175,7.395666666666666,34.707499999999996,64.614,8.635,2524.5,835.9066666666666,27.0,,1.8,,87.5,2.0549999999999997,87.33333333333333,146.0,366.5,103.2,2.16,0.6885,,,,6.75
schnapps,Schnapps,2,0.7259499430656433,329.5,56.900000000000006,,3.7,12.17,,6.785,0.0,0.0,,,,8.895,,,,1.85,1.0,0.4,3.529,,,,,,,,,174.5,4.245,,,0.0,775.5,,,,,,
scotch_bonnet_pepper,Scotch Bonnet Pepper,5,0.8092145323753357,329.0,8.286,,0.2,3.5159999999999996,,25.662,25.0,5.4996,0.0,0.0,,5.426,44.0,0.49,0.0,40.199999999999996,0.0265,0.060000000000000005,0.4215,,0.138,17.0,0.0,2.8,,3.1,,159.0,0.062,5.0,184.0,48.6,478.0,0.1,0.035,,,,0.0
sea_bass,Sea Bass,5,0.8009063601493835,108.82179732313575,1.6480000000000001,,0.02,1.8175,,2.714,43.4,0.6768,0.3984,0.13820000000000002,,15.540000000000001,37.8,0.8925,4.55,5.58,0.09120000000000002,0.08420000000000001,1.4714000000000003,0.75,0.316,6.2,0.952,50.2,,1.125,,10.8,0.368,35.4,166.8,228.6,101.2,0.346,0.0224,,0.015,,30.979999999999997
sea_bream,Sea Bream,5,0.7588197588920593,412.38279158699805,12.192,,6.76,0.714,,38.059999999999995,57.0,11.0968,2.965,1.619,,14.528,47.0,2.38,18.9,0.0,0.02,0.19000000000000003,3.2999999999999994,,0.41,15.0,12.0,101.59999999999998,,7.8,0.0,66.4,3.688,60.0,254.0,523.4,2842.0,1.1,0.10000000000000002,,,,73.4
sea_buckthorn,Sea Buckthorn,1,0.6971256136894226,88.0,2.65,,0.0,0.0,,0.88,31.0,0.0,,,,15.93,,,0.0,2.7,,,,,,,,,,,,18.0,0.32,,,260.0,159.0,,,,,,
sea_coconut,Sea Coconut,5,0.8126788139343262,99.8,12.516,,5.34,2.26,,8.0,0.0,4.6659999999999995,,,,3.3340000000000005,,,0.0,1.8,,,,,,,,,,,7.0,20.0,2.35,14.666666666666666,12.666666666666666,250.4,124.2,0.24,,,0.0,,
sea_cucumber,Sea Cucumber,5,0.814402163028717,21.762999999999998,3.035,,0.5333333333333333,1.75,,0.7830000000000001,0.6666666666666666,0.3,0.0,0.0,,0.642,9.666666666666666,0.18000000000000002,0.0,2.766666666666667,0.027333333333333334,0.034,0.10066666666666668,,0.04666666666666667,7.0,0.0,6.366666666666667,0.0,25.16,,16.736,0.0,10.244,23.892000000000003,174.64000000000001,30.405999999999995,0.2076,0.06479599999999999,,0.08488,3.723,0.3
sea_grape,Sea Grape,5,0.8159295916557312,176.0,31.35,,6.839999999999999,20.336000000000002,,8.0,0.0,4.6659999999999995,,,,3.502000000000001,,,0.0,7.5,0.0,0.18,2.119,1.0590000000000002,0.212,42.0,0.64,,,8.5,3.5,16.6,2.396,26.0,127.0,203.2,107.6,1.59,0.212,16.0,0.5,,9.0
sea_hare,Sea Hare,5,0.7091745734214783,375.2,32.104,,12.26,3.5940000000000003,,18.368000000000002,17.0,2.284,0.0,0.0,,14.425999999999998,0.0,0.44,0.0,0.0,0.6866666666666666,0.27066666666666667,7.952249999999999,,0.337,40.0,6.46,120.2,,1.6,,223.0,3.9520000000000004,211.33333333333334,224.0,665.0,816.0,2.35,1.5875,63150.0,2.0,,38.2
sea_lettuce,Sea Lettuce,5,0.837255597114563,117.0,15.342000000000002,,1.56,0.7860000000000001,,5.276,2.4,0.6678,0.0,0.00225,,2.032,238.5,1.8219999999999998,1.4,21.119999999999997,0.2448,0.0792,0.5075000000000001,,0.26539999999999997,37.2,0.0725,11.225000000000001,,64.38,804.0,23.6,0.49000000000000005,14.8,27.0,287.2,319.8,0.3925,0.04125,,,,1.2
sea_moss,Sea Moss,5,0.7735385298728943,220.6,21.704,,18.4,0.818,,15.156,2.0,5.1072,0.0,0.04766666666666666,,9.815999999999999,39.666666666666664,2.03,0.0,7.3,0.42933333333333334,0.7663333333333333,5.1225000000000005,,0.14833333333333334,177.0,0.09666666666666666,29.566666666666666,,17.599999999999998,,269.8,10.248,230.75,60.0,720.8,711.8,2.855,1.4932500000000002,58706.0,2.0,,17.475
sea_snail,Sea Snail,5,0.7412532567977905,86.02523900573614,3.6420000000000003,,0.0,0.0,,1.7280000000000002,28.8,0.3298,0.1774,0.13000000000000003,0.015,13.008000000000001,64.8,0.6020000000000001,0.0,4.8,0.10200000000000001,0.14200000000000002,1.1,0.35919999999999996,0.03400000000000001,27.2,11.712,65.0,0.0,0.13999999999999999,,31.2,3.0180000000000007,28.0,197.4,210.4,412.0,1.1640000000000001,0.0776,,2.0740000000000003,,39.11999999999999
sea_urchin,Sea Urchin,5,0.7135153412818909,86.04206500956023,3.69,,0.0,0.0,,2.24,28.0,0.425,0.253,0.188,,11.9,48.0,0.55,0.0,8.0,0.16,0.21000000000000002,1.6,0.5,0.05,42.0,12.0,65.0,,0.1,,26.0,3.95,34.0,197.0,320.0,286.0,1.6,0.094,,3.4,,44.8
seafood,Seafood,5,0.8418370485305786,241.2,7.712000000000001,,0.0,6.168,,16.208,22.4,2.3128,0.6092000000000001,0.8161999999999999,,14.943999999999999,212.0,1.582,3.0799999999999996,0.13999999999999999,0.0472,0.1578,3.2833999999999994,0.19380000000000003,0.1964,3.6,6.15,96.28,,0.18,,73.0,1.1960000000000002,12.8,118.4,120.6,714.0,0.6220000000000001,0.1024,,0.039,,54.1
seafood_sauce,Seafood Sauce,5,0.9999998807907104,188.2,7.614,,0.3,6.837999999999999,,14.930000000000001,29.6,3.2174,0.034,0.035500000000000004,,4.914,82.5,1.3050000000000002,0.2,0.625,0.017,0.0625,1.7065000000000001,,0.078,7.5,1.8450000000000002,25.85,,6.2,,31.0,0.79,15.5,83.0,212.0,3217.4,0.45999999999999996,0.069,,,,10.850000000000001
seafood_seasoning,Seafood Seasoning,5,0.9346935749053955,55.4,0.358,,0.0,0.0,,4.642,30.25,2.455,,,,2.8579999999999997,,,0.0,2.7,,,,,,,,,,,64.0,9.0,0.4025,,,150.0,20312.4,,,,,,
seafood_stock,Seafood Stock,5,0.9787933230400085,5.6,0.58,,0.0,0.414,,0.0,0.4,0.0,,,,0.6539999999999999,,,0.0,0.0,,,,,,,,,,,19.0,0.0,0.0,,,29.8,186.6,,,,,,
seasoning_sauce,Seasoning Sauce,5,0.8852625489234924,84.0,20.19,,0.32,6.6659999999999995,,0.476,0.0,0.0,,,,0.318,,,0.0,5.7,,,,,,,,,,,143.0,6.4,0.11399999999999999,0.0,,166.66666666666666,9966.4,,,,,,
seaweed,Seaweed,5,0.8724269866943359,88.95793499043978,21.483999999999998,,2.0200000000000005,0.966,,0.29000000000000004,0.0,0.0872,0.0,0.0518,,4.01,105.2,1.748,0.0,16.2,0.0522,0.2572,0.7333999999999999,1.0008,0.131,227.4,0.0,20.580000000000002,,20.139999999999997,,197.4,5.942,192.4,43.0,430.4,88.0,1.9420000000000002,0.2658,,1.3697999999999997,,2.04
semolina,Semolina,5,0.8866809010505676,360.72488778083175,72.86393749999999,,4.0646,2.38,,1.4276,0.0,0.09999999999999999,0.0,0.0,,12.6478125,0.0,0.26,0.0,0.0,0.7732,0.391,6.2996,0.58,0.10905,212.71999999999997,0.0,,,,,14.262,2.9652000000000003,48.7325,154.775,211.85999999999999,0.48525999999999997,1.15875,0.24,,0.77625,44.48,65.24
senbei,Senbei,1,0.6677048802375793,140.0,0.0,,0.0,0.0,,8.32,57.0,2.668,0.054,0.068,,15.25,5.0,0.37,1.7,0.1,0.18,0.124,2.729,,0.207,3.0,0.78,47.9,,0.0,,14.0,0.52,18.0,197.0,223.0,231.0,1.26,0.045,,,,27.4
serrano_ham,Serrano Ham,5,0.8150951862335205,154.6,3.2960000000000003,,1.325,1.2759999999999998,,6.2219999999999995,41.4,2.342,0.0,0.0,,20.028,0.0,0.28,0.45,11.725,0.5223333333333333,0.2545,3.9015,0.784,0.504,5.0,1.03,105.5,,0.0,0.0,2.5,1.9599999999999997,25.0,218.0,367.0,1703.4,3.6100000000000003,0.1325,,,,25.8
serrano_pepper,Serrano Pepper,5,0.9673640131950378,42.4,8.849999999999998,,2.9,2.9400000000000004,,0.366,0.0,0.0236,0.0,0.0,,1.076,47.0,0.69,0.0,36.625,0.054,0.081,1.537,0.2,0.505,23.0,0.0,8.9,,11.8,,6.4,0.516,22.0,40.0,274.6,533.0,0.26,0.129,,0.187,,0.4
sesame_oil,Sesame Oil,5,0.9999999403953552,848.6,0.0,,0.0,0.0,,97.332,0.0,13.906,,,,0.0,,,0.0,0.0,,,,,,,,,,,0.0,0.0,5.144,,,0.0,0.0,,,,,,
sesame_paste,Sesame Paste,5,0.8899809122085571,471.2,19.522,,4.2,1.2225,,38.220000000000006,0.0,5.558800000000001,0.0,0.0,,12.638,3.0,,0.0,4.62,0.24,0.2,6.7,0.052,0.816,100.0,0.0,,,,161.0,240.8,6.3740000000000006,362.0,659.0,353.75,961.0,7.29,4.214,,2.54,,35.5
sesame_seed,Sesame Seed,5,0.9707027673721313,668.3586998087954,17.594,,10.080000000000002,0.12,,62.726,0.0,8.9268,0.0,0.0,,16.164,0.0,0.25,0.0,0.0,0.8606666666666666,0.24566666666666667,4.914666666666666,0.05,0.79,102.66666666666667,0.0,25.6,,0.0,0.0,657.2,18.55,386.3333333333333,681.3333333333334,396.2,6.8,8.38,4.483333333333333,,2.64,,34.4
sev,Sev,1,0.6489027142524719,15.0,3.53,,0.0,2.94,,0.0,0.0,0.0,,,,0.0,,,,2.9,,,,,0.1,,0.14,,,,,3.0,0.0,,,29.0,18.0,,,,,,
shacha_sauce,Shacha Sauce,5,0.8425140380859375,209.2,52.67,,1.22,46.154,,0.33399999999999996,0.0,0.0,,,,0.666,,,0.0,2.2666666666666666,,,,,,,,,,,0.0,5.2,1.334,,,328.5,722.8,,,,,,
shallot,Shallot,3,0.8377432227134705,255.9802421924793,59.4,,11.533333333333331,28.063333333333333,,0.3666666666666667,0.0,0.06166666666666667,0.0,0.0,,9.033333333333333,0.6666666666666666,0.13333333333333333,0.0,28.666666666666668,0.21999999999999997,0.07333333333333335,0.7333333333333334,1.0353333333333332,1.2316666666666667,88.66666666666667,0.0,40.43333333333333,,2.8666666666666667,,134.33333333333334,4.3999999999999995,76.33333333333333,217.33333333333334,1211.3333333333333,43.333333333333336,1.42,0.31266666666666665,,1.042,,4.2
shaobing,Shaobing,1,0.6802884936332703,102.0,15.97,,0.0,15.98,,0.03,0.0,0.0,0.0,0.0,,0.34,0.0,0.0,0.0,0.0,0.031,0.08,7.372,,1.626,0.0,1.48,0.2,,0.0,,5.0,0.06,14.0,1.0,3.0,30.0,0.02,0.006,,,,0.2
shaoxing_wine,Shaoxing Wine,5,0.7669720649719238,92.4,4.744,,0.0,2.3180000000000005,,4.612,15.6,2.5862,0.0004,0.0016,,3.532,54.0,0.16799999999999998,1.3,0.0,0.008,0.093,0.11400000000000002,,0.040799999999999996,4.4,0.304,11.16,,0.62,,282.2,0.51,14.8,165.6,129.4,509.0,0.506,0.014199999999999999,,,,3.4
shark,Shark,5,0.9412577152252197,263.8,47.05800000000001,,0.06,32.036,,2.818,22.4,0.6294000000000001,0.5395000000000001,0.3235,,11.982000000000001,77.0,1.37,0.4333333333333333,47.06,0.08800000000000001,0.0865,3.349,0.695,0.4075,11.0,1.455,69.0,,2.05,,16.0,0.462,52.0,223.0,77.2,126.4,0.49,0.043,,0.015,,38.4
shark_fin,Shark Fin,5,0.776414155960083,193.0,19.616,,0.16,10.544,,5.662000000000001,37.0,1.0034,0.39833333333333343,0.23133333333333336,,14.992,55.0,1.8533333333333335,0.6599999999999999,0.22000000000000003,0.11566666666666668,0.09366666666666666,2.8296666666666668,0.695,0.29266666666666663,17.333333333333332,1.32,64.76666666666667,,5.366666666666667,,37.4,0.8019999999999999,42.0,219.33333333333334,139.4,182.0,0.45,0.043000000000000003,,0.015,,33.9
shellfish,Shellfish,5,0.7892611622810364,77.60688336520077,3.5780000000000003,,0.0,0.0,,2.0340000000000003,126.2,0.5218,0.2736,0.185,,10.468,58.0,0.9899999999999999,0.0,4.88,0.098,0.26439999999999997,1.6163999999999998,0.30799999999999994,0.0794,7.4,11.998,74.6,,0.06000000000000001,,39.8,4.292,45.6,171.8,235.8,84.8,55.182,3.433,,0.284,,39.4
shepherds_purse,Shepherds Purse,3,0.7368666529655457,467.0,66.67,,3.2999999999999994,0.0,,16.67,22.333333333333332,3.33,,,,12.219999999999999,,,,,0.0,0.6223333333333333,,,,,,,,,,144.33333333333334,4.22,,,167.0,855.6666666666666,,,,,,
sherbet,Sherbet,5,0.8935261964797974,129.4,30.426,,0.4800000000000001,23.915999999999997,,1.1219999999999999,3.4,0.6359999999999999,0.0,0.0,,0.6839999999999999,12.0,0.01,0.0,4.24,0.027,0.097,0.063,,0.023,4.0,0.13,7.7,,0.0,21.0,36.4,0.10400000000000001,8.0,40.0,55.6,27.0,0.48,0.028,,,,1.5
sherry,Sherry,5,0.8505077362060547,734.8,90.0,,0.0,70.0,,0.0,0.0,0.0,0.0,0.0,,0.0,0.0,0.0,0.0,2.0,0.006,0.004,0.013,,0.001,0.0,0.0,0.0,,0.0,,0.0,0.04,0.0,4.0,2.0,300.8,0.04,0.021,,,,0.0
sherry_vinegar,Sherry Vinegar,5,0.8543307185173035,66.4,13.331999999999999,,0.0,5.332,,0.0,0.0,0.0,,,,0.0,,,0.0,4.0,,,,,,,,,,,0.0,0.0,0.0,,,36.5,0.0,,,,,,
shichimi_togarashi,Shichimi Togarashi,2,0.7046144008636475,208.5,9.440000000000001,,0.0,8.335,,16.665,41.5,0.0,,,,0.0,,,0.0,,,,,,,,,,,,,24.0,0.09,,,8.5,838.0,,,,,,
shiitake_mushroom,Shiitake Mushroom,5,0.8766785264015198,141.8,34.75600000000001,,6.760000000000001,1.0639999999999998,,0.6060000000000001,0.0,0.1092,0.0,0.0,,5.901999999999999,0.0,0.0,1.86,1.4,0.17939999999999998,0.6724,7.961999999999999,9.5676,0.4904,73.6,0.0,116.31999999999998,0.0,0.0,,5.6,1.006,64.2,184.2,809.2,8.2,3.6400000000000006,2.1638,,0.6041999999999998,,22.22
shio_koji,Shio Koji,1,0.6587240695953369,45.0,11.5,,3.0,7.5,,0.5,0.0,0.0,,,,0.5,,,0.0,,,,,,,,,,,,,30.0,0.36,,,35.0,295.0,,,,,,
shirasu,Shirasu,1,0.7183210849761963,0.0,2.21,,0.0,0.0,,0.0,0.0,0.0,,,,0.0,,,0.0,,,,,,,,,,,,,31.0,0.18,,,0.0,9.0,,,,,,
shirataki_noodle,Shirataki Noodle,5,0.9128553867340088,83.0,18.535999999999998,,1.52,3.5519999999999996,,0.5980000000000001,0.0,0.05,,,,2.692,,,0.0,,,,,,,,,,,,,39.2,0.372,,,39.2,450.2,,,,,,
shochu,Shochu,1,0.6553279757499695,0.0,3.39,,0.8,,,0.0,0.0,0.0,,,,0.0,,,,,,,,,,,,,,,,0.0,0.0,,,237.0,186.0,,,,,,
shortcake,Shortcake,5,0.8897497057914734,366.0,50.054,,0.68,29.052,,14.774000000000001,31.0,5.9984,0.002,0.0005,,8.058,25.5,1.3699999999999999,0.06666666666666667,14.48,0.4956666666666667,0.5106666666666667,5.63,11.25,1.204,55.0,3.5533333333333332,11.85,,6.0,0.0,60.0,1.682,12.0,76.0,89.6,309.4,0.42,0.069,,,,5.6
shortening,Shortening,5,0.8575769662857056,884.0,0.0,,0.0,0.0,,99.982,0.0,41.188,0.0,0.0,1.883,0.0,0.0,11.278,0.0,0.0,0.012,0.0,0.0,0.34,0.0006000000000000001,0.0,0.0,0.20000000000000004,,53.20000000000001,,0.6,0.042,0.0,0.0,0.0,2.4,0.0,0.0,,0.0,,0.0
shrimp,Shrimp,5,0.8815015554428101,159.8,3.4620000000000006,,0.175,0.0675,,4.976,257.0,0.7708,0.2084,0.23620000000000002,0.002,23.858,26.25,2.3775,0.05,3.5749999999999997,0.06225,0.04425,1.61125,,0.08249999999999999,22.5,1.09,110.47500000000001,,4.449999999999999,,138.2,1.9100000000000001,39.6,275.6,157.0,789.2,2.04,0.3362,,0.033,,56.3
shrimp_mushroom,Shrimp Mushroom,5,0.8612778782844543,84.77321666666667,8.997083333333334,,3.7260000000000004,1.645,,4.309166666666667,23.0,0.492,0.021,0.02,,3.902916666666666,22.0,0.98,0.1203,1.5,0.113,0.1659,3.6385,,0.08394,54.07,0.34,37.2,,8.1,,11.666666666666666,0.5060333333333333,15.955,92.62,179.8,159.04266666666666,0.65715,0.0997,,0.08554,,10.739500000000001
shrimp_paste,Shrimp Paste,5,0.8586918711662292,389.77399617590817,44.18,,3.66,23.419999999999998,,19.642,30.4,2.9915999999999996,0.0,0.0,,10.83,0.0,13.54,0.0,0.5750000000000001,0.082,0.414,1.422,0.113,0.036,73.0,0.0,28.5,,0.0,,119.0,1.424,130.0,258.0,184.0,284.6,1.48,0.454,,0.856,,4.2
sichuan_peppercorn,Sichuan Peppercorn,5,0.7822696566581726,446.8,14.0,,2.66,3.3299999999999996,,38.668,23.4,8.0,,,,9.331999999999999,,,0.0,0.0,,,,,,0.0,,,,,0.0,26.8,1.174,,,277.6666666666667,946.8,,,,,,
silkworm_pupa,Silkworm Pupa,1,0.7112060785293579,232.0,23.02,,2.6,1.45,,10.43,29.0,3.166,0.003,0.004,,11.51,10.0,0.35,0.7,0.1,0.083,0.087,2.373,,0.23,4.0,0.28,38.4,,1.1,,49.0,1.01,38.0,162.0,255.0,426.0,1.62,0.065,,,,17.8
simit,Simit,1,0.6754461526870728,65.0,6.9,,0.0,6.9,,3.6,2.0,1.505,0.012,0.0,,1.37,59.0,0.72,1.0,5.9,0.066,0.099,0.691,,0.04,10.0,0.16,15.1,,5.3,,52.0,1.18,4.0,30.0,69.0,17.0,0.49,0.058,,,,1.4
skate,Skate,3,0.7131385207176208,268.6666666666667,48.26666666666667,,4.2,2.85,,4.466666666666666,0.0,0.8109999999999999,0.0,0.0,,9.399999999999999,0.0,0.3033333333333333,0.0,0.0,0.4226666666666667,0.317,3.9326666666666665,,0.08433333333333333,99.66666666666667,0.0033333333333333335,18.566666666666666,,1.5,,86.0,3.3666666666666667,41.666666666666664,133.33333333333334,158.66666666666666,532.6666666666666,1.1566666666666667,0.222,,,,31.8
smelt,Smelt,4,0.8024876117706299,183.43881453154876,6.61,,0.975,0.0,,6.067500000000001,102.25,1.540333333333333,0.7246666666666667,0.5126666666666666,,25.479999999999997,42.75,1.7566666666666666,0.8,0.0,0.048999999999999995,0.1395,2.939,1.2226666666666668,0.144,7.333333333333333,6.6275,65.0,1.6,0.05,,436.75,2.2800000000000002,51.5,518.75,451.25,140.5,2.93,0.16999999999999998,,0.8527500000000001,,70.325
smoked_cheese,Smoked Cheese,5,0.9430906176567078,350.8,5.075,,2.12,1.052,,29.060000000000002,53.6,13.533999999999997,,,,19.55,,16.0,0.0,0.0,0.5,0.4555,3.5086666666666666,,0.6213333333333334,105.0,1.71,,,,0.0,435.4,1.136,211.0,357.0,62.5,583.4,2.8200000000000003,,,1.0,,28.0
smoked_meat,Smoked Meat,5,0.8854220509529114,278.6,4.781999999999999,,0.72,0.644,,23.508,74.2,6.545999999999999,,,,11.256,,,,0.0,,,,,,,,,,,0.0,40.4,1.952,,,357.0,1076.6,,,,,,
smoked_paprika,Smoked Paprika,5,0.8213363885879517,317.50630975143406,27.104000000000003,,15.379999999999999,5.494,,21.607999999999997,38.8,4.22,0.0,0.0,0.453,15.171999999999997,2463.0,29.1,0.0,0.45,0.33,1.23,13.849666666666666,2.51,2.141,49.0,0.0,51.5,,80.3,,139.0,10.312000000000001,166.33333333333334,314.0,1758.0,635.2,4.33,0.7133333333333333,,1.3933333333333333,,6.3
smoked_salmon,Smoked Salmon,5,0.9999999403953552,292.75,4.386,,0.0,2.87,,21.106,54.0,4.965999999999999,,,,16.637999999999998,,,5.0,0.0,0.0,0.593,,,0.186,56.0,1.12,,,,168.5,19.6,0.072,,233.0,247.5,802.0,1.4,,,,,
smoked_salt,Smoked Salt,5,0.8566375374794006,418.8,13.812000000000001,,4.9799999999999995,4.522,,34.523999999999994,20.4,4.524,,,,22.262000000000004,,8.0,2.5,0.0,0.0,0.6,16.0715,,0.186,56.0,1.12,,,,,92.8,2.8139999999999996,190.66666666666666,315.6666666666667,558.75,4047.6,1.4,0.8329999999999999,,1.6666666666666667,,
snail,Snail,5,0.7243354320526123,86.0,3.5699999999999994,,0.0,0.0,,0.96,30.0,0.187,0.064,0.043,0.015,14.669999999999998,90.0,0.68,0.0,0.0,0.015,0.04,0.35,0.148,0.01,5.0,11.28,65.0,0.0,0.2,,39.0,1.6200000000000003,19.0,198.0,46.0,601.0,0.51,0.053000000000000005,,0.085,,30.6
snail_rice_noodle,Snail Rice Noodle,5,0.8460829854011536,215.8,37.162000000000006,,1.3399999999999999,2.882,,4.967999999999999,22.2,1.9952,0.0,0.0,,5.258000000000001,78.0,0.78,0.35,0.32,0.189,0.178,1.437,,0.064,52.0,0.22,67.7,,5.2,,12.6,1.1640000000000001,22.0,101.0,215.0,666.6,0.74,0.103,,,,22.8
snake,Snake,5,0.7747589945793152,183.38202676864245,0.0,,0.0,0.0,,6.964,82.0,1.8064000000000004,0.0222,0.010400000000000001,,28.252000000000002,13.0,0.6960000000000001,0.0,0.6,0.09119999999999999,0.32339999999999997,3.0014,,0.269,11.0,3.84,103.22,,2.08,,62.4,5.212,23.4,217.4,295.0,288.2,3.406,0.21400000000000002,,,,25.96
snake_gourd,Snake Gourd,2,0.7041957378387451,14.10133843212237,3.39,,0.5,,,0.02,0.0,0.002,,,,0.62,,,0.0,10.1,0.029,0.022,0.32,0.152,0.04,6.0,0.0,,,,,26.0,0.2,11.0,13.0,150.0,2.0,0.7,0.026,,0.066,,0.2
snakehead_fish,Snakehead Fish,5,0.7321008443832397,158.2,3.116,,0.19999999999999998,0.09333333333333334,,6.25,65.8,1.5510000000000002,0.4524,0.2378,0.002,20.988,40.333333333333336,1.7559999999999998,3.7800000000000002,0.3333333333333333,0.0916,0.14140000000000003,8.312999999999999,0.403,0.3506,18.666666666666668,1.2760000000000002,78.83333333333333,,6.7,,64.4,1.5219999999999998,35.839999999999996,247.2,392.4,954.6,0.9020000000000001,0.1024,,0.011,,44.480000000000004
snow_fungus,Snow Fungus,5,0.7715242505073547,152.6,38.436,,28.619999999999997,12.963333333333333,,0.312,0.0,0.017333333333333333,0.0,0.0,,4.45,106.5,0.53,0.0,11.879999999999999,0.02025,0.4495,3.28525,0.481,0.07150000000000001,23.0,0.0,6.1,,0.55,,74.4,2.744,44.75,103.25,416.0,18.6,0.745,0.1265,,1.951,,21.8
snow_pea,Snow Pea,5,0.8131645917892456,158.2,24.851999999999997,,4.220000000000001,9.606,,5.002,0.4,0.8812,0.0,0.0,,6.292,7.5,0.335,0.0,4.54,0.08433333333333333,0.061,1.1896666666666667,0.714,0.084,55.333333333333336,0.0,24.2,,18.85,32.0,53.2,1.8780000000000001,54.333333333333336,135.0,308.25,89.0,1.18,0.254,,1.0,,1.7
snow_vegetable,Snow Vegetable,5,0.8302962183952332,43.47617319311663,8.929490000000001,,1.5118,3.3724999999999996,,0.6455,18.25,0.23575000000000002,0.0,0.0,,1.42775,181.25,0.3975000000000001,0.125,7.6000000000000005,0.041,0.08275,0.64775,0.274,0.11300000000000002,19.75,0.0425,20.725,,1.6,,25.748,0.5385800000000001,13.190000000000001,32.506,268.62,37.2,0.2706,0.07505999999999999,,0.12112666666666667,,1.85
sobrasada,Sobrasada,1,0.7218125462532043,33.0,4.05,,0.2,1.36,,0.15,0.0,0.01,0.0,0.0,,0.66,12.0,0.16,0.0,24.6,0.024,0.053,0.302,,0.061,12.0,0.01,8.3,,1.1,,8.0,0.22,8.0,17.0,119.0,137.0,0.06,0.033,,,,0.5
sofrito,Sofrito,3,0.9999999403953552,77.33333333333333,11.62,,2.3,3.5149999999999997,,2.2866666666666666,0.0,0.0,,,,0.26666666666666666,,,0.0,21.6,,,,,,,,,,,144.0,20.0,0.29,,,176.0,527.0,,,,,,
soju,Soju,1,0.6785546541213989,126.0,33.68,,1.1,31.58,,0.0,0.0,0.0,,,,0.0,,,,18.9,,,,,,,,,,,,0.0,0.38,,,21.0,21.0,,,,,,
sole,Sole,1,0.6960281133651733,250.0,47.5,,6.5,0.53,,3.1,0.0,0.437,0.0,0.0,,8.7,0.0,0.42,0.0,0.0,0.327,0.305,3.091,0.404,0.126,93.0,0.0,14.6,,0.8,,68.0,2.87,54.0,178.0,208.0,596.0,1.48,0.287,,1.305,,24.5
somen_noodle,Somen Noodle,5,0.8655382990837097,306.22370936902485,45.724000000000004,,2.575,1.4000000000000001,,10.14,7.0,2.652,0.0013333333333333333,0.0006666666666666666,,7.897999999999999,7.5,1.84,0.05,0.64,0.10475,0.06525,1.2185,0.3315,0.048,16.25,0.045,20.05,,8.4,,13.2,1.456,16.0,64.0,96.0,897.2,0.455,0.08499999999999999,,0.365,,17.6
soppressata,Soppressata,5,1.0000001192092896,393.0,0.0,,0.0,0.0,,29.284000000000002,89.0,11.07,,,,29.998,,,0.0,2.15,,,,,,,,,,,0.0,0.0,1.802,,,571.0,1849.8,,,,,,
sorghum,Sorghum,5,0.9281973242759705,326.3825157969789,75.18424599999999,,3.8638000000000003,38.5675,8.16,2.0772,0.0,0.2845,0.0,0.0003333333333333333,0.061,5.464554,0.0,0.25,0.0,0.2,0.22620000000000004,0.1234,2.4674,0.6285000000000001,0.45472,11.25,0.0,13.3,0.2,2.1333333333333333,,67.282,3.5642000000000005,120.88,188.18,604.42,4.2,1.1560000000000001,0.20675999999999997,,1.4002000000000001,48.16,8.040000000000001
sorghum_syrup,Sorghum Syrup,5,0.9331469535827637,336.010707456979,82.314,,1.3399999999999999,52.948,,0.6679999999999999,0.0,0.1056,0.0,0.00025,0.061,1.686,0.0,0.1275,0.0,0.4800000000000001,0.1405,0.09575,1.177,0.7156666666666668,0.4165,6.25,0.0,8.933333333333334,0.2,1.625,,64.0,2.1559999999999997,81.0,97.5,582.75,10.4,0.6775,0.13275,,1.4393333333333331,,4.1
sorrel,Sorrel,2,0.7061533331871033,333.0,50.0,,1.9,25.93,,12.96,9.0,2.78,,,,5.56,,,,0.0,0.0,0.189,2.222,,,,,,,,,0.0,2.0,,111.0,,333.0,,,,,,
sour_bamboo_shoot,Sour Bamboo Shoot,5,0.8571641445159912,26.6,3.9939999999999998,,1.7200000000000002,2.3240000000000003,,0.868,0.4,0.2158,0.0,0.0,,2.064,3.2,0.85,0.0,2.2399999999999998,0.07520000000000002,0.0434,0.32320000000000004,0.1265,0.18,4.6,0.0,0.04,,0.42000000000000004,,10.0,0.39,3.6,38.6,260.8,7.4,0.826,0.14379999999999998,,0.20950000000000002,,0.62
sour_broth,Sour Broth,5,0.8518786430358887,11.605353728489483,0.9,0.0,0.16,0.12,,0.32199999999999995,0.0,0.053200000000000004,0.101,0.095,,1.212,1.0,0.15,0.0,0.0,0.0,0.03,1.37,,0.01,4.0,0.1,9.2,,0.2,0.0,13.8,0.08399999999999999,3.0,25.333333333333332,47.0,249.0,0.1,0.051,31.0,,,0.7
sour_cream,Sour Cream,5,1.000000238418579,104.5,12.472,,1.34,0.916,,6.9319999999999995,16.0,3.1399999999999997,0.00025,0.0015,,2.4739999999999998,92.75,0.095,0.0,0.18,0.04075,0.1545,0.07750000000000001,,0.0245,9.75,0.24,19.2,,0.375,,123.0,0.0,10.0,96.75,135.25,111.2,0.47250000000000003,0.012,,,,4.9
sour_mix,Sour Mix,5,0.9314962029457092,145.8,36.709999999999994,,9.940000000000001,34.46,,0.074,0.0,0.0,,,,0.5980000000000001,,,0.0,30.4,,,,,,,,,,,,97.0,4.46,,,4.0,33.0,,,,,,
soursop,Soursop,5,0.9161811470985413,93.48279158699809,20.722,,3.3499999999999996,16.363999999999997,,4.36,0.0,1.28275,0.0,0.0,,0.422,0.0,0.05666666666666667,0.0,13.075000000000001,0.04766666666666667,0.037,0.64,0.253,0.041666666666666664,11.333333333333334,0.0,5.8,,0.26666666666666666,,42.0,0.39,15.0,18.666666666666668,193.66666666666666,27.2,0.07333333333333333,0.06066666666666667,,,,0.5333333333333333
southern_comfort,Southern Comfort,5,0.758989155292511,135.2,25.654000000000003,,0.82,17.558,,2.904,0.0,1.936,,,,1.782,,,0.0,2.92,0.0,0.219,2.581,,,65.0,,,,,0.0,692.0,0.122,1.0,,181.25,2769.6,,,,,,
soy_milk,Soy Milk,5,0.8787330389022827,142.8,11.463999999999999,,3.7399999999999998,4.9639999999999995,,6.845999999999999,0.0,0.998,0.0,0.0,,10.738,44.0,0.30999999999999994,0.6399999999999999,0.74,0.0698,0.0994,0.4648,,0.08759999999999998,58.4,0.28,43.4,,12.719999999999999,,103.8,1.318,47.4,129.4,424.0,58.4,0.8859999999999999,0.259,,,,5.44
soy_protein_isolate,Soy Protein Isolate,5,0.9999998807907104,348.10286806883363,13.034,,1.9600000000000002,4.676,,2.436,4.0,0.5922000000000001,0.0,0.0,,73.452,218.0,1.9625,0.0,16.22,0.5024,0.532,6.4492,3.4065000000000003,0.613,236.4,1.6219999999999999,229.92499999999998,,21.6,,431.0,8.784,136.6,834.8,926.0,530.4,6.984,1.7038,115.0,1.5365,,19.520000000000003
soy_sauce,Soy Sauce,5,0.9999998807907104,91.0,8.242,,0.13999999999999999,3.556,,2.5060000000000002,8.6,0.5504,0.0,0.0005,,10.611999999999998,1.5,0.88,0.0,7.459999999999999,0.028999999999999998,0.0685,1.6685,,0.14500000000000002,7.5,0.42,31.8,,11.45,,19.0,1.704,17.0,74.5,305.2,3726.6,1.4100000000000001,0.042,,,,8.1
soy_yogurt,Soy Yogurt,5,0.9540628790855408,157.83365200764817,14.65,,3.8599999999999994,4.9719999999999995,,6.831999999999999,2.2,1.231,0.0005,0.0,,11.209999999999999,19.75,0.35750000000000004,0.44999999999999996,1.44,0.05500000000000001,0.14079999999999998,0.51025,,0.11099999999999999,54.6,0.43,53.0,,14.625,,121.2,1.312,48.4,142.8,402.0,63.4,0.938,0.22939999999999997,,0.0,,8.620000000000001
soybean,Soybean,5,0.8765289783477783,731.914722753346,1.3800000000000001,,0.0,0.32,,81.62,0.0,12.242999999999999,0.0,0.0,6.537,2.5,0.5,6.285,0.0,0.0,0.0,0.035,0.125,0.029,0.0175,5.5,0.0,15.775000000000002,,139.075,,37.6,1.1319999999999997,57.0,55.5,39.8,4.0,0.43,0.095,,0.889,,4.2
soybean_oil,Soybean Oil,5,0.8821477293968201,811.4,0.0,,0.0,0.0,,100.0,0.0,15.103399999999999,0.0,0.0,6.537,0.0,0.0,8.18,0.0,0.0,0.0,0.0,0.0,0.0,0.0,0.0,0.0,210.08,,183.9,,0.0,0.008,0.0,0.0,0.0,0.0,0.0,0.0,,0.0,,0.0
soybean_paste,Soybean Paste,5,1.0000001192092896,261.0,36.914,,4.02,24.356,,8.608,0.0,0.6776,0.0,0.0,,7.564,105.0,0.05,0.0,0.96,0.064,0.0395,0.27149999999999996,,0.0605,48.0,0.0,12.85,,3.05,0.0,48.0,1.6179999999999999,19.0,57.0,236.66666666666666,2326.0,0.44,0.1195,,,,0.75
soybean_sprout,Soybean Sprout,5,0.8572462797164917,64.2,5.926000000000001,,1.98,2.8225,,2.9359999999999995,0.4,0.47919999999999996,0.0,0.0,,6.5920000000000005,4.6,0.19999999999999998,0.0,11.24,0.1366,0.13579999999999998,0.7432,0.929,0.10840000000000001,74.0,0.0,17.8,,29.725,,36.2,1.536,37.8,94.8,232.0,31.6,0.738,0.23359999999999997,,0.702,,1.2399999999999998
spaetzle,Spaetzle,1,1.0000003576278687,357.0,69.64,,3.6,0.0,,3.57,98.0,1.79,,,,14.29,,,,0.0,,,,,,,,,,,0.0,36.0,1.29,,,,36.0,,,,,,
sparkling_water,Sparkling Water,5,1.0000004768371582,32.8,8.065999999999999,,0.0,7.508000000000001,,0.0,0.0,0.0,,,,0.068,,,,20.3,,0.057,0.636,0.199,0.08,,0.1,,,,,0.0,0.0,,,32.5,7.8,,,,,,
sparkling_wine,Sparkling Wine,5,0.9421743154525757,49.0,8.882,,0.0,7.896000000000001,,0.0,0.0,0.0,0.0,0.0,,0.17400000000000002,0.0,0.0,0.0,16.0,0.004,0.04066666666666666,0.462,,0.044,1.0,0.0,4.4,,0.3,,3.0,0.09999999999999999,10.0,17.0,58.0,5.0,0.11,0.005,,,,0.1
speck,Speck,1,0.6690881848335266,500.0,12.5,,0.0,0.0,,37.5,125.0,12.5,,,,12.5,,,,0.0,,,,,,,,,,,,0.0,0.0,,,0.0,1625.0,,,,,,
speculoos_cookie,Speculoos Cookie,5,0.8010464310646057,443.6,67.58200000000001,,2.3200000000000003,43.517999999999994,,16.294,3.4,7.0120000000000005,,,,4.406000000000001,,9.0,,0.0,0.25,0.09066666666666667,1.023,,1.0,74.0,,,,,0.0,53.2,1.516,,,141.33333333333334,183.8,1.705,,,,,
spelt,Spelt,5,0.818800151348114,275.0,55.260000000000005,,8.379999999999999,5.535000000000001,,2.15,0.0,0.1015,,,0.065,11.889999999999999,0.0,0.525,0.0,4.7,0.0934,0.12940000000000002,6.711799999999999,0.9335,0.211,29.0,0.0,,0.0,3.6,,13.8,3.592,106.6,290.4,328.4,55.6,2.694,0.34,,2.2148,,6.233333333333333
spice_mix,Spice Mix,5,0.9140862822532654,286.0,39.3,,2.94,19.116,,13.424000000000001,0.0,3.436,,,,5.234,,,0.0,1.1,0.0,0.316,2.791,,,,,,,,,108.6,1.9560000000000002,148.0,,264.0,6202.6,,1.111,,2.0,,
spinach,Spinach,5,0.8964027762413025,23.183556405353727,3.63,,2.2,0.42000000000000004,,0.39,0.0,0.063,0.0,0.0,,2.86,469.0,2.03,0.0,28.1,0.078,0.189,0.724,0.065,0.195,194.0,0.0,19.3,,482.9,,99.0,2.71,79.0,49.0,558.0,79.0,0.53,0.13,,0.897,,1.0
spirulina,Spirulina,4,0.8641993999481201,265.21988527724665,20.13,,1.9,1.625,,3.9574999999999996,0.0,1.3587500000000001,0.0,0.0,,45.3675,20.333333333333332,3.4966666666666666,0.0,7.033333333333334,1.6606666666666665,2.5606666666666666,8.945333333333332,2.4283333333333332,0.254,65.66666666666667,0.0,46.166666666666664,,17.833333333333332,,101.0,27.0675,136.33333333333334,82.33333333333333,1137.5,813.75,1.4000000000000001,4.265666666666666,,1.3286666666666667,,5.033333333333334
sponge_cake,Sponge Cake,5,0.9410422444343567,308.1434034416826,60.946000000000005,,0.625,36.81999999999999,,4.787999999999999,103.4,1.5692,0.008400000000000001,0.0008,,5.394,42.8,0.33499999999999996,0.17500000000000002,0.02,0.2138,0.2552,1.7098,0.432,0.043,43.6,0.25599999999999995,37.275000000000006,0.6,2.5749999999999997,,55.2,2.22,10.0,139.2,101.8,513.4,0.544,0.078,,0.22299999999999998,,9.860000000000001
sprat,Sprat,1,0.711654782295227,146.0,6.67,,2.1,1.71,,11.33,23.0,5.103,0.0,0.002,,5.41,82.0,0.91,0.1,5.0,0.043,0.129,0.589,,0.108,20.0,0.17,14.5,,5.9,,142.0,1.05,19.0,114.0,227.0,538.0,0.86,0.095,,,,5.9
spring_roll,Spring Roll,5,0.9999997019767761,324.2,30.169999999999998,,0.8400000000000001,3.942,,6.88,25.6,1.5299999999999998,,,,13.274000000000001,,,,1.7399999999999998,1.0,0.668,5.714,,,,,,,,0.0,72.0,1.7,,,140.33333333333334,492.4,,,,,,
spring_roll_wrapper,Spring Roll Wrapper,5,0.8949062824249268,257.8,30.796,,1.2399999999999998,4.258,,6.130000000000001,14.0,1.192,,,,8.858,,,0.0,2.175,1.0,0.668,5.714,,,,,,,,0.0,58.4,1.442,,,140.66666666666666,466.0,,,,,,
sprinkles,Sprinkles,5,1.0,1369.6,86.93199999999999,53.33,0.0,71.966,,110.554,200.0,45.095,0.0,0.0,,30.0,0.0,0.01,0.0,0.0,0.0,0.016,0.0,,0.0,0.0,0.0,0.0,,0.1,,200.2,3.6119999999999997,0.0,0.0,0.4,2800.4,0.01,0.006,,,,0.5
squash,Squash,5,0.8545753359794617,16.0,3.35,,1.1,2.2,,0.18,0.0,0.044,0.0,0.0,,1.21,10.0,0.12,0.0,17.0,0.048,0.142,0.487,0.155,0.21800000000000003,29.0,0.0,6.7,,3.0,,15.0,0.35,17.0,38.0,262.0,2.0,0.29,0.051000000000000004,,0.175,,0.2
squash_blossom,Squash Blossom,5,0.7723143100738525,16.0,3.35,,1.1,2.2,,0.18,0.0,0.044,0.0,0.0,,1.21,10.0,0.12,0.0,17.0,0.048,0.142,0.487,0.155,0.21800000000000003,29.0,0.0,6.7,,3.0,,15.0,0.35,17.0,38.0,262.0,2.0,0.29,0.051000000000000004,,0.175,,0.2
squid,Squid,5,0.8726593255996704,101.00688336520076,4.303999999999999,,0.0,0.0,,2.472,152.8,0.23120000000000002,0.342,0.146,,14.685999999999998,10.0,1.2,0.0,4.7,0.02,0.412,2.175,0.5,0.056,5.0,1.3,65.0,,0.0,,24.0,0.40800000000000003,33.0,221.0,206.6,236.2,1.53,1.891,,0.035,,44.8
squid_ink,Squid Ink,5,0.8637175559997559,160.4,11.936,,0.6,0.86,,7.773999999999999,104.6,1.008,,,,10.784,,,0.6,,,,,,,,,,,,,39.4,1.034,,,171.8,318.0,,,,,,
squirrel,Squirrel,1,0.9999998211860657,172.0,0.0,,0.0,0.0,,4.65,120.0,0.536,0.102,0.006,,30.53,0.0,0.4,0.0,0.0,0.06,0.288,4.603,,0.367,9.0,6.46,121.9,,1.4,,3.0,6.76,28.0,209.0,349.0,425.0,1.77,0.147,,,,15.0
sriracha,Sriracha,5,0.9139240980148315,336.4,18.564,,2.86,12.542,,26.906,13.4,2.714,,,,5.4,,,0.0,12.0,,,,,,,,,,,,69.0,1.48,143.0,,224.25,1233.0,,0.357,,,29.0,
ssamjang,Ssamjang,1,0.6797885298728943,38.0,9.17,,2.5,5.83,,0.0,0.0,0.0,,,,0.83,,,,3.0,,,,,,,,,,,,33.0,0.6,,,300.0,342.0,,,,,,
star_anise,Star Anise,5,0.7813587188720703,304.0948374760994,47.422000000000004,0.0,6.56,8.356666666666667,,11.010000000000002,0.0,2.3764000000000003,0.0,0.0,,11.014000000000001,16.0,,0.0,14.0,0.42000000000000004,0.3115,4.971500000000001,0.797,0.65,10.0,0.0,,,,,264.6,16.246000000000002,170.0,440.0,779.5,38.6,5.3,0.91,,2.3,,5.0
starch,Starch,5,0.8702356815338135,351.0,80.392,,1.1600000000000001,1.9100000000000001,,0.9259999999999999,0.0,0.1434,0.0,0.004,,2.238,0.0,0.19,0.0,0.05,0.10275,0.063,3.1585,0.0,0.037,28.333333333333332,0.0,18.7,,4.9,0.0,28.2,0.908,15.666666666666666,51.666666666666664,41.0,93.6,0.3866666666666667,0.08266666666666667,,0.0,,28.8
starfruit,Starfruit,5,0.8104985952377319,30.592734225621417,6.730000000000001,,2.8,3.9799999999999995,,0.33,0.0,0.019,0.0,0.0,,1.04,3.0,0.15,0.0,34.4,0.014000000000000002,0.016,0.367,0.391,0.017,12.0,0.0,7.6,,0.0,,3.0,0.08,10.0,12.0,133.0,2.0,0.12,0.137,,0.037,,0.6
steak_sauce,Steak Sauce,5,1.000000238418579,83.0,12.648,,0.16,9.348,,1.1199999999999999,3.2,0.4,,,,0.96,,,,14.3,,,,,,,,,,,,85.4,3.0519999999999996,,,194.25,1024.0,,,,,,
steamed_bun,Steamed Bun,5,0.8270608186721802,268.4,47.692,,2.96,6.562,,4.142,0.0,0.7470000000000001,0.0,0.0006666666666666666,,9.488000000000001,11.0,0.32,0.0,0.26,0.2944,0.28440000000000004,4.3768,,0.13,121.2,0.06333333333333334,13.866666666666667,,3.233333333333333,0.0,201.0,2.8339999999999996,48.666666666666664,161.0,144.4,458.8,1.91,0.18066666666666667,,,,23.366666666666664
stevia,Stevia,5,1.000000238418579,0.0,20.0,,0.0,0.0,,0.0,0.0,0.0,,,,0.0,,,0.0,0.0,,,,,,,,,,,,0.0,0.0,,,0.0,0.0,,,,,,
stilton_cheese,Stilton Cheese,5,0.772043764591217,382.0,28.965999999999998,,0.3,25.113999999999997,,23.73,95.66666666666667,13.808000000000002,,,,11.584,,,0.0,0.0,,,,,,,,,,,246.0,535.6666666666666,0.0,,536.0,53.333333333333336,414.2,,,,,,
stinky_mandarin_fish,Stinky Mandarin Fish,5,0.7324607372283936,106.2090997456979,5.692365,8.488,0.6256,3.3175,,4.339499999999999,39.5,1.7972499999999998,0.02,0.005,0.0015,10.875874999999999,22.5,1.5350000000000001,,20.16,0.038,0.054,1.1166666666666667,0.0535,0.03966666666666666,15.5,0.2833333333333333,,,0.9,0.0,12.792,0.6679999999999999,15.863333333333335,70.67750000000001,142.05,78.2,0.20623,0.06423666666666666,,0.04569666666666667,,77.5
stinky_tofu,Stinky Tofu,5,0.808671236038208,255.70554493307836,7.960000000000001,,2.04,1.6760000000000002,,21.147999999999996,0.0,2.3874,0.0,0.0,,10.608,1.6,1.0379999999999998,0.0,0.5,0.1,0.04,0.124,0.132,0.0516,15.2,0.0,62.67999999999999,,25.18,,193.6,2.268,52.8,142.0,94.2,322.6,1.0180000000000002,0.2102,,0.9470000000000001,,14.639999999999997
stir_fry_sauce,Stir Fry Sauce,5,0.9999998211860657,230.6,28.306,,0.0,21.508,,11.738,6.8,1.7239999999999998,,,,0.624,,,,2.2333333333333334,,,,,,,,,,,50.0,138.6,0.4,,,196.75,2357.4,,,100.0,,,
stout,Stout,5,0.7802181243896484,142.2,27.179999999999996,,4.26,3.972,,1.366,0.0,0.23579999999999995,0.0,0.0013333333333333333,,4.677999999999999,0.3333333333333333,0.25333333333333335,0.0,0.04,0.3539999999999999,0.18399999999999997,3.528333333333333,0.282,0.15433333333333332,36.666666666666664,0.006666666666666667,13.75,,2.3666666666666667,,32.4,1.4460000000000002,59.666666666666664,135.0,223.75,95.4,1.2733333333333332,0.21733333333333335,,1.943,,22.3
stracchino_cheese,Stracchino Cheese,5,0.7724925875663757,336.6,40.471999999999994,,1.2,24.595999999999997,,14.080000000000002,50.333333333333336,8.202000000000002,,,,8.533999999999999,,,0.0,0.0,,,,,,,,,,,13.0,323.3333333333333,1.18,,,97.33333333333333,460.6,,,,,,
straw_mushroom,Straw Mushroom,5,0.8288733959197998,70.7151051625239,10.947999999999999,,1.7,1.3133333333333335,,2.058,0.4,0.40359999999999996,,,,2.91,0.0,,0.0,0.0,0.008666666666666666,0.07,0.224,0.412,0.014,45.0,0.0,,,,,18.6,1.17,7.0,61.0,89.5,432.8,0.67,0.133,,0.098,,15.2
strawberry,Strawberry,5,0.909677267074585,314.0,68.068,,3.6399999999999997,46.44200000000001,,3.29,0.0,0.33399999999999996,,,,5.058,,,3.0,34.575,1.5,0.664,15.625,0.0,1.562,,2.345,,,,145.0,206.2,9.088,69.66666666666667,174.33333333333334,209.75,200.4,4.896666666666667,0.129,,,,0.0
strega_liqueur,Strega Liqueur,5,0.819100558757782,322.0,44.008,,1.48,21.374,,4.136,1.6,0.3234,0.0,0.0003333333333333333,,4.838,8.0,0.023333333333333334,0.025,0.0,0.2028,0.1462,1.8305999999999998,,0.0013333333333333333,38.75,0.0,0.6666666666666666,,0.06666666666666667,,19.4,1.374,1.0,5.333333333333333,28.5,244.4,0.03333333333333333,0.02366666666666667,,,,0.3333333333333333
sturgeon,Sturgeon,1,0.690498948097229,74.0,0.0,,,,,0.45,54.0,0.093,0.089,0.042,0.002,16.3,,0.45,0.5,,0.02,0.057,3.36,0.403,0.281,,1.83,,,,,11.0,0.17,21.1,227.0,286.0,213.0,0.32,0.021,,0.011,,25.9
sucuk,Sucuk,1,0.6998549103736877,,0.0,,0.0,0.0,,6.25,58.0,2.68,,,,22.32,,,,0.0,,,,,,,,,,,,15.0,1.88,,,283.0,46.0,,,,,,
suet,Suet,1,0.7170507311820984,19.0,4.64,,,4.64,,0.0,,0.0,,,,,,,,6.3,,,2.11,1.055,0.211,,0.63,,,,,4.0,,7.0,,51.0,,0.32,,,,,7.0
sugar,Sugar,5,0.8271692991256714,388.2,99.73599999999999,99.8,0.0,97.81,,0.064,0.0,0.0,0.0,0.0,,0.0,0.0,0.0,0.0,0.0,0.0,0.019,0.0,0.0,0.0,0.0,0.0,0.0,,0.0,,1.0,0.057999999999999996,0.06,0.0,2.0,1.8,0.01,0.007000000000000001,,0.004,,0.6
sugar_snap_pea,Sugar Snap Pea,5,0.9662003517150879,44.8,7.781999999999999,,2.34,4.236,,0.08,0.0,0.0,,,,2.472,,,0.0,21.66,,,,,,38.0,,,,,43.0,39.6,1.1800000000000002,,,194.75,2.4,,,,,,
sugarcane,Sugarcane,5,0.8658219575881958,218.82409177820267,60.834,,0.0,59.36,,0.0,0.0,0.0,0.0,0.0,,0.057999999999999996,0.0,0.0,0.0,0.0,0.0665,0.031,0.052500000000000005,,0.001,0.0,0.0,3.5,,0.0,,6.5,0.925,6.5,5.5,45.0,20.8,0.105,0.0205,,,,0.75
sukiyaki_sauce,Sukiyaki Sauce,5,0.889670729637146,135.8,26.327999999999996,,0.0,23.419999999999998,,1.23,0.0,0.0,,,,4.208,,,0.0,0.0,,,,,,,,,,,0.0,29.5,0.745,,,216.66666666666666,1885.0,,,,,,
sulguni_cheese,Sulguni Cheese,5,0.7717944979667664,280.4,13.289999999999997,,1.16,1.8039999999999998,,18.125999999999998,67.0,12.416,,,,15.245999999999999,,,0.0,0.0,,,,,,,,,,,,357.2,0.34,,357.0,183.5,1237.6,,,,,,
sumac,Sumac,1,0.6612138152122498,357.0,73.21,,10.7,3.57,,2.68,0.0,0.0,,,,12.5,,,,0.0,1.0,0.243,5.357,,,107.0,,,,,,36.0,3.21,,,,9.0,,,,,,
summer_sausage,Summer Sausage,5,1.0000001192092896,308.4,1.7719999999999998,,0.0,1.41,,25.538,75.8,10.462,,,,17.368,,,0.0,0.0,,,,,,,,,,,0.0,8.8,1.6299999999999997,,,281.6,1156.2,,,,,,
sun_dried_tomato,Sun Dried Tomato,5,0.9688165783882141,317.0,26.644,,11.059999999999999,17.456,,17.18,0.0,0.984,,,,8.924000000000001,,,0.0,13.16,,,,,,,,,,,120.0,0.0,1.558,,,1733.3333333333333,2780.4,,,,,,
sunfish,Sunfish,5,0.7936967015266418,331.1640535372849,6.064,,2.84,0.91,,30.24,26.8,2.5274,0.047999999999999994,0.024666666666666667,,12.249999999999998,10.0,41.05,0.0,3.5,0.0665,0.163,2.82925,0.604,0.3235,90.25,1.3333333333333333,55.1,,32.6,,71.0,5.74,70.75,410.0,394.4,35.8,2.3325,0.76375,23.0,0.7999999999999999,,32.875
sunflower_oil,Sunflower Oil,5,1.000000238418579,751.6,9.376,,5.0,2.5,,77.5,0.0,6.4719999999999995,,,,10.0,,47.333333333333336,0.0,0.0,,,6.875,6.25,1.25,188.0,,,,,,12.4,1.8,312.0,437.5,259.0,115.6,4.69,2.656,,2.0,,
sunflower_seed,Sunflower Seed,5,0.9546714425086975,627.8,18.913999999999998,,6.92,6.114,,59.596000000000004,0.0,8.5524,0.0,0.0,,14.097999999999999,0.0,31.505,0.0,19.3,0.7356666666666666,1.0813333333333333,13.61975,12.9465,1.6906666666666668,363.75,3.126666666666667,53.85,,43.43333333333334,0.0,53.4,3.136,153.25,899.25,580.6,189.2,4.359999999999999,1.486,,1.0,,77.5
superior_stock,Superior Stock,4,0.7273914217948914,6.5,0.5175,,0.0,0.31,,0.0,1.0,0.0,,,,0.9199999999999999,,,0.0,0.0,,,,,,,,,,,15.0,2.0,0.01,,,33.0,185.25,,,,,,
sushi_vinegar,Sushi Vinegar,5,0.8594871163368225,95.4,23.857999999999997,,0.0,14.806000000000001,,0.0,0.0,0.0,,,,0.0,,,,2.6666666666666665,,,,,,,,,,,0.0,0.0,0.0,,,73.0,252.6,,,,,,
sushki,Sushki,2,0.7214869856834412,100.5,18.125,,1.55,1.7799999999999998,,1.405,2.0,0.2465,0.005,0.001,,3.245,4.0,0.14,0.0,2.15,0.023,0.034,0.385,,0.052,5.0,0.1,4.6,,1.5,26.0,17.5,0.49,13.0,60.0,48.0,292.5,0.38,0.05,,,,8.0
sweet_and_sour_sauce,Sweet And Sour Sauce,5,0.9999998807907104,174.8,36.04,,0.12,31.360000000000003,,2.5620000000000003,5.8,0.615,0.0,0.0,,1.8579999999999999,4.0,1.64,0.03333333333333333,6.575,0.087,0.081,2.702,,0.24,16.0,0.49,36.5,,8.9,25.0,5.0,1.3739999999999999,15.0,82.0,87.75,660.8,1.6,0.068,,,,10.0
sweet_bean_sauce,Sweet Bean Sauce,5,0.8690168857574463,230.6,40.14,28.57,1.55,33.58200000000001,,8.431999999999999,2.25,1.77,,,,1.3800000000000001,,,0.0,2.3666666666666667,,,,,,,,,,,,17.75,0.5525,,,0.0,934.2,,,,,,
sweet_chili_sauce,Sweet Chili Sauce,5,1.0000001192092896,186.0,48.720000000000006,,0.52,43.69,,0.0,0.0,0.0,,,,0.0,,,,3.02,,,,,,,,,,,,0.0,0.184,,,,1438.6,,,,,,
sweet_potato,Sweet Potato,5,0.9756130576133728,207.2,35.772000000000006,,1.7399999999999998,15.598000000000003,,5.394,15.2,2.1189999999999998,0.0,0.0,,4.048,319.6666666666667,0.6466666666666666,0.125,7.520000000000001,0.20266666666666666,0.16966666666666666,1.6233333333333333,,0.10666666666666667,34.333333333333336,0.07666666666666666,25.366666666666664,,2.4333333333333336,108.0,46.2,1.326,21.333333333333332,82.33333333333333,269.0,241.6,0.5166666666666667,0.131,,,,8.766666666666666
sweet_potato_leaf,Sweet Potato Leaf,5,0.8880793452262878,148.6,32.018,,3.4,25.83,,2.946,0.6,0.48719999999999997,0.0,0.001,,1.484,384.5,0.84,0.0,9.120000000000001,0.07525000000000001,0.13225,0.59875,0.225,0.137,14.666666666666666,0.0,14.533333333333331,,77.67500000000001,,35.0,0.642,30.5,48.0,392.75,102.0,0.2833333333333333,0.14466666666666667,,,,0.42500000000000004
sweet_potato_starch,Sweet Potato Starch,5,0.8651317358016968,129.6,26.118000000000002,,1.98,6.496,,1.56,1.4,0.4295999999999999,0.0,0.0,,2.9560000000000004,410.0,0.88,0.05,7.540000000000001,0.1405,0.12399999999999999,1.448,0.512,0.1735,24.5,0.0125,11.35,,2.375,,26.0,1.4140000000000001,23.25,59.0,264.5,162.4,0.365,0.21875,,0.988,,4.95
sweet_preserved_mustard_green,Sweet Preserved Mustard Green,5,0.8228347897529602,33.0,4.726,,3.34,1.276,,0.922,0.4,0.1494,0.0,0.0,,2.918,154.66666666666666,2.1733333333333333,0.0,67.14,0.07833333333333332,0.10966666666666668,0.797,0.21,0.18533333333333335,11.0,0.0,0.6,,261.76666666666665,74194.0,116.6,1.6659999999999997,32.333333333333336,59.0,388.8,45.4,0.25333333333333335,0.16733333333333333,,,,0.9
sweet_roll,Sweet Roll,5,0.8728314638137817,364.77705544933076,49.077999999999996,,1.9600000000000002,28.826666666666664,,16.096,63.0,4.397,0.0048000000000000004,0.0014,0.037,7.002,47.0,1.3933333333333333,0.0,0.78,0.2696,0.2238,1.8932000000000002,0.4756666666666667,0.0868,59.6,0.20800000000000002,28.46666666666667,2.2,3.966666666666667,,84.0,1.416,19.2,93.8,127.6,303.6,0.6719999999999999,0.098,,0.2723333333333333,,12.08
sweet_soy_sauce,Sweet Soy Sauce,5,0.915238082408905,178.8,24.418,,1.24,9.026,,6.428,0.0,0.714,,,,8.538,,,0.0,16.2,,,,,,,,,,,,27.6,1.7759999999999998,,,610.25,3652.8,,,,,,
sweet_vermouth,Sweet Vermouth,5,0.7822719812393188,76.4,17.162,,1.34,15.482,,0.458,1.6,0.26799999999999996,,,,0.55,,1.0,0.0,1.1,,,,,,,,,,,5.0,21.8,0.0,,,32.0,522.2,,,,,,
sweetbread,Sweetbread,5,0.9529615640640259,255.2,34.772000000000006,,1.5,6.773999999999999,,8.616,87.4,2.4688000000000003,0.0,0.00025,,10.174,51.0,0.8899999999999999,0.45,10.825000000000001,0.4008,0.26420000000000005,3.582,,0.067,58.6,0.83,70.975,,3.925,,54.2,2.224,20.75,232.5,202.0,407.4,1.0125,0.07725,,,,13.8
swiss_chard,Swiss Chard,5,0.7750197052955627,393.0,1.44,,0.0,0.0,,31.0,93.0,18.2,0.0,0.009,,27.0,292.0,0.6,0.0,0.0,0.011,0.303,0.06,,0.07,9.0,3.02,13.8,,1.4,,890.0,0.13,33.0,574.0,71.0,185.0,4.37,0.047,,,,30.1
swiss_cheese,Swiss Cheese,5,0.9216071963310242,393.0,1.44,,0.0,0.0,,31.0,93.0,18.2,0.0,0.009,,27.0,292.0,0.6,0.0,0.0,0.011,0.303,0.06,,0.07,9.0,3.02,13.8,,1.4,,890.0,0.13,33.0,574.0,71.0,185.0,4.37,0.047,,,,30.1
swiss_roll,Swiss Roll,5,0.807175874710083,270.5281070745698,50.004000000000005,,3.6799999999999997,0.754,,3.192,0.0,0.5828,0.0,0.0,,9.642,0.0,0.46499999999999997,0.0,0.0,0.5612,0.3,3.6346000000000003,0.5355000000000001,0.055600000000000004,98.4,0.0,14.700000000000001,,1.65,0.0,77.4,2.832,37.0,127.5,145.8,520.6,0.952,0.21099999999999997,,1.234,,27.849999999999998
sword_bean,Sword Bean,5,0.7684202194213867,194.6,23.116000000000003,,4.220000000000001,2.254,,5.726,18.8,1.8798,0.3395,0.057,,12.988,27.5,2.295,7.35,42.84,0.189,0.0885,4.944999999999999,,0.333,66.0,0.92,55.7,,6.2,10.5,40.0,2.3019999999999996,42.666666666666664,172.66666666666666,400.2,281.2,1.195,0.1205,,,,34.0
swordfish,Swordfish,5,0.9032894968986511,172.6,1.558,,0.06,0.028000000000000004,,8.196,73.0,1.9988,0.7038,0.11680000000000001,0.027,21.622,42.4,2.334,15.12,0.0,0.0982,0.0668,8.568,0.3835,0.5732000000000002,5.2,1.6520000000000004,71.6,,0.8799999999999997,,7.4,0.528,32.4,280.2,457.8,140.8,0.7340000000000002,0.045799999999999993,,0.011999999999999999,,62.8
syrup,Syrup,5,0.8970740437507629,257.0,64.20599999999999,,1.3199999999999998,39.354000000000006,,0.02,0.0,0.005999999999999999,0.0,0.0,,0.0,0.0,0.0,0.0,100.0,0.005,0.017,0.003,,0.0,0.0,0.0,0.0,,0.0,,1.6666666666666667,0.023333333333333334,2.0,10.0,3.0,53.8,0.23,0.045,,,,0.4
ta_cai,Ta Cai,1,0.6898508071899414,149.0,16.48,,0.1,12.82,,0.07,0.0,0.004,0.0,0.0,,0.18,0.0,0.01,0.0,5.1,0.031,0.014,0.105,,0.051,9.0,0.0,1.7,,0.2,,7.0,0.18,7.0,6.0,70.0,4.0,0.08,0.045,,,,0.1
tabasco_pepper,Tabasco Pepper,5,0.811646580696106,114.78011472275334,19.177999999999997,,0.3,14.909999999999997,,1.018,35.666666666666664,0.053,0.0,0.0,,9.088,82.0,0.01,0.0,8.25,0.032,0.084,0.178,0.11,0.154,1.0,0.0,0.0,,0.2,0.0,6.0,2.1875,12.0,23.0,128.0,894.6,0.16,0.075,,0.107,,0.5
taco_sauce,Taco Sauce,5,1.000000238418579,38.6,7.156000000000001,,0.9400000000000001,3.5740000000000003,,0.476,0.0,0.0,,,,2.942,,,0.0,14.74,,,,,,,,,,,95.75,6.4,0.354,,,78.0,687.2,,,,,,
taco_seasoning,Taco Seasoning,5,0.9999999403953552,299.8,54.722,,10.02,13.612,,5.082,0.0,0.0,,,,3.3340000000000005,,,0.0,29.339999999999996,,,,,,,,,,,1000.0,158.2,10.1,,,580.0,6805.6,,,,,,
taco_shell,Taco Shell,5,0.8727463483810425,475.8604206500956,63.489999999999995,,6.7,1.5,,21.79,0.0,7.105000000000001,0.0,0.0,0.27,6.409999999999999,1.0,0.69,0.0,0.0,0.21600000000000003,0.08,1.8670000000000002,,0.203,69.0,0.0,29.9,,8.6,,100.0,1.64,83.0,233.0,231.0,324.0,1.61,0.11300000000000002,,0.56,,4.8
tahini,Tahini,5,1.0000007152557373,468.0,14.286000000000001,,7.880000000000001,0.704,,38.57000000000001,0.0,6.358,,,,17.142000000000003,,,,1.72,,,,,,,,,,,64.0,161.4,4.256,300.0,,468.0,138.6,5.62,,,,,
tajin,Tajin,2,0.7827929854393005,303.5,34.82,,4.15,3.57,,16.07,9.0,3.87,,,,9.52,,,0.0,0.0,,,,,,,,,,,,111.0,0.835,,,146.0,271.0,,,,,,
taleggio_cheese,Taleggio Cheese,5,0.7984176874160767,267.6,15.313999999999998,,1.02,0.2,,15.992,54.0,9.564,,,,16.945999999999998,,,0.0,0.0,,,,,,,,,,,,446.4,0.518,,,77.8,603.6,,,,,,
tallow,Tallow,3,0.7495969533920288,902.0,0.0,,0.0,0.0,,100.0,109.0,49.79999999999999,0.0,0.0,,0.0,0.0,2.7,0.7999999999999999,0.0,0.0,0.0,0.0,0.0,0.0,0.0,0.0,79.8,,0.0,,0.0,0.0,0.0,0.0,0.0,0.0,0.0,0.0,,,,0.2
tamale,Tamale,5,0.9056735634803772,191.0,19.762,,2.38,3.4560000000000004,,9.745999999999999,16.0,2.7577999999999996,0.0016,0.0016,,6.348,9.6,0.5780000000000001,0.24,13.12,0.06739999999999999,0.0616,1.3028,,0.128,34.6,0.096,7.5,,5.38,,69.8,0.976,25.8,108.0,136.2,431.4,1.058,0.0524,,,,8.4
tamari,Tamari,5,0.8549460172653198,241.40229445506694,37.198,11.25,4.960000000000001,22.816,,9.574000000000002,0.0,0.7748000000000002,0.0,0.0,,5.57,2.0,6.400000000000001,0.0,4.12,0.428,0.152,1.938,0.143,0.066,14.0,0.0,8.6,,2.8,0.0,90.4,2.134,92.0,113.0,501.5,43.2,0.1,0.086,,,,1.3
tamarillo,Tamarillo,5,0.7810068130493164,185.80229445506694,49.174,11.25,2.7,35.708,,0.24,0.0,0.10880000000000001,0.0,0.0,,1.286,1.6666666666666667,0.08333333333333333,0.0,1.95,0.267,0.09725,1.6086666666666665,0.11866666666666666,0.05466666666666667,11.666666666666666,0.0,7.133333333333333,,2.3333333333333335,,33.6,1.308,76.33333333333333,94.0,346.6,350.2,0.09333333333333334,0.07333333333333332,,0.007,,1.2
tamarind,Tamarind,5,1.0,185.80229445506694,49.174,11.25,2.7,35.708,,0.24,0.0,0.10880000000000001,0.0,0.0,,1.286,1.6666666666666667,0.08333333333333333,0.0,1.95,0.267,0.09725,1.6086666666666665,0.11866666666666666,0.05466666666666667,11.666666666666666,0.0,7.133333333333333,,2.3333333333333335,,33.6,1.3079999999999998,76.33333333333333,94.0,346.6,350.2,0.09333333333333334,0.07333333333333332,,0.007,,1.2
tandoori_masala,Tandoori Masala,2,0.9999998211860657,271.0,24.305,,12.5,6.25,,11.805,0.0,0.0,,,,6.25,,,,7.5,,,,,,,,,,,,125.0,8.5,,,167.0,4347.0,,,,,,
tangelo,Tangelo,5,0.7881000638008118,151.2,35.09,,0.36,27.296000000000003,,0.446,0.0,0.0078,0.0,0.0,,0.358,34.0,0.2,0.0,72.8,0.058,0.036,0.376,,0.078,16.0,0.0,10.2,,0.0,,16.8,0.03,12.0,20.0,97.4,13.6,0.07,0.042,,,,0.1
tangerine,Tangerine,5,0.9019446969032288,39.40841300191205,9.464,,0.44000000000000006,8.654,,0.142,0.0,0.0174,0.0,0.0,,0.45,20.0,0.15333333333333335,0.0,25.575,0.05933333333333333,0.025333333333333333,25.144,0.125,2.5404999999999998,8.666666666666666,7.5,7.533333333333332,,0.0,,17.4,0.11000000000000001,9.333333333333334,16.0,174.0,252.4,0.043333333333333335,0.030666666666666665,,0.037,,0.10000000000000002
tapenade,Tapenade,5,1.0000003576278687,349.2,8.496,,2.7600000000000002,4.6659999999999995,,33.696000000000005,0.0,3.44,,,,3.066,,,0.0,6.0,,,,,,,,,,,,34.8,1.6199999999999999,,,38.2,856.0,,,,,,
tapioca,Tapioca,5,0.8720035552978516,228.2,48.821999999999996,,3.5200000000000005,5.093999999999999,,3.4219999999999997,0.8,0.611,0.0,0.0,,1.5,0.0,0.0,0.0,0.0,0.502,0.1215,2.143,0.135,0.008,4.0,0.0,1.2,,0.0,0.0,28.4,1.136,1.0,7.0,58.5,135.8,0.12,0.02,,0.11,,0.8
tapioca_pearl,Tapioca Pearl,5,0.8936991095542908,277.0,62.87399999999999,,3.3,2.268,,2.77,0.8,0.177,0.0,0.0,,1.282,0.0,0.0,0.0,0.0,0.502,0.1215,2.143,0.135,0.008,4.0,0.0,1.2,,0.0,0.0,24.0,1.0699999999999998,1.0,7.0,48.0,110.8,0.12,0.02,,0.11,,0.8
tarako,Tarako,4,0.7435018420219421,404.0,66.25,,3.6750000000000003,1.4575,,13.185,0.0,2.5875,,,,10.655,,,0.0,0.0,,,,,,,,,,,0.0,38.5,1.46,,,174.0,705.75,,,,,,
tarhana,Tarhana,1,0.6823267340660095,643.0,17.86,,14.3,0.0,,53.57,0.0,8.93,,,,25.0,,,,0.0,,,,,,,,,,,,143.0,2.57,,,,7.0,,,,,,
taro,Taro,5,0.8842195868492126,238.4187380497132,35.212,,5.18,2.8120000000000003,,10.296,0.0,2.6406,0.0,0.0,,3.2120000000000006,100.0,5.819999999999999,0.0,23.7,0.1722,0.199,0.9311999999999999,0.3614,0.29019999999999996,62.8,0.0,26.3,,50.839999999999996,,75.4,1.49,58.2,93.2,679.4,140.2,0.362,0.2544,,0.3625999999999999,,1.22
taro_stem,Taro Stem,5,0.7431302666664124,238.4187380497132,35.212,,5.18,2.8120000000000003,,10.296,0.0,2.6406,0.0,0.0,,3.2120000000000006,100.0,5.819999999999999,0.0,23.7,0.1722,0.199,0.9311999999999999,0.3614,0.29019999999999996,62.8,0.0,26.3,,50.839999999999996,,75.4,1.49,58.2,93.2,679.4,140.2,0.362,0.2544,,0.3625999999999999,,1.22
tarragon,Tarragon,1,0.6698846817016602,141.0,27.55,,4.3,0.42,,2.95,2.0,0.759,0.0,0.0,,1.57,16.0,2.89,0.0,4.0,0.089,0.025,0.593,,0.283,20.0,0.0,18.3,,3.3,,45.0,0.58,34.0,88.0,616.0,142.0,0.24,0.179,,,,0.7
tartar_sauce,Tartar Sauce,5,1.000000238418579,359.4,13.38,,0.0,10.002,,32.668,33.6,4.0920000000000005,,,,0.666,,,0.0,1.0,,,,,,,,,,,,7.2,0.0,,,14.2,771.4,,,,,,
tasso,Tasso,1,0.6726019382476807,281.0,29.25,,2.0,2.29,,13.56,129.0,3.685,0.0,0.0,,9.9,55.0,1.25,0.8,0.0,0.333,0.3,3.016,,0.076,71.0,0.3,90.6,,9.1,,101.0,2.71,18.0,192.0,137.0,555.0,0.84,0.067,,,,24.4
tatsoi,Tatsoi,1,0.6601765155792236,43.977055449330784,6.91,,,,,0.97,0.0,0.197,,,,2.79,102.0,,0.0,96.0,0.062,0.244,0.995,0.124,0.116,9.0,0.0,,,,,129.0,1.3,47.0,45.0,606.0,50.0,0.09,0.071,,0.157,,0.7
tauco,Tauco,1,0.6876188516616821,556.0,61.11,,0.0,38.89,,30.56,0.0,16.67,,,,5.56,,,,0.0,,,,,,,,,,,0.0,0.0,0.0,,,,222.0,,,,,,
tea,Tea,5,0.8577725291252136,11.8,2.196,,0.02,0.704,,0.27999999999999997,0.8,0.1696,0.0,0.0,,0.126,2.4,0.006,0.0,0.02,0.0021999999999999997,0.019200000000000002,0.0222,,0.0028,1.2,0.004,0.5999999999999999,,0.04,,3.8,0.036,1.4,2.8,15.6,4.0,0.022,0.0058,,,,0.1
tea_tree_mushroom,Tea Tree Mushroom,5,0.7945842742919922,19.1990884,3.4038600000000003,0.0,1.5478,0.6775,,0.08988,0.0,0.0,,,,1.7280000000000002,,,0.074,0.95,0.007875,0.2075,6.4,,0.1054,29.0,,,,,0.0,2.6864999999999997,0.52376,10.49,85.9,164.18,164.97826,0.4978,0.07302,,0.156,,0.38
teff,Teff,3,0.8032017946243286,275.9910771191842,55.663333333333334,,6.266666666666667,4.92,,1.6766666666666665,0.0,0.2245,,,0.135,10.39,0.0,0.08,,0.0,0.2865,0.15150000000000002,2.136,0.942,0.3263333333333333,18.0,0.0,13.1,0.0,1.9,,143.0,5.626666666666666,144.66666666666666,274.5,267.0,10.0,2.37,0.518,,6.05,,4.4
tempeh,Tempeh,3,0.9999993443489075,176.4225621414914,10.473333333333334,,8.3,0.0,,7.366666666666667,0.0,1.9266666666666665,,,,19.33666666666667,,,0.0,0.0,0.054,0.357,2.135,0.453,0.199,21.0,0.14,,,,,79.33333333333333,2.1366666666666667,77.0,253.0,355.6666666666667,12.666666666666666,1.57,0.54,,1.285,,0.0
tempura_flour,Tempura Flour,5,0.8202254176139832,298.2,48.062,,2.4200000000000004,3.16,,7.954000000000001,7.6,1.9142,0.002,0.0,,7.715999999999999,30.0,1.515,0.05,4.0,0.67325,0.3015,4.6925,,0.08199999999999999,170.5,0.03,21.05,,16.75,,99.4,2.2960000000000003,18.5,134.0,156.75,414.0,0.465,0.1,,,,14.55
tenkasu,Tenkasu,1,0.6995741724967957,275.0,65.0,,12.5,50.0,,0.0,0.0,0.0,,,,2.5,,,,0.0,,,,,,,,,,,0.0,150.0,2.7,,,,0.0,,,,,,
tequila,Tequila,3,0.9999998211860657,1118.6666666666667,181.25,,0.0,147.91666666666666,,0.0,0.0,0.0,0.0,0.0,,0.0,0.0,0.0,0.0,5.0,0.006,0.004,0.013,,0.001,0.0,0.0,0.0,,0.0,,0.0,0.02,0.0,4.0,1.0,500.3333333333333,0.04,0.021,,,,0.0
teriyaki_sauce,Teriyaki Sauce,5,1.000000238418579,157.0,30.964,,0.0,30.358000000000004,,0.606,0.0,0.0,,,,2.9579999999999997,,,0.0,0.0,,,,,,,,,,,,39.5,0.9225,,,300.25,1753.4,,,,,,
termite_mushroom,Termite Mushroom,5,0.7620513439178467,22.22753346080306,3.2599999999999993,,1.0,1.98,,0.34,0.0,0.05,0.0,0.0,,3.09,0.0,0.01,0.2,2.1,0.081,0.402,3.607,1.497,0.10400000000000001,17.0,0.04,17.3,0.0,0.0,,3.0,0.5,9.0,86.0,318.0,5.0,0.52,0.318,,0.047,,9.3
textured_soy_protein,Textured Soy Protein,5,0.8302295804023743,346.4577437858508,25.82,,13.4,10.3,,4.726000000000001,0.0,0.6548,0.0,0.0,,58.172000000000004,1.6,0.268,0.0,0.0,0.7496,0.2332,2.5124000000000004,1.4300000000000002,0.6696,272.8,0.0,119.38000000000002,,3.2,,246.0,9.876000000000001,237.8,694.8,1805.8,212.6,3.4299999999999997,2.5858,,2.7658,,24.4
thai_basil,Thai Basil,5,0.8753745555877686,63.47992351816445,4.52,,1.8199999999999998,1.0399999999999998,,2.6460000000000004,0.0,0.29879999999999995,0.0,0.0,,7.053999999999999,264.0,0.8,0.0,18.0,0.034,0.076,0.902,0.209,0.155,68.0,0.0,11.4,,414.8,,157.6,2.856,64.0,56.0,332.0,107.2,0.81,0.385,,1.148,,0.3
thai_tea,Thai Tea,5,0.9999998211860657,103.6,14.11,,2.62,6.536,,4.2299999999999995,0.4,2.026,,,,2.5439999999999996,,,0.0,0.0,,,,,,,,,,,0.0,28.4,1.074,,,86.66666666666667,181.0,,0.357,,1.0,35714.0,
thousand_island_dressing,Thousand Island Dressing,5,1.0000003576278687,249.6,23.223999999999997,,0.9,16.076,,17.65,13.2,2.8108,0.0,0.0,,0.27599999999999997,8.5,0.875,0.0,1.1,0.1425,0.046,8.232666666666667,,0.3333333333333333,4.0,0.0,10.3,,15.65,0.0,7.6,0.23600000000000004,30.333333333333332,182.66666666666666,98.0,896.6,1.5933333333333335,0.089,,,,20.0
thyme,Thyme,5,0.8676091432571411,241.23250478011474,56.041999999999994,,32.4,1.71,,6.279999999999999,0.0,2.2774,0.0,0.0,,8.4,199.6,7.48,0.0,72.02000000000001,0.42000000000000004,0.41340000000000005,4.316800000000001,0.409,0.5096,228.2,0.0,43.6,,1714.5,,1593.0,102.37,208.0,182.0,773.0,45.8,5.306,0.7989999999999999,,6.6373999999999995,,4.6
tiger_milk_mushroom,Tiger Milk Mushroom,5,0.7737227082252502,174.0,27.558000000000003,,2.78,9.55,,3.6799999999999997,1.6,0.6506000000000001,0.0,0.0,,9.584000000000001,1.0,2.48,0.0,5.25,1.47,0.3095,4.3725000000000005,,1.0165,55.0,4.2,42.3,,4.6,40.5,103.4,3.746,336.0,560.0,428.0,245.2,1.44,0.311,,,,5.9
tikka_masala,Tikka Masala,5,0.863669216632843,223.4,16.240000000000002,,1.7399999999999998,2.3920000000000003,,12.456,37.6,3.7659999999999996,,,,10.212,,,0.0,8.1,0.0,,2.857,,0.714,,,,,,26.0,18.0,0.808,,,533.0,379.8,,,,,,
tilapia,Tilapia,5,1.000000238418579,110.90057361376674,0.538,,0.0,0.002,,2.6479999999999997,50.8,0.8196,0.0965,0.006,0.033,20.092,10.0,0.79,2.3333333333333335,0.0,0.041999999999999996,0.069,4.375,0.487,0.186,25.5,1.675,47.85,,3.45,,11.0,0.6319999999999999,30.5,191.0,332.4,97.8,0.37,0.08399999999999999,,0.037,,46.849999999999994
tkemali_sauce,Tkemali Sauce,5,0.7927711606025696,284.0,40.742,,1.8,15.0,,12.88,3.2,0.714,,,,4.286,,,0.0,21.45,1.0,0.357,8.929,,,357.0,,,,,,18.4,0.9719999999999999,,,305.0,1539.6,,,,,,
toffee,Toffee,5,1.0000001192092896,471.6,48.976000000000006,,3.3600000000000003,42.44,,28.726,24.6,11.834,,,,6.63,,,,2.5799999999999996,,,,,,,,,,,240.0,73.4,1.904,,,234.66666666666666,206.0,,,,,,
tofu,Tofu,5,0.8818801641464233,245.3694072657744,9.618,,3.8,2.2266666666666666,,16.1,0.0,2.3280000000000003,0.0,0.0,,20.506,6.0,0.12999999999999998,0.0,0.68,0.21020000000000003,0.1076,0.4016,0.20675,0.119,36.2,0.0,87.0,,6.366666666666667,,254.4,4.502000000000001,54.2,233.6,86.8,589.2,2.15,0.4852,,1.96325,,28.32
tofu_pudding,Tofu Pudding,5,0.8212377429008484,255.70554493307841,7.959999999999999,,2.04,1.6760000000000002,,21.148000000000003,0.0,2.3873999999999995,0.0,0.0,,10.608,1.6,1.0379999999999998,0.0,0.5,0.1,0.04,0.12399999999999997,0.132,0.0516,15.2,0.0,62.67999999999999,,25.18,,193.6,2.268,52.8,142.0,94.2,322.6,1.018,0.21020000000000003,,0.9470000000000001,,14.64
tofu_skin,Tofu Skin,5,0.8028181195259094,260.8413001912046,5.292,,0.6000000000000001,0.735,,22.744,16.4,3.7165999999999997,0.01,0.005,,8.902000000000001,16.6,1.3775,0.04,0.54,0.0706,0.0654,1.2668,0.12666666666666668,0.05,10.6,0.04,36.525,,28.175,,56.8,1.016,42.2,66.6,77.8,968.2,0.7779999999999999,0.13879999999999998,,0.6573333333333333,,10.66
tom_yum_paste,Tom Yum Paste,5,0.8130795359611511,172.0,31.875999999999998,,4.180000000000001,18.392000000000003,,1.348,6.4,0.604,,,,2.51,,,0.0,0.0,0.0,,,,,,,,,,,25.0,1.064,,,339.0,919.2,,,,,,
tomatillo,Tomatillo,5,0.852077066898346,32.5151051625239,6.31,,2.0599999999999996,3.218,,0.40800000000000003,0.0,0.055600000000000004,0.0,0.0,,1.066,6.0,0.38,0.0,5.4399999999999995,0.029333333333333333,0.023333333333333334,1.2333333333333334,0.15,0.056,7.0,0.0,7.6,,10.1,0.0,2.8,1.214,20.0,39.0,216.75,171.4,0.22,0.079,,0.153,,0.5
tomato,Tomato,5,0.9380573034286499,107.2385901875,11.741868749999998,,3.05412,10.273333333333333,,4.3229999999999995,0.0,0.017,0.0,0.0,,3.12890625,26.96666666666667,0.6733333333333333,0.0,15.689999999999998,0.0546875,0.030000000000000002,0.5835250000000001,,0.067735,9.2485,0.0,7.733333333333334,0.0,6.400000000000001,,8.7926,0.21261999999999998,9.497250000000001,22.7725,218.2,1093.0,0.1231125,0.060994999999999994,,0.09745000000000001,,0.13333333333333333
tonguefish,Tonguefish,5,0.8256831765174866,215.12045889101336,3.902,,0.16,0.068,,12.884,89.2,3.411,0.2552,0.1516,0.033,19.814,219.6,2.006,7.9,0.9,0.10759999999999999,0.16019999999999998,4.5626,0.487,0.1758,20.4,3.2700000000000005,82.34,,3.88,,61.6,1.4920000000000002,25.2,209.4,250.0,303.8,1.53,0.095,,0.037,,24.740000000000002
tonic_water,Tonic Water,5,0.8904696702957153,32.2,8.89,,0.0,8.722,,0.0,0.0,0.0,,,,0.0,,0.0,0.0,0.0,0.0,0.0,0.0,0.0,0.0,0.0,0.0,,,0.0,0.0,0.0,0.0,0.0,0.0,0.0,0.0,0.0,0.0,0.0,0.0,0.0,0.0
tonka_bean,Tonka Bean,5,0.7771199345588684,132.8,25.913999999999998,,10.42,2.554,,2.566,2.4,1.3880000000000001,,,,7.49,,,0.0,53.325,0.0,0.052,0.308,,,25.0,,,,,9.333333333333334,58.2,1.8060000000000003,42.333333333333336,80.66666666666667,457.75,243.0,0.92,,,,,
tonkatsu_sauce,Tonkatsu Sauce,5,0.7609443664550781,340.6,27.792,,2.25,21.908,,21.451999999999998,19.5,3.26,,,,8.758,,,0.0,0.0,,,5.357,,0.357,,2.68,,,,0.0,115.5,1.41,,,160.5,816.8,,,,,,62.0
toor_dal,Toor Dal,2,0.818396806716919,225.0,35.085,,5.1,0.855,,4.1,5.0,2.044,0.0,0.0,,14.95,33.0,0.22,0.0,0.7,0.161,0.07,1.01,,0.17,172.0,0.0,32.0,,2.0,0.0,59.5,3.295,34.0,172.0,352.0,170.5,1.21,0.239,,,,2.7
topmouth_culter,Topmouth Culter,1,0.6736960411071777,608.9866156787763,50.07,,2.9,47.06,,44.1,2.0,20.59,0.0,0.0,,2.94,6.0,9.85,0.0,0.0,0.016,0.058,0.105,0.077,0.013,6.0,0.08,9.4,,1.8,,0.0,0.0,15.0,54.0,73.0,29.0,0.45,0.133,,0.148,,1.0
tortellini,Tortellini,5,0.9999998211860657,243.6,41.956,,2.6399999999999997,1.348,,3.8979999999999997,19.2,1.446,,,,9.702,,,0.0,0.0,,0.1,,,,,,,,,0.0,51.8,2.142,,,173.0,356.8,,,,,,
tortilla,Tortilla,5,0.9195595383644104,316.6,50.717999999999996,,5.92,1.866,,9.819999999999999,0.0,2.5006,0.0,0.0,,7.147999999999999,0.0,0.33,0.0,0.0,0.3106,0.18039999999999998,2.934,,0.19680000000000003,55.0,0.0,12.700000000000001,,3.825,0.0,194.0,2.354,56.6,253.8,169.4,346.8,1.15,0.16325,,0.0,,16.919999999999998
trehalose,Trehalose,5,0.715904951095581,396.0,91.58,,0.24,84.366,,4.0,4.8,1.8820000000000001,0.0,0.0,,0.706,0.0,0.0,0.0,0.0,0.0,0.019,0.0,0.0,0.0,0.0,0.0,0.0,,0.0,,5.6,0.386,0.0,0.0,2.0,95.8,0.01,0.007,,0.004,,0.6
triple_sec,Triple Sec,5,0.7915531396865845,276.4,41.398,,2.1399999999999997,27.704,,10.334,14.2,5.1659999999999995,,,,7.104000000000001,,,0.0,3.1666666666666665,,,,,,,,,,,7.0,35.8,1.6960000000000002,,,95.75,172.8,,,,,,
trout,Trout,5,0.8346652984619141,141.0,0.0,,0.0,0.0,,6.236,60.0,1.2294,0.4404,0.2152,0.059,19.85,42.2,1.142,12.86,1.6800000000000002,0.211,0.179,4.3548,1.5928,0.254,12.6,5.142,65.0,,0.1,,35.4,0.9720000000000001,24.6,271.4,361.8,51.0,0.74,0.10500000000000001,,0.35319999999999996,,17.0
truffle_oil,Truffle Oil,5,0.890940248966217,591.2,0.716,,0.0,0.0,,65.19,118.0,19.616000000000003,,,,4.284000000000001,,,0.0,0.0,,,,,,,,,,,,14.4,2.8840000000000003,,,92.2,149.8,,,,,,
tsao_ko,Tsao Ko,1,0.6562455892562866,129.0,17.65,,1.6,5.88,,4.31,0.0,0.59,,,,3.92,,,,23.5,0.0,,,,0.078,16.0,,,,,141.0,59.0,1.06,,,,271.0,,,,,,
tteokbokki_sauce,Tteokbokki Sauce,5,0.7957590818405151,129.0,11.648,,1.04,8.456,,8.209999999999999,0.0,0.884,,,,3.7079999999999997,,,,10.833333333333334,,,,,,,,,,,182.0,42.0,0.9866666666666667,,,279.5,944.2,,,,,,
tulum_cheese,Tulum Cheese,5,0.7588476538658142,348.74302103250477,5.508,,0.02,1.5200000000000002,,25.677999999999997,111.4,15.239,0.0,0.0024000000000000002,,23.810000000000002,196.0,0.33599999999999997,0.56,0.0,0.0386,0.3378,0.135,0.34,0.0616,16.0,1.25,29.220000000000006,,1.8599999999999999,,684.6,0.368,28.4,506.6,126.2,949.6,3.586,0.0334,,0.011,,20.580000000000002
tuna,Tuna,5,0.8717244863510132,128.38049713193118,1.916,,0.0,0.0025,,3.354,35.2,0.7128,0.1292,0.0182,,21.75,23.0,0.47000000000000003,1.575,0.44000000000000006,0.06680000000000001,0.097,13.591400000000002,0.26,0.5452,4.0,2.15,51.175,,1.1,,12.6,1.214,28.8,215.2,303.8,231.2,0.542,0.0644,,0.04,,75.97999999999999
turbot,Turbot,2,0.7257887721061707,94.88527724665391,0.0,,0.0,,,2.95,48.0,0.75,,,,16.05,11.0,,,1.7,0.066,0.08,2.2,0.57,0.21,8.0,2.2,,,,,18.0,0.36,51.0,129.0,238.0,150.0,0.22,0.037,,0.017,,36.5
turkey,Turkey,5,0.8521246910095215,157.2,0.0,,0.0,0.0,,7.26,73.8,1.9676000000000002,0.0068000000000000005,0.005599999999999999,0.103,22.674,17.0,0.08399999999999999,0.4,0.0,0.0536,0.177,8.4862,0.993,0.6096,7.4,1.098,60.14000000000001,,0.0,,16.6,0.9179999999999999,25.8,217.4,241.6,239.6,2.038,0.0824,,0.008,,24.68
turkey_sausage,Turkey Sausage,5,0.9441696405410767,189.4,1.522,,0.0,1.01,,10.658,90.2,3.1171999999999995,0.008,0.002,,20.752,0.0,0.28,0.5,0.0,0.055,0.348,5.906,,0.394,7.0,1.41,70.1,,0.5,0.0,27.8,1.674,22.0,209.0,359.6666666666667,688.2,3.04,0.082,,,,14.7
turkey_stock,Turkey Stock,5,0.8485630750656128,23.4,0.692,,0.0,0.33399999999999996,,0.358,7.2,0.0,,,,4.648,,,0.0,0.0,,,,,,,,,,,38.0,0.0,0.158,,,198.2,281.2,,,,,,
turkish_delight,Turkish Delight,4,1.0000001192092896,192.25,17.4875,,2.05,15.405000000000001,,10.0225,18.0,2.04,0.003,0.006,,5.405,3.0,0.07,0.2,0.25,0.04,0.211,6.706,,0.456,7.0,0.66,63.1,,0.2,0.0,42.75,5.06,21.0,161.0,83.0,952.25,1.77,0.069,,,,21.5
turmeric,Turmeric,5,0.8951245546340942,246.96099426386235,51.16799999999999,,21.36,2.1100000000000003,,3.442,0.0,0.7352000000000001,0.0,0.0,0.003,3.872,0.0,2.953333333333333,0.0,6.359999999999999,0.058,0.15,1.35,0.542,0.107,20.0,0.0,49.2,,13.4,0.0,107.2,36.007999999999996,208.0,299.0,937.0,36.0,4.5,1.3,,19.8,,6.2
turmeric_leaf,Turmeric Leaf,5,0.8600168228149414,331.6,66.14200000000001,,12.28,0.714,,5.142,0.0,0.0,,,,6.0,,0.0,0.0,13.95,,,4.0,,,,,,,,,130.0,55.988,240.0,,525.0,25.2,,,,,,
turnip,Turnip,5,0.8409302234649658,27.963671128107073,6.43,,1.8,3.8,,0.1,0.0,0.011,0.0,0.0,,0.9,0.0,0.03,0.0,21.0,0.04,0.03,0.4,0.2,0.09,15.0,0.0,11.1,,0.1,,30.0,0.3,11.0,27.0,191.0,67.0,0.27,0.085,,0.134,,0.7
turnip_green,Turnip Green,5,0.8583206534385681,32.78164435946463,4.67,,2.94,0.602,,1.31,0.8,0.3344,0.0,0.0,,1.672,433.8,2.2720000000000002,0.0,30.080000000000002,0.0442,0.0748,0.44420000000000004,0.297,0.1508,111.2,0.0,0.45,,353.38,,145.2,1.214,23.8,30.6,210.6,99.8,0.22000000000000003,0.215,,0.36450000000000005,,0.9800000000000001
turtle,Turtle,5,1.0,299.9820267686424,31.78,,1.18,21.176,,13.772,42.8,6.3192,0.037000000000000005,0.026000000000000002,,11.66,32.5,1.05,0.2,0.0,0.1235,0.16349999999999998,1.199,,0.127,14.5,1.03,72.85,,2.6999999999999997,,72.2,1.934,22.5,202.0,211.8,209.0,1.12,0.28,,,,18.85
tzatziki,Tzatziki,3,1.0000001192092896,137.0,3.57,,0.0,3.57,,10.713333333333333,24.0,6.546666666666667,,,,3.57,,,0.0,2.15,,,,,,,,,,,,95.0,0.0,,,77.66666666666667,239.33333333333334,,,,,,
udon_noodle,Udon Noodle,5,0.9103646278381348,186.0,39.584,,1.5000000000000002,1.234,,0.152,0.0,0.0,,,,5.612,,,0.0,0.16666666666666666,,,,,,,,,,,0.0,15.2,0.52,,,57.333333333333336,358.8,,,,,,
umami_sauce,Umami Sauce,5,0.8631914854049683,112.8,27.860000000000003,,0.5599999999999999,25.092000000000002,,0.0,0.0,0.0,,,,2.666,120.0,,,5.359999999999999,,,,,,,,,,,60.0,12.0,0.0,,,1000.0,4159.2,,,,,,
ume,Ume,1,0.6647774577140808,364.0,67.27,,5.5,0.0,,2.73,0.0,0.0,,,,18.18,,,,0.0,0.0,,5.455,,,,,,,,,36.0,4.91,109.0,,,218.0,4.09,,,,,
umeboshi,Umeboshi,1,0.6863495707511902,0.0,0.0,,0.0,0.0,,0.0,0.0,0.0,,,,0.0,120.0,,,20.0,,,,,,,,,,,120.0,60.0,0.0,,,,13000.0,,,,,,
umeboshi_vinegar,Umeboshi Vinegar,5,0.7875872850418091,62.2,14.532,,0.0,5.786,,0.0,0.0,0.0,,,,0.666,120.0,,0.0,6.666666666666667,,,,,,,,,,,120.0,20.0,2.4,,,0.0,2781.4,,,,,,
unagi_kabayaki,Unagi Kabayaki,1,0.6020007729530334,143.0,3.57,,0.0,1.79,,4.46,62.0,1.79,,,,21.43,,,,42.9,,,,,,,,,,,0.0,36.0,1.93,,,,1000.0,,,,,,
unagi_sauce,Unagi Sauce,5,0.786173403263092,73.6,19.422,,1.0,11.315999999999999,,0.874,1.0,0.22,,,,0.9780000000000001,,,0.0,7.5,,,,,,,,,,,0.0,15.5,0.325,,,250.66666666666666,2367.2,,,,,,
urad_dal,Urad Dal,2,0.8151562213897705,225.0,35.085,,5.1,0.855,,4.1,5.0,2.044,0.0,0.0,,14.95,33.0,0.22,0.0,0.7,0.161,0.07,1.01,,0.17,172.0,0.0,32.0,,2.0,0.0,59.5,3.295,34.0,172.0,352.0,170.5,1.21,0.239,,,,2.7
utskho_suneli,Utskho Suneli,1,0.6516716480255127,333.0,66.67,,16.7,16.67,,0.0,0.0,0.0,,,,16.67,,,,20.0,,,,,,,,,,,,333.0,12.0,,,667.0,2667.0,,,,,,
vadouvan,Vadouvan,1,0.6695464253425598,266.0,33.25,,5.8,1.31,,9.73,0.0,1.309,0.0,0.0,,12.75,5.0,2.2,0.0,9.5,0.451,0.114,1.431,,0.305,247.0,0.0,50.1,,13.3,,24.0,3.57,27.0,147.0,373.0,315.0,1.7,0.4,,,,0.1
vanilla,Vanilla,5,0.8911406993865967,756.4,100.922,,7.74,55.79,,30.378000000000004,26.6,5.894,,,,20.971999999999998,,7.0,7.5,76.35,2.0,1.3714,5.944,10.719999999999999,2.1704999999999997,258.0,6.43,,,69.06666666666666,301.5,681.8,7.371999999999998,178.66666666666666,658.0,960.6,361.6,5.63,0.8940000000000001,79.0,1.6666666666666667,,31.333333333333332
veal,Veal,5,0.8246244192123413,261.93804971319315,0.48,,0.0,0.0,,20.512,62.0,7.7548,0.0,0.0012000000000000001,,18.083999999999996,0.0,0.40599999999999997,2.16,0.0,0.09380000000000002,0.272,5.448,0.6300000000000001,0.4,3.0,2.344,88.22,,1.7,,17.0,1.268,29.2,191.0,189.2,108.8,2.262,0.08499999999999999,,0.0082,,12.6
vegemite,Vegemite,5,0.7198932766914368,220.6,20.512,,2.04,3.076,,8.860000000000001,29.4,3.0647999999999995,0.0,0.002,,14.223999999999998,0.0,0.49,1.3,0.0,0.0678,0.23759999999999998,4.5428,0.67,0.446,3.0,2.28,96.5,,1.3999999999999997,,48.4,1.9300000000000002,31.0,197.0,198.0,236.2,2.51,0.08800000000000001,,0.008,,13.1
vegeta_seasoning,Vegeta Seasoning,5,0.8278119564056396,85.8,14.286000000000001,,2.8600000000000003,2.8579999999999997,,1.428,0.0,0.0,,,,2.8579999999999997,,,0.0,0.0,,,,,,,,,,,0.0,0.0,1.028,,,0.0,11863.6,,,,,,
vegetable_extract,Vegetable Extract,5,0.8002450466156006,205.6,12.258000000000001,,0.8,10.188,,1.3619999999999999,0.8,0.2842,0.0,0.0,,0.836,18.75,0.28,0.125,1.6199999999999999,0.0194,0.1068,0.5808,0.035,0.072,12.5,0.065,16.7,,21.35,,22.8,0.21399999999999997,15.4,21.6,194.4,16.0,0.21800000000000003,0.0852,,0.17250000000000001,,0.25
vegetable_juice,Vegetable Juice,5,0.9053298830986023,51.19541108986616,11.663999999999998,,0.65,9.504,,0.156,0.0,0.0525,0.0,0.0,0.012,0.9640000000000001,186.33333333333334,0.9199999999999999,0.0,50.02,0.031200000000000006,0.04066666666666666,0.6575,0.249,0.0815,20.666666666666668,0.0,8.066666666666668,,11.533333333333333,,21.6,0.23500000000000001,11.0,25.75,309.0,96.4,0.12666666666666668,0.053,,0.08,,0.2333333333333333
vegetable_oil,Vegetable Oil,5,1.0,868.6562141491395,0.0,,0.0,0.0,,100.0,0.0,54.43119999999999,0.0,0.0,,0.0,0.0,45.084,0.0,0.0,0.0,0.0,0.0,0.0,0.0,0.0,0.0,0.2,,43.65,,0.0,0.032,0.0,0.0,0.0,0.0,0.0,0.0,,0.0,,0.0
vegetable_puree,Vegetable Puree,5,0.9074620008468628,48.6,7.572000000000001,4.76,2.2199999999999998,4.728,,1.464,1.6,0.488,,,,1.098,,,0.0,5.540000000000001,,,,,,9.5,,,,,739.5,25.6,0.622,18.0,,254.0,84.8,,,,,,
vegetable_stock,Vegetable Stock,5,0.9794245362281799,6.0,1.1620000000000001,,0.0,0.914,,0.0,0.0,0.0,,,,0.08399999999999999,,,0.0,0.1,,,,,,,,,,,25.333333333333332,1.6,0.0,,,19.6,163.4,,,,,,
vegetarian_oyster_sauce,Vegetarian Oyster Sauce,5,0.8925577998161316,200.8,17.464,,0.6599999999999999,14.907999999999998,,12.975999999999999,10.8,1.8699999999999999,,,,0.33399999999999996,,,0.0,0.4,,,,,,,,,,,0.0,6.6,0.6599999999999999,,,75.0,2468.4,,,,,,
velveeta_cheese,Velveeta Cheese,5,0.8004229068756104,412.2,19.422,,1.1666666666666667,1.1533333333333333,,35.65599999999999,86.8,21.77,,,,2.9779999999999998,,,0.0,0.0,0.0,,,,,57.0,,,,,0.0,35.0,0.75,,,58.0,397.6666666666667,,,,,,
venison,Venison,5,0.915387749671936,205.6,2.944,,0.0,2.95,,8.858,91.0,4.0634,0.0,0.0,,26.764,0.0,0.5800000000000001,0.06,0.0,0.441,0.38119999999999993,7.6638,0.69,0.5256000000000001,6.2,1.9120000000000001,103.46,,1.34,,11.2,3.582,25.0,236.0,364.8,768.6,4.52,0.175,,0.014,,11.959999999999999
verjuice,Verjuice,5,0.7591456770896912,69.6,17.464,,0.13333333333333333,15.922,,0.0,0.0,0.0,,,,0.45,,,0.0,39.62,0.0,0.18,2.119,1.0590000000000002,0.212,42.0,0.64,,,8.5,0.0,12.0,0.10333333333333333,26.0,127.0,211.25,4.2,1.59,0.212,16.0,0.5,,9.0
vermicelli,Vermicelli,4,1.0000003576278687,298.38623326959845,66.685,,3.25,7.9175,,0.9825,0.0,0.00475,0.0,0.0,,6.16,1.5,0.355,0.0,0.0,0.5,0.203,3.259,,0.0,142.75,0.0,120.6,,2.5999999999999996,,19.25,1.745,1.5,13.0,101.25,1.75,2.93,1.29,,,,18.65
vermouth,Vermouth,1,0.8367490768432617,133.0,6.67,,0.0,0.0,,10.0,0.0,0.0,,,,0.0,,,0.0,,,,,,,,,,,,,0.0,0.0,,,0.0,1933.0,,,,,,
viburnum,Viburnum,1,0.6597838997840881,250.0,47.5,,6.5,0.53,,3.1,0.0,0.437,0.0,0.0,,8.7,0.0,0.42,0.0,0.0,0.327,0.305,3.091,0.404,0.126,93.0,0.0,14.6,,0.8,,68.0,2.87,54.0,178.0,208.0,596.0,1.48,0.287,,1.305,,24.5
vienna_sausage,Vienna Sausage,5,1.0000001192092896,219.4,1.8559999999999999,,0.0,1.002,,18.882,89.2,5.925,0.0,0.0,,11.102,0.0,0.22,0.6,0.0,0.087,0.107,1.613,,0.12,4.0,1.02,43.7,,1.6,0.0,84.4,1.3199999999999998,7.0,49.0,80.25,972.4,1.6,0.03,,,,16.9
vietnamese_balm,Vietnamese Balm,5,0.7759131193161011,137.4,29.176,,2.3000000000000003,7.209999999999999,,1.082,0.0,0.47,,,,1.7439999999999998,,,0.0,0.0,,,,,,,,,,,,28.0,0.6766666666666666,,,492.3333333333333,418.2,,,,,,
vietnamese_coriander,Vietnamese Coriander,5,0.7845799922943115,235.30898661567875,43.57,,21.48,5.136666666666666,,9.124,0.0,0.44480000000000003,0.0,0.0,,14.145999999999997,184.6,1.5200000000000002,0.0,240.48000000000002,0.6098000000000001,0.7484,5.3576,0.57,0.4563333333333333,122.0,0.0,69.0,,1009.6666666666666,,795.4,23.866,414.8,365.6,2397.4,107.6,3.868,1.1494,,3.3872,,22.380000000000003
vietnamese_pork_roll,Vietnamese Pork Roll,5,0.8473392128944397,270.6,27.484,,1.5,4.198,,13.612,24.4,3.4361999999999995,0.0,0.0,,9.267999999999999,21.0,1.32,0.2333333333333333,5.85,0.8646666666666666,0.644,2.4866666666666664,,0.16899999999999998,21.333333333333332,0.265,44.8,,21.2,131.0,115.4,1.674,18.0,114.5,252.6,646.8,1.205,0.07300000000000001,,,,18.0
vin_santo,Vin Santo,1,0.6978440284729004,200.0,16.67,,0.0,10.0,,13.33,0.0,1.67,,,,0.0,,,,8.0,,,,,,,,,,,,0.0,0.0,,,,1267.0,,,,,,
vinaigrette,Vinaigrette,5,0.9999997019767761,196.2,10.354000000000001,0.0,0.825,7.706,,17.038,0.0,2.46,,,,0.666,,,0.0,5.875,,,,,,,,,,,0.0,0.0,0.4175,,,0.0,937.4,,,,,,
vinegar,Vinegar,5,0.8919102549552917,20.106309751434033,0.5740000000000001,,0.0,0.25600000000000006,,0.0,0.0,0.0,0.0,0.0,,0.0,0.0,0.0,0.0,0.0,0.0,0.0,0.0,0.0,0.0,0.0,0.0,0.0,,0.0,,6.6,0.13200000000000003,3.4,6.4,44.6,3.8,0.028000000000000004,0.0072,,0.17140000000000002,,0.26
violet,Violet,2,0.712651789188385,220.5,42.135,,4.5,1.8800000000000001,,2.78,0.0,0.0,,,,8.629999999999999,,,0.0,0.0,,,,,,,,,,,0.0,37.5,2.9299999999999997,,,442.5,177.0,,,,,,
vodka,Vodka,5,1.0,106.2,3.364,,0.0,3.2380000000000004,,0.038,0.0,0.0,0.0,0.0,,0.0,0.0,0.0,0.0,0.45999999999999996,0.0028000000000000004,0.002,0.0064,,0.0008,0.2,0.0,0.12000000000000002,,0.0,,1.6,0.02,0.6,3.2,3.4,5.6,0.048,0.0142,,,,0.04
wafer,Wafer,5,0.9065695405006409,507.6,62.3,,2.34,36.36,,25.424,0.0,13.597800000000001,0.0,0.0,,5.513999999999999,0.0,2.5,0.0,0.0,0.037,0.12,2.183,,0.043,77.0,0.0,1.2,,2.1,0.0,7.8,2.878,16.0,72.0,140.4,168.0,0.43,0.066,,,,3.7
waffle,Waffle,5,0.8926778435707092,345.2,41.284000000000006,,2.88,7.632,,16.244,62.0,3.5996,0.0016,0.0026,,8.197999999999999,156.4,2.4479999999999995,0.86,0.15999999999999998,0.303,0.4084,3.2212000000000005,,0.34,51.4,0.666,51.760000000000005,,14.719999999999999,,228.0,3.032,27.8,397.2,203.6,593.4,0.828,0.067,,,,12.04
wakame,Wakame,1,0.785447895526886,44.93307839388145,9.14,,0.5,0.65,,0.64,0.0,0.13,0.0,0.186,,3.03,18.0,1.0,0.0,3.0,0.06,0.23,1.6,0.697,0.002,196.0,0.0,13.9,,5.3,,150.0,2.18,107.0,80.0,50.0,872.0,0.38,0.284,,1.4,,0.7
walleye,Walleye,4,0.7839452028274536,106.0,0.0,,0.0,,,1.3900000000000001,98.0,0.284,0.2565,0.09799999999999999,,21.84,22.5,,,0.0,0.29100000000000004,0.1775,2.5505,0.8075000000000001,0.129,16.0,2.1550000000000002,,,,,125.5,1.4849999999999999,34.0,239.5,444.0,58.0,0.7050000000000001,0.20299999999999999,,0.913,,14.399999999999999
walnut,Walnut,5,0.8566375374794006,654.397705544933,13.710000000000003,,6.7,2.61,,65.21,0.0,6.126,0.0,0.0,,15.23,1.0,0.7,0.0,1.3,0.341,0.15,1.125,0.57,0.537,98.0,0.0,39.2,,2.7,,98.0,2.91,158.0,346.0,441.0,2.0,3.09,1.586,,3.414,,4.9
walnut_oil,Walnut Oil,5,0.9097021818161011,884.0,0.0,,0.0,0.0,,100.0,0.0,8.74,0.0,0.0,,0.0,0.0,15.920000000000002,0.0,0.0,0.0,0.0,0.0,0.0,0.0,0.0,0.0,0.4,,11.8,,0.0,0.0,0.0,0.0,0.0,0.0,0.0,0.0,,,,0.0
wampee,Wampee,1,0.7538677453994751,48.0,0.01,,,11.2,,0.0,,,,,,0.0,,,,,,,,,,,,,,,,,,,,,12.0,,,,,,
wasabi,Wasabi,5,1.000000238418579,293.0,50.792,,3.5,6.8725,,5.164,0.0,1.84775,0.001,0.003,,4.264,1.0,3.91,0.0,8.379999999999999,0.0905,0.092,0.4515,0.203,0.162,14.0,0.0,2.3,,3.5,0.0,48.0,1.0779999999999998,45.0,53.0,355.2,1582.2,1.115,0.105,,0.391,,2.2
water,Water,5,0.8559510111808777,0.0,0.0,,0.0,0.0,,0.0,0.0,0.0,0.0,0.0,,0.0,0.0,0.0,0.0,0.0,0.0,0.0,0.0,0.0,0.0,0.0,0.0,0.0,,0.0,,3.6,0.0,1.2,0.0,0.0,3.8,0.008,0.009600000000000001,,0.0,,0.0
water_bamboo,Water Bamboo,5,0.8075118064880371,26.6,3.9939999999999998,,1.72,2.324,,0.868,0.4,0.2158,0.0,0.0,,2.064,3.2,0.85,0.0,2.2399999999999998,0.0752,0.0434,0.32320000000000004,0.1265,0.18,4.6,0.0,0.04,,0.42000000000000004,,10.0,0.39,3.6,38.6,260.8,7.4,0.8260000000000002,0.1438,,0.20950000000000002,,0.62
water_celery,Water Celery,5,0.8274351954460144,14.83215875,3.3165125000000004,,,,,0.1625,,,,,,0.4921875,,,,,,,,,0.05175,,,,,,,46.28,0.0,10.93,21.6,265.2,97.21,0.0929,0.0,,0.076,0.0,0.0
water_chestnut,Water Chestnut,5,0.9031607508659363,148.116172,31.82605,,4.042199999999999,3.485,,1.3672,0.0,0.2206,0.0,0.0,,2.18335,1.0,0.5,0.0,6.43,0.243,0.175,1.342,,0.497,70.0,0.0,1.5,,7.8,0.0,16.962,0.5562,50.875,120.6,382.8,0.4,0.804,0.544,,2.901,,0.6
water_lily_flower,Water Lily Flower,5,0.7302649021148682,146.6,29.8,,1.6400000000000001,2.254,,0.716,0.0,0.0,,,,5.554,,,0.0,14.299999999999999,1.0,0.3795,4.448,,0.084,196.5,0.25,,,254.1,,31.5,0.994,,,180.33333333333334,8.2,,,,0.0,,
water_mimosa,Water Mimosa,5,0.9160356521606445,30.6,5.93,,0.05,5.566,,0.036,0.0,0.00175,0.0,0.0,,0.086,8.25,0.5,0.05,6.85,0.01,0.00675,0.22849999999999998,,0.0325,6.0,0.0625,1.325,,0.05,,13.5,0.0425,3.5,4.5,32.0,8.4,0.125,0.010499999999999999,,,,0.025
water_shield,Water Shield,2,0.7051668763160706,18.5,4.93,,0.0,4.93,,0.0,0.0,0.0,,,,0.0,,,,0.0,,,100.0,,10.0,,30.0,,,,,0.0,0.0,,,1750.0,1507.0,,,,,,
water_spinach,Water Spinach,5,0.8450365662574768,92.94684512428299,17.866,,3.88,0.8800000000000001,,0.626,0.0,0.09559999999999999,0.0,0.0,,4.958,379.8,1.7719999999999998,0.0,22.48,0.137,0.19039999999999999,1.4891999999999999,0.2948,0.2206,164.8,0.0,18.860000000000003,,416.62,,90.8,2.594,98.0,105.6,521.6,70.4,0.976,0.20380000000000004,,1.2466000000000002,,13.5
watercress,Watercress,5,0.8980606198310852,29.4,4.888,,1.1800000000000002,0.93,,0.6459999999999999,0.4,0.16999999999999998,0.0,0.0,,2.136,130.0,1.046,0.0,32.46,0.07420000000000002,0.1034,0.272,0.31,0.156,8.6,0.0,13.1,,202.56,,98.2,0.434,18.6,54.6,303.6,61.6,0.20800000000000002,0.0934,,0.244,,0.9400000000000001
watermelon,Watermelon,5,0.874977171421051,30.35372848948374,7.55,,0.4,6.2,,0.15,0.0,0.016,0.0,0.0,,0.61,28.0,0.05,0.0,8.1,0.033,0.021,0.178,0.221,0.045,3.0,0.0,4.1,,0.1,,7.0,0.24,10.0,11.0,112.0,1.0,0.1,0.042,,0.038,,0.4
watermelon_radish,Watermelon Radish,5,0.785457193851471,18.21223709369025,3.7600000000000002,,1.72,1.8880000000000003,,0.13999999999999999,0.0,0.044,0.0,0.0,,0.7640000000000001,0.0,0.0,0.0,11.84,0.013599999999999998,0.037200000000000004,0.2652,0.171,0.07680000000000001,21.8,0.0,7.5200000000000005,,1.1400000000000001,,25.6,0.31800000000000006,9.6,22.2,253.0,189.0,0.268,0.0742,,0.0666,,0.62
wax_apple,Wax Apple,5,0.7975965142250061,197.6,30.058,,1.9,16.392000000000003,,8.212,1.6,3.5278,0.0,0.001,,1.4360000000000002,29.0,0.19,0.0,0.975,0.0075,0.08499999999999999,0.893,,0.045,29.0,0.0,4.5,,2.6,,8.8,0.594,6.0,13.0,71.66666666666667,163.2,0.05,0.03,,,,0.1
weipa,Weipa,1,0.6864399909973145,133.0,10.0,,0.0,10.0,,6.67,33.0,5.0,,,,6.67,,,,0.0,,0.34,,,,,,,,,,267.0,0.0,,200.0,317.0,117.0,,,,,,
wheat,Wheat,5,0.8923599123954773,278.91434034416824,45.268,,7.959999999999999,7.640000000000001,,4.352,0.0,0.41180000000000005,0.0,0.0023333333333333335,0.083,13.644,0.0,5.277500000000001,0.0,0.05,0.578,0.22433333333333336,4.825,0.455,0.13566666666666666,154.5,0.0,18.0,,6.8,0.0,243.2,4.008000000000001,108.75,292.75,316.0,364.2,3.665,0.17433333333333334,,0.634,,23.566666666666666
wheat_germ,Wheat Germ,4,1.0,765.25,11.3625,,4.55,4.545,,77.27250000000001,0.0,14.100000000000001,0.0,0.0,,6.8175,0.0,117.05000000000001,0.0,0.0,0.25,0.0,0.0,0.0,0.0,91.0,0.0,20.0,,24.7,0.0,0.0,1.6375,72.75,181.75,235.0,0.0,2.7275,0.0,,,,0.0
wheat_gluten,Wheat Gluten,5,0.8502135276794434,334.491395793499,57.386,,12.22,11.280000000000001,,2.104,0.0,0.2814,0.0,0.003,,21.746000000000002,0.0,0.565,0.0,0.0,0.418,0.7085000000000001,9.9935,1.011,0.7053333333333334,32.0,2.78,21.9,,1.0999999999999999,0.0,60.8,5.634,62.666666666666664,198.66666666666666,370.8,108.6,3.0,0.282,,3.399,,6.55
whelk,Whelk,1,0.7083766460418701,136.95028680688335,7.76,,0.0,0.0,,0.4,65.0,0.031,0.006,0.004,,23.84,26.0,0.13,0.0,4.0,0.026,0.107,1.05,0.208,0.342,6.0,9.07,65.0,,0.1,,57.0,5.03,86.0,141.0,347.0,206.0,1.63,1.03,,0.447,,44.8
whey,Whey,5,0.8747586607933044,282.2596558317399,60.19199999999999,,0.0,60.19199999999999,,0.716,4.0,0.45640000000000003,0.0,0.0,,10.034,10.6,0.008,0.0,0.9800000000000001,0.4636,1.7388000000000001,0.982,4.5774,0.4878,18.2,2.004,183.2,,0.04,,1149.4,0.86,151.6,921.6,1779.8,829.6,3.3379999999999996,0.048799999999999996,,0.0098,,22.18
whipped_topping,Whipped Topping,5,1.0,217.4,22.774,,0.0,11.662,,8.574000000000002,17.4,6.1752,0.0,0.0,,1.2,4.0,0.5,0.0,0.0,0.02,0.09,0.1,,0.02,3.0,0.2,0.0,,3.2,0.0,28.4,0.04,7.0,74.0,49.2,40.0,0.1,0.01,,,,2.4
whiskey,Whiskey,3,1.0000005960464478,116.33333333333333,0.0,,0.0,0.0,,0.0,0.0,0.0,0.0,0.0,,0.0,0.0,0.0,0.0,0.0,0.0033333333333333335,0.002,0.006333333333333333,,0.0003333333333333333,0.0,0.0,0.0,,0.0,,2.0,0.023333333333333334,0.6666666666666666,2.0,1.6666666666666667,6.666666666666667,0.04666666666666667,0.014666666666666668,,,,0.0
white_bean,White Bean,5,0.9999996423721313,165.2,29.416000000000004,,10.02,1.3780000000000001,,3.5460000000000003,2.4,0.9433999999999999,0.0,0.0,,9.464,0.0,1.6949999999999998,0.0,1.075,0.077,0.035500000000000004,0.3925,,0.08399999999999999,103.33333333333333,0.0,26.5,,7.8500000000000005,0.0,71.2,2.8780000000000006,49.5,92.5,711.6,187.8,1.12,0.2275,,,,2.45
white_chocolate,White Chocolate,5,0.919230043888092,501.4,58.620000000000005,,0.5200000000000001,53.866,,28.128000000000004,23.8,16.757600000000004,0.0,0.0,,5.748,9.0,0.96,0.0,0.4,0.0504,0.24939999999999998,0.8768,0.608,0.056,7.0,0.56,29.5,,9.1,,173.2,0.44399999999999995,12.0,176.0,286.0,101.8,0.74,0.06,,0.008,,4.5
white_pepper,White Pepper,5,0.8649284839630127,213.75564053537283,44.508,,12.78,2.8466666666666662,,1.766,7.25,0.448,0.001,0.001,,9.202,3.3333333333333335,0.57,0.0,47.72,0.0275,0.12625,1.485,,0.139,16.666666666666668,0.023333333333333334,34.3,,3.0,,150.5,6.609999999999999,69.66666666666667,149.0,142.0,77.6,1.0266666666666666,0.6466666666666666,,4.3,,4.533333333333334
white_soy_sauce,White Soy Sauce,5,0.9016029834747314,132.6,9.192,,0.06,2.924,,7.772,3.4,1.0695999999999999,0.0,0.0,,7.511999999999999,0.0,0.41,0.0,7.0,0.107,0.013,1.03,,0.064,38.0,0.01,2.7,,2.0,,15.2,1.498,10.0,33.0,261.4,3642.8,0.33,0.05,,,,5.2
white_tea,White Tea,5,0.8795880079269409,408.4,27.428000000000004,,0.45999999999999996,23.740000000000002,,10.084,0.0,6.438,,,,12.574000000000002,,,0.0,7.480000000000001,,,,,,,,,,,,246.6,0.33399999999999996,,,1144.75,51.4,,,,,,
white_truffle,White Truffle,5,0.9323660731315613,622.0,23.334,,1.4,29.1675,,58.90599999999999,29.8,30.444,,,,9.05,,,0.0,0.0,,,,,,,,,,,0.0,125.25,0.258,,,219.25,114.0,,,,,,
white_vinegar,White Vinegar,5,1.0000003576278687,35.6,7.2,0.0,0.0,3.12,,0.0,0.0,0.0,,,,0.666,,,0.0,0.0,,,,,,,,,,,0.0,0.0,1.8,,,0.0,176.0,,,,,,
white_wine,White Wine,5,0.9299054145812988,67.4,4.726000000000001,,0.0,4.47,,0.0,0.0,0.0,0.0,0.0,,0.126,0.0,0.0,0.0,7.5,0.005,0.015,0.108,0.045,0.05000000000000001,1.0,0.0,4.3,,0.4000000000000001,,8.75,0.2025,10.0,18.0,67.75,5.4,0.12,0.004,,0.117,,0.10000000000000002
white_wine_vinegar,White Wine Vinegar,5,0.9619224071502686,15.6,0.534,0.0,0.0,0.5675,,0.0,0.0,0.0,,,,0.666,,,0.0,0.0,,,,,,,,,,,0.0,0.0,1.8,,,0.0,176.0,,,,,,
whitebait,Whitebait,5,0.7571801543235779,234.8,0.0,,0.0,0.0,,9.514,100.0,1.7388,0.289,0.19,,34.861999999999995,51.0,,0.0,0.0,0.01,0.07,4.966666666666667,0.75,0.312,15.0,2.046666666666667,,,,34.0,58.8,1.0879999999999999,30.0,229.33333333333334,660.0,251.8,0.75,0.195,,0.6,,12.6
whitefish,Whitefish,5,0.8415061235427856,170.97246653919694,0.0,,0.0,0.0,,5.404,90.4,1.0235999999999998,0.5688000000000001,0.23000000000000004,,29.484,45.0,0.296,12.399999999999999,0.0,0.0794,0.176,4.3999999999999995,0.8556000000000001,0.3486,11.0,5.383999999999999,105.12,0.5,0.34,,179.6,1.168,39.4,368.8,512.0,468.0,1.592,0.1908,,0.0864,,33.04
whiting,Whiting,5,0.8177351355552673,152.0,4.688000000000001,,0.2,0.08,,6.124,66.6,0.9012,0.1254,0.089,,18.286,27.2,1.184,1.36,0.0,0.1068,0.0718,1.6544,0.216,0.1454,21.4,2.084,64.94,,4.859999999999999,,51.8,0.6819999999999999,22.2,221.6,248.2,225.8,0.9019999999999999,0.0406,,0.104,,31.959999999999997
whole_wheat_flour,Whole Wheat Flour,5,1.0000001192092896,352.491395793499,74.896,,13.16,3.5380000000000003,,1.754,0.0,0.086,,,,11.435999999999998,0.0,19.265,0.0,4.0,0.059399999999999994,0.22039999999999998,7.3346,0.839,1.9055,357.75,1.8733333333333333,31.2,,1.9,0.0,13.8,3.982,119.66666666666667,340.0,395.4,97.6,8.4225,0.4195,,3.6995,,12.7
wild_betel_leaf,Wild Betel Leaf,5,0.7348248958587646,206.6,22.662,,2.66,0.642,,30.796000000000003,23.2,3.572,,,,6.616,,,,3.4200000000000004,,,,,0.35,,,,,,562.0,35.4,1.6940000000000002,170.0,,203.5,150.8,,,,,,
wild_boar,Wild Boar,5,0.9201180934906006,134.15793499043974,2.714,8.57,0.86,1.714,,3.566,58.2,0.7779999999999999,0.0,0.0,,21.8,0.0,0.38000000000000006,0.0,0.425,0.3093333333333333,0.1396666666666667,8.014,,0.583,6.0,1.0975,117.10000000000001,,1.3999999999999997,0.0,19.4,1.07,27.0,133.66666666666666,352.2,178.4,3.0033333333333334,0.056,,3.0,,20.975
wild_garlic,Wild Garlic,5,0.8572776317596436,179.014913957935,24.836000000000002,,2.1,0.9279999999999999,,2.048,27.6,0.2892,0.0,0.0,,15.134,0.5,0.6,0.0,0.0,0.2115,0.15,7.87025,1.074,0.4835,37.333333333333336,0.9433333333333334,75.75,,1.65,,15.0,1.16,71.66666666666667,207.66666666666666,344.5,229.8,3.27,0.21233333333333335,,1.329,,21.566666666666666
wild_ginger,Wild Ginger,5,0.833229660987854,363.4,65.75,,3.46,40.480000000000004,,8.809999999999999,0.0,2.25,,,,5.104000000000001,,,,1.5,0.0,0.327,3.846,,0.385,,,,,,,26.6,1.7600000000000002,267.0,,767.0,100.0,5.0,,,,,
wild_rice,Wild Rice,5,1.0,214.414913957935,44.660000000000004,,3.3400000000000007,1.0739999999999998,,0.356,0.0,0.041,0.0,0.0,,7.981999999999999,0.5,0.53,0.0,0.0,0.0835,0.15625,3.8145,0.614,0.25675,60.5,0.0,22.6,,1.2,,4.8,0.986,73.33333333333333,226.25,206.0,74.8,2.8725,0.234,,0.8055,,1.7999999999999998
wine,Wine,5,0.8135548830032349,113.54913957934991,7.06,,0.0,3.654,,0.0,0.0,0.0,0.0,0.0,,0.12200000000000003,0.0,0.0,0.0,0.0,0.010199999999999997,0.0178,0.16160000000000002,0.0382,0.0308,0.6,0.0,4.720000000000001,,0.16,,8.4,0.278,9.8,14.8,85.0,6.6,0.10200000000000001,0.021,,0.1192,,0.28
wine_lees,Wine Lees,5,0.7467086911201477,85.2,2.978,,0.0,1.314,,0.0,0.0,0.0,0.0,0.0,,0.21400000000000005,0.0,0.0,0.0,0.0,0.0058000000000000005,0.014000000000000002,0.10400000000000001,,0.0316,0.8,0.002,3.0200000000000005,,0.13999999999999999,,8.2,0.292,9.6,15.8,74.6,4.6,0.092,0.008199999999999999,,,,0.42000000000000004
winged_bean,Winged Bean,5,0.8618193864822388,218.79923518164432,27.619999999999997,,14.45,20.37,,8.120000000000001,0.0,1.1754000000000002,0.0,0.0,,11.97,101.25,3.97,0.0,12.719999999999999,0.53,0.28800000000000003,2.2138,0.2765,0.1292,43.2,0.0,12.0,,23.4,,158.6,4.703999999999999,53.2,134.0,424.4,54.4,1.614,0.9785999999999999,,1.4595,,3.28
winter_melon,Winter Melon,5,0.9032464027404785,33.0,6.958,,1.0,3.9675000000000002,,0.672,0.4,0.16780000000000003,0.0,0.0,,0.666,123.2,0.4625,0.0,15.780000000000001,0.06220000000000001,0.038,0.5008000000000001,0.163,0.06000000000000001,15.0,0.0,6.325,,2.5,,14.4,0.49399999999999994,11.6,19.8,187.8,55.0,0.27999999999999997,0.061399999999999996,,0.04,,0.525
wintergreen,Wintergreen,5,0.8747744560241699,248.2,60.705999999999996,,0.6,73.3325,,0.0,0.0,0.0,,,,0.47000000000000003,,,0.0,12.35,,,,,,141.0,,,,555.3,,29.5,0.53,,,0.0,37.0,,,,,,
wisteria_flower,Wisteria Flower,4,0.7323627471923828,140.7538240917782,21.312500000000004,,0.0,0.0,,1.77,0.0,0.0,,,,3.3625,0.0,,0.0,37.3,0.083,0.081,0.43,,,102.0,0.0,,,,,89.0,2.38,12.0,30.0,184.0,10.75,,,,,,0.9
wolfberry_leaf,Wolfberry Leaf,5,0.7155696153640747,201.3602294455067,37.85799999999999,,18.380000000000003,0.0,,3.567999999999999,0.0,1.5199999999999998,0.0,0.0,,4.388,201.5,,0.0,23.950000000000003,0.2556,0.8926000000000001,34.3478,0.221,2.0998,178.5,0.0,,,,,600.4,20.785999999999998,240.8,166.8,1905.0,889.8,2.205,0.27649999999999997,16167.0,3.8440000000000003,,1.5499999999999998
wolffish,Wolffish,2,0.7887030243873596,220.5,15.96,,0.55,0.98,,11.06,68.5,2.436,0.158,0.1535,,14.004999999999999,161.0,2.02,1.3,0.0,0.25,0.188,2.2720000000000002,0.57,0.2245,31.5,1.1649999999999998,66.3,,18.5,,26.0,1.3199999999999998,23.0,165.0,212.0,265.0,0.73,0.045,,0.015,,26.05
wonton,Wonton,5,0.8437395095825195,317.15755258126194,34.876,,0.48,0.266,,18.086000000000002,1.6,1.0798,0.0,0.0,0.004,8.675999999999998,0.6666666666666666,1.14,0.0,0.48,0.10133333333333334,0.06133333333333333,1.3136666666666665,0.14,0.05266666666666667,11.333333333333334,0.06,13.166666666666666,0.0,6.233333333333333,0.0,10.0,1.47,10.0,46.0,76.75,473.8,0.37333333333333335,0.053,,0.034,,12.433333333333335
wood_ear_mushroom,Wood Ear Mushroom,5,0.7812818288803101,175.09117080000001,32.255990000000004,,29.269599999999997,0.0,,3.1993799999999997,29.0,4.854,0.0,0.0,,9.847249999999999,0.6666666666666666,0.13,0.268,0.03333333333333333,0.13005,0.4854599999999999,6.2768,0.481,0.19724,26.0,0.22999999999999998,79.5,,0.0,,67.6865,2.7873799999999997,42.8,152.552,503.28000000000003,87.13252,1.36064,0.11500400000000002,,1.0373124999999999,,26.0166
worcestershire_sauce,Worcestershire Sauce,5,0.9999995231628418,156.8,16.131999999999998,,0.0,7.7620000000000005,,12.142,0.0,1.428,0.0,0.0,,0.0,5.0,0.08,0.0,6.0600000000000005,0.07,0.13,0.7,,0.0,8.0,0.0,2.7,,1.0,,42.8,2.6,13.0,60.0,533.3333333333334,1702.6,0.19,0.2,,,,0.5
wuchang_fish,Wuchang Fish,1,0.6930510401725769,90.0,0.0,,0.0,0.0,,1.31,67.0,0.247,0.131,0.093,,18.31,30.0,0.3,1.4,0.0,0.056,0.046,1.3,0.216,0.156,13.0,2.3,65.0,,0.1,,48.0,0.34,21.0,222.0,249.0,72.0,0.88,0.031,,0.104,,32.1
xanthan_gum,Xanthan Gum,5,0.9999998211860657,136.6,90.33999999999999,,90.36,0.0,,0.0,0.0,0.0,,,,0.0,,,0.0,0.0,,,,,,,,,,,,0.0,0.0,,,325.0,3611.0,,,,,,
xo_sauce,Xo Sauce,5,0.8132129907608032,285.0,32.798,,2.4200000000000004,25.984,,17.534,0.0,2.4602,0.0,0.0,,2.02,2.0,4.5,0.0,2.04,0.005,0.013,0.045,,0.01,1.0,0.0,7.2,,51.9,,17.4,0.8540000000000001,2.0,41.0,437.5,443.8,0.22,0.021,,,,1.8
xylitol,Xylitol,5,1.0000001192092896,248.0,100.0,,0.0,0.0,,0.0,0.0,0.0,,,,0.0,,,0.0,0.0,,,,,,,,,,,,0.0,0.0,,,0.0,0.0,,,,,,
yacon,Yacon,1,0.6776648759841919,118.06883365200764,27.88,,4.1,0.5,,0.17,0.0,0.037,0.0,0.0,,1.53,7.0,0.35,0.0,17.1,0.112,0.032,0.552,0.314,0.293,23.0,0.0,16.5,,2.3,,17.0,0.54,21.0,55.0,816.0,9.0,0.24,0.178,,0.397,,0.7
yak_meat,Yak Meat,5,0.8091869950294495,154.2,6.674000000000001,,0.62,1.42,,9.138,39.0,3.0124,0.0012000000000000001,0.0006000000000000001,,11.698,8.6,0.42399999999999993,0.28,1.86,0.12920000000000004,0.126,2.8140000000000005,,0.19440000000000002,15.0,0.47400000000000003,45.78000000000001,,6.760000000000001,,13.2,1.1300000000000001,14.2,114.6,173.6,544.8,1.6799999999999997,0.0774,,,,14.439999999999998
yakiniku_sauce,Yakiniku Sauce,5,0.8187992572784424,146.8,27.448,,0.0,24.736,,0.606,0.0,0.0,,,,5.061999999999999,,,0.0,0.0,,,,,,,,,,,,29.5,0.8274999999999999,,,193.0,2408.8,,,,,,
yakisoba_sauce,Yakisoba Sauce,5,0.8177346587181091,189.6,28.112000000000002,,0.6799999999999999,10.318000000000001,,4.726,0.0,1.716,,,,6.395999999999999,,,0.0,0.7000000000000001,,,,,,,,,,,31.0,42.25,1.9825,,,239.0,1543.2,,,,,,
yam,Yam,5,0.8962196111679077,93.81376673040153,21.344,,2.34,6.534000000000001,,0.6900000000000001,0.0,0.0922,0.0,0.0,,1.236,7.0,0.25666666666666665,0.0,18.16,0.10533333333333333,0.023333333333333334,0.5046666666666666,0.3933333333333333,0.217,17.0,0.0,16.5,,1.7,,19.4,0.45,15.0,41.0,402.4,36.4,0.26,0.13266666666666665,,0.2936666666666667,,0.6999999999999998
yard_long_bean,Yard Long Bean,5,0.8676000237464905,206.0,38.117999999999995,,12.666666666666666,6.915,,0.9480000000000001,0.0,0.10980000000000001,,,,12.312000000000001,29.666666666666668,,0.0,9.8,0.27525,0.1435,1.62175,0.5553333333333333,0.13966666666666666,260.6666666666667,0.0,,,,,71.8,4.13,142.0,225.66666666666666,717.6,85.0,1.4133333333333333,0.325,,0.6666666666666666,,3.733333333333333
yeast,Yeast,2,1.0,373.0,44.575,,14.5,11.375,,15.155,15.0,5.226999999999999,0.004,0.0,,23.29,2.5,0.715,0.05,0.75,5.651,2.0925,21.405,,0.7685,1224.0,0.09,30.55,,5.95,,65.5,2.275,35.5,377.0,528.5,183.5,4.275,0.262,,,,11.8
yellow_croaker,Yellow Croaker,5,0.7785077095031738,102.8,16.887999999999998,,1.1800000000000002,0.43600000000000005,,1.634,14.4,0.47859999999999997,0.102,0.129,,6.328000000000001,33.0,2.05,0.16,13.649999999999999,0.163,0.143,5.082,,0.18125000000000002,30.0,2.37,75.1,,4.0,,13.6,0.6359999999999999,45.0,236.0,416.2,64.4,0.54,0.062,,,,40.3
yellow_curry_paste,Yellow Curry Paste,5,1.000000238418579,135.2,12.114,,7.12,3.658,,2.8,0.0,0.0,,,,2.134,,,0.0,19.2,,,,,,,,,,,0.0,67.2,2.686,,,209.66666666666666,4804.6,,,,,,
yibin_yacai,Yibin Yacai,1,0.5899684429168701,38.0,8.82,,4.9,1.8,,0.09,0.0,0.021,0.0,0.0,,0.72,1.0,0.46,0.0,20.2,0.02,0.029,0.2,0.135,0.042,12.0,0.0,13.6,,0.3,,12.0,0.6,12.0,18.0,150.0,4.0,0.16,0.048,,0.06,,0.7
yogurt,Yogurt,5,0.897138237953186,154.4336520076482,20.2,,0.6599999999999999,11.919999999999998,,4.074,3.0,1.7920000000000003,0.0005,0.0,,9.33,19.75,0.1375,0.75,9.7,0.2414,0.2366,4.1426,10.0,0.5142,11.5,2.418,24.825,,2.05,,162.4,1.264,23.0,129.6,137.0,113.4,2.184,0.06449999999999999,,,,16.1
youtiao,Youtiao,1,0.6785706281661987,407.0,55.93,,16.9,27.12,,20.34,0.0,5.93,,,,11.86,,,,4.1,1.0,1.008,2.712,1.695,1.017,41.0,1.53,,,,,339.0,6.1,,,593.0,51.0,,,,,,
yu_choy,Yu Choy,2,0.7094471454620361,228.5,30.515,,2.3000000000000003,17.105,,12.965,0.0,5.555,,,,2.7350000000000003,,,0.0,45.1,,,1.852,,,35.0,,,,45.9,224.0,71.5,3.035,,,276.5,144.0,,,,,,
yufka,Yufka,2,0.7282105684280396,,24.71,,2.4,0.0,,3.53,0.0,0.59,,,,7.06,,,,,,,,,,,,,,,,0.0,0.0,,,565.0,306.0,,,,,,
yuzu,Yuzu,3,0.7778133749961853,288.3333333333333,34.51333333333333,,1.0999999999999999,27.043333333333333,,11.51,18.0,3.5700000000000003,,,,7.626666666666666,,,0.0,,,,,,,,,,,,,28.0,0.0,,,76.0,1730.3333333333333,,,,,,
yuzu_kosho,Yuzu Kosho,1,0.692710816860199,333.0,40.0,,3.3,30.0,,16.67,0.0,0.0,,,,3.33,,,0.0,,,,,,,,,,,,,13.0,0.0,,,157.0,2133.0,,,,,,
zaatar,Zaatar,1,0.7473165988922119,250.0,14.29,,3.6,0.0,,21.43,0.0,1.79,,,,7.14,,,0.0,,,,,,,,,,,,,71.0,1.29,,,250.0,446.0,,,,,,
zao_lu,Zao Lu,1,0.6224187016487122,208.0,25.0,,8.3,16.67,,8.33,0.0,0.0,,,,8.33,,,,0.0,,,,,,,,,,,,0.0,3.0,,,,4833.0,,,,,,
zha_cai,Zha Cai,1,0.6237418055534363,415.6309751434034,74.72,,8.3,30.56,,9.72,0.0,2.721,0.0,0.0,,5.55,0.0,0.98,0.0,39.1,0.411,0.1,0.478,0.588,0.073,20.0,0.0,22.5,0.0,8.7,,444.0,2.7,82.0,244.0,333.0,375.0,1.15,0.187,,1.748,,14.8
zhajiang_sauce,Zhajiang Sauce,5,0.7952482104301453,153.4,34.644,,0.0,31.838,,0.0,0.0,0.0,,,,2.668,,,0.0,1.2,,,,,,,,,,,0.0,0.6,0.0,,,28.5,2216.6,,,,,,
zucchini,Zucchini,5,0.9020265936851501,137.8,19.788,,0.9600000000000002,17.459999999999997,,5.4719999999999995,17.2,0.9164000000000001,0.0,0.0,,3.304,25.2,1.5533333333333335,0.2,17.360000000000003,0.10880000000000001,0.10700000000000001,1.0138,0.367,0.11040000000000001,26.6,0.064,25.96666666666667,,9.4,,66.2,1.15,22.6,87.2,292.6,307.4,0.5780000000000001,0.071,,0.196,,3.2400000000000007
zucchini_flower,Zucchini Flower,5,0.8586373329162598,92.0,13.616,,1.0,10.510000000000002,,3.56,9.4,0.6534,0.0,0.0,,1.35,15.0,1.3800000000000001,0.075,8.933333333333334,0.0485,0.156,0.5185,,0.0815,20.5,0.06,20.8,,9.6,,30.4,0.508,11.0,72.0,206.0,333.0,0.28,0.0365,,,,2.3000000000000003
